/*
SQLyog Community v12.4.3 (64 bit)
MySQL - 10.1.25-MariaDB : Database - db_academic
*********************************************************************
*/

/*!40101 SET NAMES utf8 */;

/*!40101 SET SQL_MODE=''*/;

/*!40014 SET @OLD_UNIQUE_CHECKS=@@UNIQUE_CHECKS, UNIQUE_CHECKS=0 */;
/*!40014 SET @OLD_FOREIGN_KEY_CHECKS=@@FOREIGN_KEY_CHECKS, FOREIGN_KEY_CHECKS=0 */;
/*!40101 SET @OLD_SQL_MODE=@@SQL_MODE, SQL_MODE='NO_AUTO_VALUE_ON_ZERO' */;
/*!40111 SET @OLD_SQL_NOTES=@@SQL_NOTES, SQL_NOTES=0 */;
CREATE DATABASE /*!32312 IF NOT EXISTS*/`db_academic` /*!40100 DEFAULT CHARACTER SET latin1 */;

USE `db_academic`;

/*Table structure for table `academic_years` */

DROP TABLE IF EXISTS `academic_years`;

CREATE TABLE `academic_years` (
  `ID` int(11) NOT NULL AUTO_INCREMENT,
  `SemesterID` int(11) NOT NULL,
  `krsStart` date DEFAULT NULL,
  `krsEnd` date DEFAULT NULL,
  `bayarStart` date DEFAULT NULL,
  `bayarEnd` date DEFAULT NULL,
  `kuliahStart` date DEFAULT NULL,
  `kuliahEnd` date DEFAULT NULL,
  `utsStart` date DEFAULT NULL,
  `utsEnd` date DEFAULT NULL,
  `utsInputNilaiStart` date DEFAULT NULL,
  `utsInputNilaiEnd` date DEFAULT NULL,
  `showNilaiUts` date DEFAULT NULL,
  `uasStart` date DEFAULT NULL,
  `uasEnd` date DEFAULT NULL,
  `uasInputNilaiStart` date DEFAULT NULL,
  `uasInputNilaiEnd` date DEFAULT NULL,
  `showNilaiUas` date DEFAULT NULL,
  `edomStart` date DEFAULT NULL,
  `edomEnd` date DEFAULT NULL,
  PRIMARY KEY (`ID`)
) ENGINE=InnoDB AUTO_INCREMENT=10 DEFAULT CHARSET=latin1;

/*Data for the table `academic_years` */

insert  into `academic_years`(`ID`,`SemesterID`,`krsStart`,`krsEnd`,`bayarStart`,`bayarEnd`,`kuliahStart`,`kuliahEnd`,`utsStart`,`utsEnd`,`utsInputNilaiStart`,`utsInputNilaiEnd`,`showNilaiUts`,`uasStart`,`uasEnd`,`uasInputNilaiStart`,`uasInputNilaiEnd`,`showNilaiUas`,`edomStart`,`edomEnd`) values 
(1,3,'0000-00-00','0000-00-00','0000-00-00','0000-00-00','0000-00-00','0000-00-00','0000-00-00','0000-00-00','0000-00-00','0000-00-00','2018-03-16','0000-00-00','0000-00-00','0000-00-00','0000-00-00','0000-00-00','0000-00-00','0000-00-00'),
(2,4,NULL,NULL,NULL,NULL,NULL,NULL,NULL,NULL,NULL,NULL,NULL,NULL,NULL,NULL,NULL,NULL,NULL,NULL),
(3,5,NULL,NULL,NULL,NULL,NULL,NULL,NULL,NULL,NULL,NULL,NULL,NULL,NULL,NULL,NULL,NULL,NULL,NULL),
(4,6,NULL,NULL,NULL,NULL,NULL,NULL,NULL,NULL,NULL,NULL,NULL,NULL,NULL,NULL,NULL,NULL,NULL,NULL),
(5,7,NULL,NULL,NULL,NULL,NULL,NULL,NULL,NULL,NULL,NULL,NULL,NULL,NULL,NULL,NULL,NULL,NULL,NULL),
(6,8,NULL,NULL,NULL,NULL,NULL,NULL,NULL,NULL,NULL,NULL,NULL,NULL,NULL,NULL,NULL,NULL,NULL,NULL),
(7,11,'2018-01-25','2018-01-31','0000-00-00','0000-00-00','0000-00-00','0000-00-00','0000-00-00','0000-00-00','0000-00-00','0000-00-00','0000-00-00','0000-00-00','0000-00-00','0000-00-00','0000-00-00','0000-00-00','0000-00-00','0000-00-00'),
(8,12,NULL,NULL,NULL,NULL,NULL,NULL,NULL,NULL,NULL,NULL,NULL,NULL,NULL,NULL,NULL,NULL,NULL,NULL),
(9,13,'2018-03-10','2018-03-17','2018-04-01','2018-04-04','2018-03-11','2018-09-01','2018-05-01','2018-05-19','2018-05-20','2018-05-31','2018-06-01','2018-05-02','2018-05-19','2018-05-20','2018-05-26','2018-05-20','2018-04-30','2018-05-08');

/*Table structure for table `academic_years_desc` */

DROP TABLE IF EXISTS `academic_years_desc`;

CREATE TABLE `academic_years_desc` (
  `ID` int(11) NOT NULL AUTO_INCREMENT,
  `Description` varchar(200) NOT NULL,
  PRIMARY KEY (`ID`)
) ENGINE=InnoDB AUTO_INCREMENT=11 DEFAULT CHARSET=latin1;

/*Data for the table `academic_years_desc` */

insert  into `academic_years_desc`(`ID`,`Description`) values 
(1,'KRS'),
(2,'Bayar'),
(3,'Kuliah'),
(4,'UTS'),
(5,'Input Nilai UTS'),
(6,'Show Nilai UTS'),
(7,'UAS'),
(8,'Input Nilai UAS'),
(9,'Show Nilai UAS'),
(10,'Edom');

/*Table structure for table `academic_years_special_case` */

DROP TABLE IF EXISTS `academic_years_special_case`;

CREATE TABLE `academic_years_special_case` (
  `ID` int(11) NOT NULL AUTO_INCREMENT,
  `SemesterID` int(11) NOT NULL,
  `AcademicDescID` int(11) NOT NULL,
  `Start` date DEFAULT NULL,
  `End` date DEFAULT NULL,
  PRIMARY KEY (`ID`)
) ENGINE=InnoDB DEFAULT CHARSET=latin1;

/*Data for the table `academic_years_special_case` */

/*Table structure for table `auth_students` */

DROP TABLE IF EXISTS `auth_students`;

CREATE TABLE `auth_students` (
  `ID` int(11) NOT NULL AUTO_INCREMENT,
  `NPM` varchar(20) DEFAULT NULL,
  `Password` varchar(255) DEFAULT NULL,
  `Year` int(11) DEFAULT NULL,
  `EmailPU` varchar(200) DEFAULT NULL,
  `StatusStudentID` int(11) DEFAULT NULL,
  `Status` enum('0','1') DEFAULT NULL,
  `LastLogin` datetime DEFAULT NULL,
  PRIMARY KEY (`ID`)
) ENGINE=InnoDB AUTO_INCREMENT=521 DEFAULT CHARSET=latin1;

/*Data for the table `auth_students` */

insert  into `auth_students`(`ID`,`NPM`,`Password`,`Year`,`EmailPU`,`StatusStudentID`,`Status`,`LastLogin`) values 
(1,'22140013','f90159c3f06e086493ea780ec4343042d2153bdf',2014,'ghina.mardiana@podomorouniversity.ac.id',3,'0',NULL),
(2,'22140012','77959f6304d3d696d9ec0799e6ad225780ffb416',2014,'christian.winata@podomorouniversity.ac.id',3,'0',NULL),
(3,'22140011','ad88ce0a32c3ea8e8c16dce43517b3e53acadc99',2014,'zevinsca.jodie@podomorouniversity.ac.id',3,'0',NULL),
(4,'22140001','2826af640321e2a57602effa36938909ef9f9215',2014,'teuku.ponda@podomorouniversity.ac.id',3,'0',NULL),
(5,'22140002','ba37aadd0af0a7e133a759b95fb307c3f86ffd29',2014,'arditya.salim@podomorouniversity.ac.id',3,'0',NULL),
(6,'22140004','ae029293c8a63e49425e11ad5e24a9ef9553735c',2014,'erick.sitorus@podomorouniversity.ac.id',3,'0',NULL),
(7,'22140005','568bae79214c089774b1a656e991211aaea2a861',2014,'nico.djunaedi@podomorouniversity.ac.id',3,'0',NULL),
(8,'22140018','fa17b8b89509b7336aad41d1ca9054b6d11868fb',2014,'winston.oetomo@podomorouniversity.ac.id',3,'0',NULL),
(9,'31140006','34d354b7f9ecd6d38e536b0c5b0d04f7e998dc19',2014,'hans.ardinata@podomorouniversity.ac.id',3,'0',NULL),
(10,'21140023','2e78a1a633f39d6e4ef9de412f8e658fa569b955',2014,'yogi.siwi@podomorouniversity.ac.id',3,'0',NULL),
(11,'12140008','38efaf6abc3d6f15a8edcc9b7c4df6de87d3ffa5',2014,'stella.hartoyo@podomorouniversity.ac.id',3,'0',NULL),
(12,'12140013','1b2ffb79e1b535395e43cd503e0e1eeba0262228',2014,'siti.masyitoh@podomorouniversity.ac.id',3,'0',NULL),
(13,'12140011','a599129fa7b165d78a7748eac73ce43763847331',2014,'dinda.aprillia@podomorouniversity.ac.id',3,'0',NULL),
(14,'12140007','8c838dfe5a47af91d6633636d41fb53da5518088',2014,'christina.susanto@podomorouniversity.ac.id',3,'0',NULL),
(15,'31140005','04ccaa8c1978154c2c83ecec11dbccb296679572',2014,'eric.chandra@podomorouniversity.ac.id',3,'0',NULL),
(16,'31140004','71857ac67c443fbf6f481a6aff69959c6ae6cd3e',2014,'bella.wijaya@podomorouniversity.ac.id',3,'0',NULL),
(17,'31140003','43204a168e3a2ba47370b471459ca21521f0522c',2014,'tania.tanureja@podomorouniversity.ac.id',3,'0',NULL),
(18,'31140002','4fce6aa70d05ee37ccf18c98e0a9f6df3d2a298c',2014,'yunnie.angellica@podomorouniversity.ac.id',3,'0',NULL),
(19,'31140001','25b65b5d0b1d29be336e56abdf5f309538d7db8f',2014,'mintrafi@podomorouniversity.ac.id',3,'0',NULL),
(20,'21140017','62446a1764761f4b53603ee65e5cc3b793223d2a',2014,'muhammad.fahreza@podomorouniversity.ac.id',3,'0',NULL),
(21,'11140022','c0029098cb658b87426411b95ae58b78d5d1939e',2014,'andre.wijaya@podomorouniversity.ac.id',3,'0',NULL),
(22,'11140015','072275b6af13af72edf0f3aa95126ec51ef96ee7',2014,'cindy.laurencia@podomorouniversity.ac.id',3,'0',NULL),
(23,'11140014','53fe9018ab593743ce2cdf12a045f5cc81dee2b0',2014,'fiona.jusuf@podomorouniversity.ac.id',3,'0',NULL),
(24,'11140013','864c6863cf8b219e4fc3239ba430517cd17949d5',2014,'raula.nadeem@podomorouniversity.ac.id',3,'0',NULL),
(25,'11140020','8d0a5246a2d1c22dfa3782846ce380686308551f',2014,'richard.owada@podomorouniversity.ac.id',3,'0',NULL),
(26,'21140012','7377338a6a2a96b4e1aa897b9fd536bd3f26dbab',2014,'stevi.ricardy@podomorouniversity.ac.id',3,'0',NULL),
(27,'21140011','22bdf27d78d5ff81fd531b7c3b20c015aa97077a',2014,'selina.elma@podomorouniversity.ac.id',3,'0',NULL),
(28,'11140030','4c215020d6708039300ddfb009a8018975974f2a',2014,'rafael.valentino@podomorouniversity.ac.id',3,'0',NULL),
(29,'12140001','81e7b6257afe9fb098d57548d05852f1e9bbed40',2014,'dewinta.latif@podomorouniversity.ac.id',3,'0',NULL),
(30,'12140002','e7b98ddbe5752bddf5bd8ae46ea452ed97d3cb5e',2014,'eka.fitriana@podomorouniversity.ac.id',3,'0',NULL),
(31,'21140010','21ec77a8944322d4f20cd6184b3e10698b206d60',2014,'kelvin.paulus@podomorouniversity.ac.id',3,'0',NULL),
(32,'12140003','116cebb78143216ad9b56f6d94b9bcb5db62a435',2014,'jennifer.supit@podomorouniversity.ac.id',3,'0',NULL),
(33,'12140009','8ef3f28fca9e2e9c8f802241994803672b38cc29',2014,'farida.hanifah@podomorouniversity.ac.id',3,'0',NULL),
(34,'21140008','0737d86d6f2a9b32bf086fdabc047ef92205e9fe',2014,'hanna.corie@podomorouniversity.ac.id',3,'0',NULL),
(35,'21140007','b349824c2a6d94746c60cc1d066062660961ec7a',2014,'teuku.reza@podomorouniversity.ac.id',3,'0',NULL),
(36,'21140006','e8db6d9bd7f88de4ff304a38d725ac5b49d9f640',2014,'grace.widjaja@podomorouniversity.ac.id',3,'0',NULL),
(37,'21140004','04c823be7293adc15e8bbfeff2f31b780d7b3825',2014,'georgius.riandra@podomorouniversity.ac.id',3,'0',NULL),
(38,'21140001','1772c4d674d7b66860163685350e078ea3157c01',2014,'stanley.paisan@podomorouniversity.ac.id',3,'0',NULL),
(39,'12140010','058afd97e165097c3be839723aa15c52c20a55e3',2014,'febry.mardiani@podomorouniversity.ac.id',3,'0',NULL),
(40,'12140015','c32828b5b8cedf995fbe388767ac10babfc78912',2014,'iwan.wirawardhana@podomorouniversity.ac.id',3,'0',NULL),
(41,'12140004','1842d43eef8066fd6ab84cc7ba10f98dc3a6a21f',2014,'henny.stevany@podomorouniversity.ac.id',3,'0',NULL),
(42,'11140018','7dec138142dd7598e24d9f8b40e912fa160bacab',2014,'renitha.chandra@podomorouniversity.ac.id',3,'0',NULL),
(43,'31140013','97556da79be4a2bbac301ea5521e18808f983578',2014,'miranti.aprilia@podomorouniversity.ac.id',3,'0',NULL),
(44,'31140011','48f9ab3b5aa32dca1e7f45ac05a2289c24050cee',2014,'akhmad.pangestu@podomorouniversity.ac.id',3,'0',NULL),
(45,'31140009','4e5759ddffdd42537faf067b8b9e5875b1928c7f',2014,'thomas.ardwiyanto@podomorouniversity.ac.id',3,'0',NULL),
(46,'31140010','ae8b84938931cd2dd7d1be9d74d57b42d9709095',2014,'tomy.baharsyah@podomorouniversity.ac.id',3,'0',NULL),
(47,'31140012','3c8e1bc852333e6fed38337350db8fa1e98e524a',2014,'alexander.kennedy@podomorouniversity.ac.id',3,'0',NULL),
(48,'31140014','8decf4d999d7e91ca72e4bb848a7f1595b09efa0',2014,'agung.laksono@podomorouniversity.ac.id',3,'0',NULL),
(49,'31140027','6a71e9327e58bd9ffc62803bf90daca2090d2175',2014,'faiz.habibi@podomorouniversity.ac.id',3,'0',NULL),
(50,'31140025','649675ce445aab75c37a980dff5798a95304c187',2014,'jeremia.ricard@podomorouniversity.ac.id',3,'0',NULL),
(51,'31140022','71f8353dfc79f0a2cca58d75039932b27bb65b39',2014,'fransisca.salusu@podomorouniversity.ac.id',3,'0',NULL),
(52,'31140037','1254fcb56f31222b686b1b817e777cfdefcd7e45',2014,'fernandri.setiawan@podomorouniversity.ac.id',3,'0',NULL),
(53,'31140015','3556595b22426db0ee856ea6430a5f437dfcad60',2014,'lourine.sutono@podomorouniversity.ac.id',3,'0',NULL),
(54,'31140016','c70cd87927dded417e9aa4d67fd684525dbbb776',2014,'adrianus.tjahaja@podomorouniversity.ac.id',3,'0',NULL),
(55,'31140017','207b6c2c7ac15e0f4c5943d77fb0bed374d793ed',2014,'balqis.hamid@podomorouniversity.ac.id',3,'0',NULL),
(56,'31140019','b96f1e215df6560a42bc1e01dc2eba9d2958c8be',2014,'kenny.marceline@podomorouniversity.ac.id',3,'0',NULL),
(57,'31140020','e2e167b34c9ffae978d135f4ff017f4cc1861db5',2014,'brenda.tan@podomorouniversity.ac.id',3,'0',NULL),
(58,'31140021','ba3cbc287bd47f6248d7a79f5a048d37f7ea4516',2014,'marsha.amelia@podomorouniversity.ac.id',3,'0',NULL),
(59,'11140019','8af3a73c00a29671bf9787e9b91052904b07e7cf',2014,'neysa.ali@podomorouniversity.ac.id',3,'0',NULL),
(60,'11140021','2b69c1f3002072c035201a2f474951499d9a1662',2014,'ailin.nicole@podomorouniversity.ac.id',3,'0',NULL),
(61,'11140012','0a47300ab6b36bac16ab4943f2c3a2aa55124e6c',2014,'marilyn.lukmantara@podomorouniversity.ac.id',3,'0',NULL),
(62,'11140035','e3144409b93b6944c21f11fa8af031bd08264b42',2014,'jessica.syella@podomorouniversity.ac.id',3,'0',NULL),
(63,'11140025','681ce3ccb251592ecdca98d3c1288bab877f2b6a',2014,'lius.kemilau@podomorouniversity.ac.id',3,'0',NULL),
(64,'11140023','c577867b39ded77c5a8a9a168d03418d8ce834b8',2014,'brian.dago@podomorouniversity.ac.id',3,'0',NULL),
(65,'11140038','a02ea4d19de02f31ab763770509015debd24f8d4',2014,'abigail.wisjnu@podomorouniversity.ac.id',3,'0',NULL),
(66,'11140036','5a13773f94d020b4d62d9caffc9f48ad0585340e',2014,'nadya.perwitasari@podomorouniversity.ac.id',3,'0',NULL),
(67,'11140006','1db3ca9bfdf3df2ebfc02b8d8652e9f098b76bc9',2014,'andika.samudra@podomorouniversity.ac.id',3,'0',NULL),
(68,'11140031','157a0a7cd8de7186cff0d9f32834ac86aae653db',2014,'muhammad.jusup@podomorouniversity.ac.id',3,'0',NULL),
(69,'11140009','3a16587cab60aeb920ac953d7489f847fef3f250',2014,'agnes.monica@podomorouniversity.ac.id',3,'0',NULL),
(70,'11140010','a95fa87bf1e10f17ae38cf02c67878231905bc9e',2014,'fandy.pratama@podomorouniversity.ac.id',3,'0',NULL),
(71,'11140008','38c6f0d758b6c5748e0ba8f8be283667cb8cc174',2014,'reynaldi@podomorouniversity.ac.id',3,'0',NULL),
(72,'11140007','fd9c773896c39cd0150f6a8035b6e7ee9aa52712',2014,'james.wijaya@podomorouniversity.ac.id',3,'0',NULL),
(73,'11140005','57178f8a57dd1c8b1c084a339c433d3569989c44',2014,'priscilla.amelia@podomorouniversity.ac.id',3,'0',NULL),
(74,'11140032','89d05095b93f90d70d10137a57ef4af46339719c',2014,'mia.azhiemy@podomorouniversity.ac.id',3,'0',NULL),
(75,'11140024','db7dcd0288e6503c532c50b435c24da6c24ae083',2014,'michael@podomorouniversity.ac.id',3,'0',NULL),
(76,'22140007','01d4577ac052fea33b158aac5e176352ed69aea5',2014,'afif.pratama@podomorouniversity.ac.id',3,'0',NULL),
(77,'21140014','caff2ba65ff2c7953aacef5f552a4829de054c9a',2014,'jeremia.harjianto@podomorouniversity.ac.id',3,'0',NULL),
(78,'22140008','1c3a5b4592ee5a60b2c05bee06697d33921fb087',2014,'acinia.nindartin@podomorouniversity.ac.id',3,'0',NULL),
(79,'22140006','567af9d1c8e0122b88cb7c826f511af916b11b65',2014,'joshua.hasian@podomorouniversity.ac.id',3,'0',NULL),
(80,'22140009','5a9756d8f765e60ca1bea08b42861ecd3c2e76ea',2014,'salim.trifanjaya@podomorouniversity.ac.id',3,'0',NULL),
(81,'22140010','f57953b2889e4139a546fdf6ba4da21eda1d219a',2014,'aggam.rifat@podomorouniversity.ac.id',3,'0',NULL),
(174,'11150010','d7eb4e653a7174636b9f598fa490832c7098f94c',2015,'leonardo.thedra@podomorouniversity.ac.id',3,'0',NULL),
(175,'22150008','2cdbf46abd8c54eee6b0354eef14fbc3e0c62aa2',2015,'sherrin.haryanti@podomorouniversity.ac.id',3,'0',NULL),
(176,'22150006','122ad724882f2475e9599f2f923435fe3b55cbad',2015,'erinna.aileen@podomorouniversity.ac.id',3,'0',NULL),
(177,'11150009','144f60594f94f1941c49738b1e675c33c9ee1eba',2015,'kelvin.kelvin@podomorouniversity.ac.id',3,'0',NULL),
(178,'22150002','a393423014bf8c7d57fd12e15747bb54d541d625',2015,'YOSIA.HARYANTO@podomorouniversity.ac.id',3,'0',NULL),
(179,'22150003','92f5e6833369afb289520a1dfb5b647e453aad91',2015,'steven.wijaya2@podomorouniversity.ac.id',3,'0',NULL),
(180,'22150004','83d118c1ce7297eb357cec7f58523a4c93df7e64',2015,'grace.yosephine@podomorouniversity.ac.id',3,'0',NULL),
(181,'22150005','863826ce35fcee9b8f910895e04efd5f714385c0',2015,'nicolas.hasiando@podomorouniversity.ac.id',3,'0',NULL),
(182,'11150005','c431cd29fefaf5a7443ce8ac8e25d22a95e7cef0',2015,'devin.christopher@podomorouniversity.ac.id',3,'0',NULL),
(183,'11150025','cd465cd32353dc9cfdf3b124a78632c6dcea9225',2015,'franscisco.kevin@podomorouniversity.ac.id',3,'0',NULL),
(184,'11150004','e3d1f2273b366da308c62f21bae2f170a284f31a',2015,'maria.sofia@podomorouniversity.ac.id',3,'0',NULL),
(185,'41150007','65f830e0233ff115d2faacc52e3a66630b0537e1',2015,'ario.suhada@podomorouniversity.ac.id',3,'0',NULL),
(186,'22150007','1bbf4a5780113720b22ae3695fcafc3bb445378b',2015,'nadya.dwivania@podomorouniversity.ac.id',3,'0',NULL),
(187,'11150001','e9b21c67edcb24441bafd8b4ca948e5b400d2e9c',2015,'jimmy@podomorouniversity.ac.id',3,'0',NULL),
(188,'22150001','fa10f2131fc5096d73e9d11bf850f0946cfcd06b',2015,'steven.wijaya1@podomorouniversity.ac.id',3,'0',NULL),
(189,'11150012','ef9fb45cb5a7462be65fa51a961680b94bc62f2e',2015,'ivan.darrick@podomorouniversity.ac.id',3,'0',NULL),
(190,'22150014','eb8770ed83874c64d71b71bcb62ac96fe95f7609',2015,'yos.hadi@podomorouniversity.ac.id',3,'0',NULL),
(191,'11150013','45f657023bf21165b065f27bf6882caf5d829949',2015,'novia@podomorouniversity.ac.id',3,'0',NULL),
(192,'11150007','d28e4661eb7033c7887f6959cdb4dede4e670ca1',2015,'andre.wijaya15@podomorouniversity.ac.id',3,'0',NULL),
(193,'11150015','fe82aabff76c24f17b662caef2c7eaa4f42c0c5e',2015,'wilson@podomorouniversity.ac.id',3,'0',NULL),
(194,'11150016','8c7a009954cad4206e87a87d57db7c2e10ee824c',2015,'herdiman.indra@podomorouniversity.ac.id',3,'0',NULL),
(195,'11150017','06d79a27bf9ac9335e2dbfc53141a8bb40fde8f7',2015,'khansis.wellesley@podomorouniversity.ac.id',3,'0',NULL),
(196,'11150037','f352481bf7908bf85310adca8a32ec42f0bafcac',2015,'aditya.tan@podomorouniversity.ac.id',3,'0',NULL),
(197,'11150024','485eed82b52574a3838e65e7fcc4bd196079c7e9',2015,'alvindo.oktobriando@podomorouniversity.ac.id',3,'0',NULL),
(198,'11150026','58273a6dc58260f6bc22d4f35c0e2377bd802e8d',2015,'jaeysen.kanily@podomorouniversity.ac.id',3,'0',NULL),
(199,'11150027','11f863e65ee249b82a1ad1775d8a6fdeb35e87a4',2015,'richard.andario@podomorouniversity.ac.id',3,'0',NULL),
(200,'11150028','0830490d735e1db297af5f587b5ba8e622633970',2015,'darius.prayoga@podomorouniversity.ac.id',3,'0',NULL),
(201,'11150029','8f80a1a40d82d717afa59dda6e4687413fc6b3bb',2015,'muhammad.resaldi@podomorouniversity.ac.id',3,'0',NULL),
(202,'11150003','18d2d72d91e040c28f306f5be51439c727606fd0',2015,'aldo.ginola@podomorouniversity.ac.id',3,'0',NULL),
(203,'11150022','0241a28d27f4e97daf405c24befdb6c2bdd59d73',2015,'kevin.hutama@podomorouniversity.ac.id',3,'0',NULL),
(204,'11150034','20c93517f486bae1b3db1d102f87a63736282b81',2015,'cindy.halim@podomorouniversity.ac.id',3,'0',NULL),
(205,'11150035','5f3e62000b7cfb8c2511b3dfe96131e58a6793ee',2015,'aaron.kevin@podomorouniversity.ac.id',3,'0',NULL),
(206,'31150007','38c3dde3b51e9a90c686f070d2d31ec6913bd0d8',2015,'angeline.fransisca@podomorouniversity.ac.id',3,'0',NULL),
(207,'31150008','6529aabcfd35a03b918a1dde9bd4cde824902a50',2015,'feren.lisniawati@podomorouniversity.ac.id',3,'0',NULL),
(208,'31150009','887abdc0e12aafec3c4874dd14375af466d7a600',2015,'josephine@podomorouniversity.ac.id',3,'0',NULL),
(209,'31150010','c1c2ac6a9c085da0ddcef33a6db3a2bd11ad28c7',2015,'gary.lentini@podomorouniversity.ac.id',3,'0',NULL),
(210,'31150017','040e96747f3d60829f9a1894b087b9b76fc599b9',2015,'livia.laura@podomorouniversity.ac.id',3,'0',NULL),
(211,'31150018','d18bea9c705239f807d0217c6591ae31292009b5',2015,'jenny.lia@podomorouniversity.ac.id',3,'0',NULL),
(212,'31150019','2f95e0485a333c954a24629c9055dd43058cfe65',2015,'johan.hardjana@podomorouniversity.ac.id',3,'0',NULL),
(213,'31150020','58454f206e0f9639785165abae229782220b2b86',2015,'felicia.wijaya@podomorouniversity.ac.id',3,'0',NULL),
(214,'31150021','8286282668ee5314a7d1463246b98d5fc72cb773',2015,'geraldy.surya@podomorouniversity.ac.id',3,'0',NULL),
(215,'31150022','4279696b55ad63f00ee20941205297b02d785706',2015,'felicia.rachael@podomorouniversity.ac.id',3,'0',NULL),
(216,'31150023','98907a04b08bc3b7ec1e0870e88ca61024178bcb',2015,'juliana@podomorouniversity.ac.id',3,'0',NULL),
(217,'31150025','e2b392f59353185cb4228a5fcfe676f2594c8799',2015,'carina.lim@podomorouniversity.ac.id',3,'0',NULL),
(218,'31150032','2a085f21eb659ef3afa6a808106c9dbd80fee2f5',2015,'gary.johan@podomorouniversity.ac.id',3,'0',NULL),
(219,'31150033','cc72d413ef7a4cc5514560176afce070c5515c47',2015,'ria.thalia@podomorouniversity.ac.id',3,'0',NULL),
(220,'31150034','7233716442ac10cf373da1043d880b1202921ceb',2015,'sherly.agnes@podomorouniversity.ac.id',3,'0',NULL),
(221,'31150035','f74992a9a7098701cf5dfd8cf8c549d724e31fba',2015,'sabrina.agnes@podomorouniversity.ac.id',3,'0',NULL),
(222,'31150036','83b3db637dc52812b05f887699e7ed9448039c94',2015,'dannia.avanty@podomorouniversity.ac.id',3,'0',NULL),
(223,'31150037','95b3ae6aefa615f726d31a7517951fc8b1b72e3a',2015,'kenrick.gunawan@podomorouniversity.ac.id',3,'0',NULL),
(224,'31150038','8d4b876b3fd342793ad9909b14e575aec6e4fb1b',2015,'kania.adhisty@podomorouniversity.ac.id',3,'0',NULL),
(225,'31150040','2629b9b42834f9b44ef5ad4f891a1e9794ccd673',2015,'rikanitasari@podomorouniversity.ac.id',3,'0',NULL),
(226,'31150041','c9625845260982826c4f95ef0f0d5f8ba071aa39',2015,'novela.sunjan@podomorouniversity.ac.id',3,'0',NULL),
(227,'31150042','4d735f855b9fac4b933ae587b862a03e3c2984bf',2015,'natalia.macyana@podomorouniversity.ac.id',3,'0',NULL),
(228,'31150043','a17e9b6dc0782c45c5851ebbf6fe6c60c29637c7',2015,'jennifer.gisela@podomorouniversity.ac.id',3,'0',NULL),
(229,'31150045','8bb0a514c5e178c64d1b87b856ea0465ec84fcc2',2015,'jane.wilbert@podomorouniversity.ac.id',3,'0',NULL),
(230,'31150047','30c942562d8b9841cdad483f856a300cbe76bf43',2015,'albert1@podomorouniversity.ac.id--',3,'0',NULL),
(231,'31150048','8a9fc7696545cf7ebddc72c9c1cb43381094d581',2015,'ricky.anderson@podomorouniversity.ac.id',3,'0',NULL),
(232,'31150049','94d6512f9c0d37f87626959c37087c2e278df3ec',2015,'nilufur.barnett@podomorouniversity.ac.id',3,'0',NULL),
(233,'31150050','86ff6dd034567ff27f7e59563d926e1811a3d311',2015,'agnes.giovany@podomorouniversity.ac.id',3,'0',NULL),
(234,'31150057','33dd281646ce79ba3eb8b73465cb2fcc74a2549e',2015,'angelica.juventia@podomorouniversity.ac.id',3,'0',NULL),
(235,'31150058','b472e261f89e1cb7039e35259c159ea60187de66',2015,'yosua.chandra@podomorouniversity.ac.id',3,'0',NULL),
(236,'31150059','0b637d3fa28273aa8c91403b081b13fd7d6c6d49',2015,'gishella.claudia@podomorouniversity.ac.id',3,'0',NULL),
(237,'31150060','728a31e8531377f60fd44270ed6502510d8f82a9',2015,'willzen.yinsenso@podomorouniversity.ac.id',3,'0',NULL),
(238,'31150061','d00c5bff7dc7000931e3985cbefc837f8e17d395',2015,'antonius.wibawa@podomorouniversity.ac.id',3,'0',NULL),
(239,'31150062','0018f17db54e44170696b4486a3a38127604b0c4',2015,'rika.mandasari@podomorouniversity.ac.id',3,'0',NULL),
(240,'31150063','e4f876dc59557aef4624180823ce11eb68d28e2e',2015,'geraldi.putranto@podomorouniversity.ac.id',3,'0',NULL),
(241,'31150065','b84781a5be7ebdc499499f193e4ce664515f26cf',2015,'valencia.putri@podomorouniversity.ac.id',3,'0',NULL),
(242,'31150066','a7625193392cdf8a7a1768194cc8954df076f638',2015,'enzie.gunthoro@podomorouniversity.ac.id',3,'0',NULL),
(243,'31150067','e0c96afa06e324248b5d01375fc6c63c17683b1f',2015,'wina@podomorouniversity.ac.id',3,'0',NULL),
(244,'31150068','1cea6f0a0559c5ce962def9d72fd360e73cd2b22',2015,'rekha.novia@podomorouniversity.ac.id',3,'0',NULL),
(245,'31150069','5346889e9d7a55fffcfd8289197ce319b6c79be5',2015,'harley.hanindhito@podomorouniversity.ac.id',3,'0',NULL),
(246,'31150070','862ea7907bc0b600691378a8029691aaaffaaf93',2015,'selly.marsellina@podomorouniversity.ac.id',3,'0',NULL),
(247,'31150072','b8ffdc6da3e94facdbc9078a03e8bc041eabb948',2015,'nanda.karina@podomorouniversity.ac.id',3,'0',NULL),
(248,'31150073','5c57497241e254a57a777f704e51b3fa91689a68',2015,'audrey.karenina@podomorouniversity.ac.id',3,'0',NULL),
(249,'31150074','844975adc797d3749f848a98e51f717500d1cecb',2015,'jason.yohatha@podomorouniversity.ac.id',3,'0',NULL),
(250,'31150075','ac9c1613bba068d34759f7f100927f7172b9cc6e',2015,'revan.lamora@podomorouniversity.ac.id',3,'0',NULL),
(251,'31150076','7ec0884da1b4d3f3ab4f96571a9cc40d96b73ebf',2015,'aaron.sebastian@podomorouniversity.ac.id',3,'0',NULL),
(252,'21150007','fecc2b0fc98d6c65963d83571eae7863d372fc76',2015,'maggie.gunawan@podomorouniversity.ac.id',3,'0',NULL),
(253,'21150008','9fe6471ef97e6b9dab65ddabe91c4e619e4798ef',2015,'michael.bowijaya@podomorouniversity.ac.id',3,'0',NULL),
(254,'21150015','9b6b686ad292eb339ed3a36f97b62c79ee179b7f',2015,'evan.raynaldo@podomorouniversity.ac.id',3,'0',NULL),
(255,'21150020','34cf5b54aefd1cc2db7311fe08260cb0479e9e11',2015,'angelia.suryanti@podomorouniversity.ac.id',3,'0',NULL),
(256,'21150022','b2148fea6b06b09e124b2b8a1bd02e671fc24954',2015,'malcolm.david@podomorouniversity.ac.id',3,'0',NULL),
(257,'21150045','1a54147662ea09a0d74c28177ca5a2f4a73ec16c',2015,'michael.goenardy@podomorouniversity.ac.id',3,'0',NULL),
(258,'21150042','96b64a42f85dacbe961e8509ccb23c16a6a7955a',2015,'sophia.sambara@podomorouniversity.ac.id',3,'0',NULL),
(259,'11150036','c2936b4522c135d481b0d2d8448762e7cf0c5beb',2015,'aaron.margetan@podomorouniversity.ac.id',3,'0',NULL),
(260,'41150008','d4eeb833c26ecc15107a643fb77f6bbafdbe05ff',2015,'rudi.pisteo@podomorouniversity.ac.id',3,'0',NULL),
(261,'41150010','c166e9f173580c99e385718d9d8ffb81daccc9e8',2015,'elita.tirta@podomorouniversity.ac.id',3,'0',NULL),
(262,'41150004','621b9ed665601ef6760dcd69675d495faabcf1d5',2015,'argysan.taruna@podomorouniversity.ac.id',3,'0',NULL),
(263,'41150002','0bc5d05c053110d31287b738035045947b0d2097',2015,'cindy.yolanda@podomorouniversity.ac.id',3,'0',NULL),
(264,'41150006','4db316a3ae18c552c6bac9f9fca23f77795a53b9',2015,'kenny.wangestu@podomorouniversity.ac.id',3,'0',NULL),
(265,'21150027','7cc9ccffb41d86f9f590897cd0ea6a9f88f72417',2015,'albert1@podomorouniversity.ac.id---',3,'0',NULL),
(266,'41150005','e6527c65a09dae5d4700d191d93a892a01e559ad',2015,'rini.driyani@podomorouniversity.ac.id',3,'0',NULL),
(267,'41150001','355f19e708abb4dce2644390e54823f7df77570b',2015,'marcell.anggara@podomorouniversity.ac.id',3,'0',NULL),
(268,'11150006','3bbf710f5c78a9eb1bfd66e115b92d4732633d02',2015,'samuel.hansen@podomorouniversity.ac.id',3,'0',NULL),
(269,'11150008','c14fc3e517d4cdec041d4ee956e6733f6e081a3e',2015,'karen@podomorouniversity.ac.id',3,'0',NULL),
(270,'11150018','d0805d0ffdb172426423b71f3f61392f28deec87',2015,'meta.anggriani@podomorouniversity.ac.id',3,'0',NULL),
(271,'11150011','d947410bf896218ef77879d9ecd96d3b5b0e43e8',2015,'angelia.rinaldi@podomorouniversity.ac.id',3,'0',NULL),
(272,'11150032','53a2f60e9b04083f989b68c169cb24e1e34de23f',2015,'kevin.kusnandi@podomorouniversity.ac.id    kevinkusnadi9@gmail.com',3,'0',NULL),
(273,'11150030','fce2ad0df201cf058b6c5afb4c85d23e7b45d76a',2015,'kristy.rachmawati@podomorouniversity.ac.id',3,'0',NULL),
(274,'11150023','77593e5e79c609515bb1be97be49f1aa03f874d0',2015,'neviree.andara@podomorouniversity.ac.id',3,'0',NULL),
(275,'11150021','3034c06b7071f7345e4e939e93387529ddea8565',2015,'aaron.philbert@podomorouniversity.ac.id',3,'0',NULL),
(276,'11150020','eb4e426e87e5fcee5f864ad7436c1b1a4915a5f7',2015,'rudy.sandy@podomorouniversity.ac.id',3,'0',NULL),
(277,'11150019','008b86994e6a3e00471ad0acbbe27ba8a7d5f2f7',2015,'afaf@podomorouniversity.ac.id',3,'0',NULL),
(278,'22150010','ba69219de8be650e0fe11c6a523a66d8e76e2a7b',2015,'ZHAZHA.LITINA@podomorouniversity.ac.id',3,'0',NULL),
(279,'22150011','09f7ee5e07126c7e3d37794ce687b1f27d8d6fdd',2015,'terrence.finsenda@podomorouniversity.ac.id',3,'0',NULL),
(280,'22150013','1cd2fe02db9d44ea117102814c4cc2a5d1062a3a',2015,'antonius.fujiono@podomorouniversity.ac.id',3,'0',NULL),
(281,'22150009','9448041e444df14b31d30f302badb789b87bc543',2015,'steven.jenius@podomorouniversity.ac.id',3,'0',NULL),
(282,'22150012','eef89e04b457fb5cf75b37a7b6ae3df57f795127',2015,'achmad.saldy@podomorouniversity.ac.id',3,'0',NULL),
(283,'21150026','06f80ecb47fc89cdb23ea5df227b7d476249e5fb',2015,'silvia.marchelina@podomorouniversity.ac.id',3,'0',NULL),
(284,'41150011','f3647ab9a924e15735a18092f099c84479732941',2015,'eunice.christina@podomorouniversity.ac.id',3,'0',NULL),
(285,'21150025','ca012a940c32e2e393590939c472529a7b3d48c5',2015,'jetle.chandra@podomorouniversity.ac.id',3,'0',NULL),
(286,'21150024','6ce035d2da8c13b6bb52ed49777bdc3366eea5bf',2015,'renoska.antono@podomorouniversity.ac.id',3,'0',NULL),
(287,'31150001','b9b1b554a76689da5eada1a6a4118d8a8dd6ae94',2015,'nadila.wimona@podomorouniversity.ac.id',3,'0',NULL),
(288,'31150026','625e0c8f11a93a5cc1303171c19e3d2a3010e0b8',2015,'philips.sogo@podomorouniversity.ac.id',3,'0',NULL),
(289,'31150011','2bef9395da12d99582a69159b60313d9ac5a8714',2015,'evelyn.thea@podomorouniversity.ac.id',3,'0',NULL),
(290,'31150051','ecefe410bed09c171711651bd452b74e64260526',2015,'amelia@podomorouniversity.ac.id',3,'0',NULL),
(291,'22150016','26bf34b43e3e225659d9df6eaa865761ccf352c6',2015,'jevica@podomorouniversity.ac.id',3,'0',NULL),
(292,'21150005','505829d59801edf94bdf3d93231e85a0e2cb565a',2015,'jeremia.immanuel@podomorouniversity.ac.id',3,'0',NULL),
(293,'21150004','d106e18f99647b10a50ead4937882b960ddc64bb',2015,'meriska.patricia@podomorouniversity.ac.id',3,'0',NULL),
(294,'21150012','a546949fd42ac3135057172a5d2676206e76e33c',2015,'jeffrans@podomorouniversity.ac.id',3,'0',NULL),
(295,'21150001','ab52cb89a0a655cbf2a3a6f96a373dd0dab5a133',2015,'mohammad.reyhan@podomorouniversity.ac.id',3,'0',NULL),
(296,'21150019','7d51a39ac323f0f4283dc2ad4065fcc10be2c015',2015,'regina.valensia@podomorouniversity.ac.id',3,'0',NULL),
(297,'31150024','9159bf33748135bdb57065e8977d7b9ce51d263c',2015,'lidya.setiawati@podomorouniversity.ac.id',3,'0',NULL),
(298,'31150014','7f1339a72f4b104c4540cb1723da04c30f274c4a',2015,'david.rindo@podomorouniversity.ac.id',3,'0',NULL),
(299,'12150001','8a6f1aef090ca69f828a1505b00faf5702956740',2015,'deoga.prayudha@podomorouniversity.ac.id',3,'0',NULL),
(300,'31150012','1a29c3ee6183fdac14aa76a724e1936cb0aec493',2015,'denny.tirtha@podomorouniversity.ac.id',3,'0',NULL),
(301,'31150003','cabb384dea04ed1384a87394d4fb4364a30798eb',2015,'rudy.lim@podomorouniversity.ac.id',3,'0',NULL),
(302,'31150015','59a9fe0ef90a0e7df0f18c1262ee73d1284419ad',2015,'yuddie@podomorouniversity.ac.id',3,'0',NULL),
(303,'21150010','36031355501f8ae6efb08dade0a3d7549206cdf6',2015,'muhammad.nuril@podomorouniversity.ac.id',3,'0',NULL),
(304,'12150002','fea945c64b8ec71073d2dfa3a2e78ef8aa4e47f2',2015,'chrish.shannan@podomorouniversity.ac.id',3,'0',NULL),
(305,'12150003','a393ce2f699d062c8f5f5b349fd064d957144f61',2015,'michael.michael@podomorouniversity.ac.id',3,'0',NULL),
(306,'31150005','cf111db28a1d7aedd1b9657ed634b3fc37207deb',2015,'theodora@podomorouniversity.ac.id',3,'0',NULL),
(307,'21150009','af688d87141157d62c6fa93270ec11f03c4cb4f2',2015,'fransisca.yongsie@podomorouniversity.ac.id',3,'0',NULL),
(308,'31150016','3190c9e12971b95316384247aed4902a4c862efa',2015,'febryansyah.nindya@podomorouniversity.ac.id',3,'0',NULL),
(309,'31150039','263e6fad3a930a4194144b3b890bf4a774aae9b5',2015,'elisa.chandra@podomorouniversity.ac.id',3,'0',NULL),
(310,'21150011','f2e526a0485556b9e0a80708d0d7e6433dc7d83c',2015,'marisca.tjandra@podomorouniversity.ac.id',3,'0',NULL),
(311,'21150034','0b90b2a7147018a74f45e41e0a95e4f1a5bcc79c',2015,'raden.roro@podomorouniversity.ac.id',3,'0',NULL),
(312,'21150037','3e75d418f1e8ca72841e78662666d3b10a900a61',2015,'ferry.muljono@podomorouniversity.ac.id',3,'0',NULL),
(313,'31150053','762109675342a4d8b4672092101c870a2e9b4c38',2015,'theophilus.hans@podomorouniversity.ac.id',3,'0',NULL),
(314,'31150052','ecc26a810c30ed887233964bb8f563041537ef65',2015,'venny.wijaya@podomorouniversity.ac.id',3,'0',NULL),
(315,'21150038','2a70446656595e154e77730a4dfcb5ddd4fab54a',2015,'febryan.adsutan@podomorouniversity.ac.id',3,'0',NULL),
(316,'31150055','1a65a52f6b9ae5201f899d37a618b4f4a09c5071',2015,'lilis.amalia@podomorouniversity.ac.id',3,'0',NULL),
(317,'21150039','38a0d461ce9e1e163b9a021dc4fb1529db16fdfc',2015,'nethania@podomorouniversity.ac.id',3,'0',NULL),
(318,'21150030','dcc36247503b249ce7b96b9737091f32c3c9b063',2015,'justyne@podomorouniversity.ac.id',3,'0',NULL),
(319,'31150046','93a3ea979cf05848e7b8df3795f0459d261e8e88',2015,'karina.tiana@podomorouniversity.ac.id',3,'0',NULL),
(320,'31150027','1fd3681118eb98f16d5ce810ee422591881f3f14',2015,'agnes.angelika@podomorouniversity.ac.id',3,'0',NULL),
(321,'21150035','6f61f59c9e459935ebbce147c1a901b5d146832e',2015,'vegadania.mayrisky@podomorouniversity.ac.id',3,'0',NULL),
(322,'21150021','adbd7b37be23031b26e1ff44a2c05176e3af63d8',2015,'joel.awi@podomorouniversity.ac.id',3,'0',NULL),
(323,'31150006','04495f4e0c88f879c5ec9a088b600c1c3dacd5a3',2015,'bella@podomorouniversity.ac.id',3,'0',NULL),
(324,'21150033','a456256eb4fdf2db5a5bcf5f3ba235579a245f2e',2015,'kevin.suryadi@podomorouniversity.ac.id',3,'0',NULL),
(325,'31150030','3f443a8806aed8a95aededab5754e8f0758f38e1',2015,'fransiska@podomorouniversity.ac.id',3,'0',NULL),
(326,'31150031','fd596329b7ccc04488fe406e9de6dae8b5196f5e',2015,'britney.tiufany@podomorouniversity.ac.id',3,'0',NULL),
(327,'31150054','9934809b794abc5497c632d1756620f0e6cfc60c',2015,'ricky.setiawan@podomorouniversity.ac.id',3,'0',NULL),
(328,'21150006','adb439280683fecd6ce29b3635ad1cc3f8e2ec7c',2015,'novita@podomorouniversity.ac.id',3,'0',NULL),
(329,'31150004','40a79e219fd6ea1fd7b6f05d280f3f53aedfaa5c',2015,'mulya.persada@podomorouniversity.ac.id',3,'0',NULL),
(330,'31150028','e8c03626e9fd2d873aeff9afc722bf985d8984a3',2015,'meiria.katida@podomorouniversity.ac.id',3,'0',NULL),
(331,'31150002','64a7d7429f4b89d1ae29ee897e92bba81d912b48',2015,'valeria.sharoon@podomorouniversity.ac.id',3,'0',NULL),
(332,'12150004','f61ae0eb3aa861e3ab161c7d4a67ff0c4cae68d0',2015,'jeannada.nathasya@podomorouniversity.ac.id',3,'0',NULL),
(333,'31150029','c789ce4dc184c42c32065e4e6d01f75dafc62203',2015,'vivi.olivia@podomorouniversity.ac.id',3,'0',NULL),
(334,'21150002','fd5e6d194eab673d272316ff47cb693959dda157',2015,'vanessa.yudanto@podomorouniversity.ac.id',3,'0',NULL),
(335,'21150018','0dda24226eb6b1b2f41fe453dcdc6441a26e9c35',2015,'fandy.arismendi@podomorouniversity.ac.id',3,'0',NULL),
(336,'21150016','7c236587e61be0f0495d8185c36ed0c2fd720ec1',2015,'alessandro@podomorouniversity.ac.id',3,'0',NULL),
(337,'21150032','0f44a3760203b402a09b3a36967f9fa7c18160a3',2015,'cathleen.charity@podomorouniversity.ac.id',3,'0',NULL),
(338,'31150064','863fae4bfa0f10e388f71429f369ef9bab54a84d',2015,'kevin.darsono@podomorouniversity.ac.id',3,'0',NULL),
(339,'31150071','f5d39e5240fc3aff16806a18b5a1e92ae6e517b4',2015,'james.kurniawan@podomorouniversity.ac.id',3,'0',NULL),
(340,'41150009','b1f55442cb4bbd68130eb841b9ef299bc24ee61e',2015,'edi.sumanto@podomorouniversity.ac.id',3,'0',NULL),
(341,'11160014','3a1a6930f51107a07d945ac2ed6542905a9f66c8',2016,'hermawan.sutanto@podomorouniversity.ac.id',3,'0',NULL),
(342,'11160002','dd69bfa3aa9d90c9f84c8cf2d6650663384786ff',2016,'metta.halim@podomorouniversity.ac.id',3,'0',NULL),
(343,'11160019','5ef990ab9cb0390f72a1fd82c055f2683a72a20a',2016,'william.edbert@podomorouniversity.ac.id',3,'0',NULL),
(344,'11160007','46945ee05d33ad445c2c1136b21db490b3219e55',2016,'kevin.kevin@podomorouniversity.ac.id',3,'0',NULL),
(345,'11160008','e51e7eb79b671ab382830592508a07ed5fabb1ef',2016,'richard.william@podomorouniversity.ac.id',3,'0',NULL),
(346,'11160009','a4dd7b8a9a2904bd0644461c6258973797fec694',2016,'jennifer.leilani@podomorouniversity.ac.id',3,'0',NULL),
(347,'11160001','719fb50b096369544c8ab33966c1615a3c0d4911',2016,'william@podomorouniversity.ac.id',3,'0',NULL),
(348,'11160006','e93439e4e61e89f23957a510a9917ddc0dc2a7c6',2016,'rae.rheyski@podomorouniversity.ac.id',3,'0',NULL),
(349,'11160005','1573e8f77065a49e05bc40a640958641ce8b72f7',2016,'yolan.kyrana@podomorouniversity.ac.id',3,'0',NULL),
(350,'11160018','70839c38d40d2e72127c2d3e66c19e9160df3df6',2016,'jeremy.gozal@podomorouniversity.ac.id',3,'0',NULL),
(351,'11160013','09e9b022a18b94e2240b309cdb5de38df6c51a94',2016,'dearvid.yoga@podomorouniversity.ac.id',3,'0',NULL),
(352,'11160012','5d28d347c07d0c750e9610cd024f1f5ff35a0622',2016,'mishael.arviano@podomorouniversity.ac.id',3,'0',NULL),
(353,'11160011','5583881c469459eef125d631ac4c9090cee0bb4d',2016,'budyanto@podomorouniversity.ac.id',3,'0',NULL),
(354,'11160026','9dc64c21846ec96784ed139812fff485d12c8682',2016,'carissa@podomorouniversity.ac.id',3,'0',NULL),
(355,'11160024','9a84c0321c9898cab1cd886456180b09c8fa6e24',2016,'albert.gustavo@podomorouniversity.ac.id',3,'0',NULL),
(356,'11160022','a6f6e1f798d1f84b34f3fa712bb088585f7e70a8',2016,'valentina.sinciera@podomorouniversity.ac.id',3,'0',NULL),
(357,'11160020','f04884d413844f5de62ca331afa41696decb4cf0',2016,'khendy.chan@podomorouniversity.ac.id',3,'0',NULL),
(358,'11160004','01da57eac5d71022a3bc3958a432e5d73cfdb2da',2016,'katherin.wijaya@podomorouniversity.ac.id',3,'0',NULL),
(359,'11160010','4015922cd4e4bf842d0ee120317c9b3cf3f13d7b',2016,'william.pukarta@podomorouniversity.ac.id',3,'0',NULL),
(360,'11160025','9e0b970a6bca4e13662793a17ce2dc7f8999b864',2016,'sheree.enrica@podomorouniversity.ac.id',3,'0',NULL),
(361,'11160023','9453cc80dfaf1d20a0d13c7c343dc170e31e1d9a',2016,'samuel.irawan@podomorouniversity.ac.id',3,'0',NULL),
(362,'11160021','dc84b3b95664b9a6ef11fe79ff65e36768921766',2016,'chintya.nabhila@podomorouniversity.ac.id',3,'0',NULL),
(363,'11160039','f02ee44e8afeee5bf7607a8392472afb8f184b8a',2016,' dimas.wiradinata@podomorouniversity.ac.id',3,'0',NULL),
(364,'11160035','b5248f45c3d0e6d79a1b286fe7294ad8f675a128',2016,'josh.feliks@podomorouniversity.ac.id',3,'0',NULL),
(365,'11160034','92ecfb588e7f3621736449de0b2401a4c940b514',2016,'janica.caroline@podomorouniversity.ac.id',3,'0',NULL),
(366,'11160033','02e5a3ca4303dd765af0592681a1c63b4e8bfa1a',2016,'kendo.purnomo@podomorouniversity.ac.id',3,'0',NULL),
(367,'11160003','dc87d390eb27b25e8a8c558632eb57d74084ae50',2016,'leonard.ichsan@podomorouniversity.ac.id',3,'0',NULL),
(368,'41160005','6d095bba8a75c1be9bb40f782b4759d66dbf3f4f',2016,'michael.surya@podomorouniversity.ac.id',3,'0',NULL),
(369,'31160005','89c3a7919d86cd58376fa9d59bee0f5368d1c33f',2016,'carine.ana@podomorouniversity.ac.id',3,'0',NULL),
(370,'31160006','eaffe073eaad5a354c847d8440db8bf90e9ca7f5',2016,'vincent.tjendra@podomorouniversity.ac.id',3,'0',NULL),
(371,'31160007','f4822ec589d44886ba59ba90c61c845c8da3bf54',2016,'zieshen.giovanni@podomorouniversity.ac.id',3,'0',NULL),
(372,'31160008','dc8da315145a9bca4b64d3005ec90898c68cef07',2016,'felicia.kammal@podomorouniversity.ac.id',3,'0',NULL),
(373,'31160009','600ad01c9748ee050aeb9dc226f7ed2ca40cb64d',2016,'mega.joselina@podomorouniversity.ac.id',3,'0',NULL),
(374,'31160010','26260156c6b59fee5d4d50d32503aab1cd6ffc44',2016,'nicolas.theodore@podomorouniversity.ac.id',3,'0',NULL),
(375,'31160011','4a4a1bb14a40851872f59ac75563149834bfa5e3',2016,'lukman.noval@podomorouniversity.ac.id',3,'0',NULL),
(376,'31160012','e4d9afe48500d2ef6a1b98b0803fbf92d708215c',2016,'evania@podomorouniversity.ac.id',3,'0',NULL),
(377,'31160013','29330db9dba4a7306785b2bc0258ad07fccf32bb',2016,'dominika.leoni@podomorouniversity.ac.id',3,'0',NULL),
(378,'31160014','5fe8c73be5b46d5a8342e13a638cb5bcefbd0fb9',2016,'kevin.huang@podomorouniversity.ac.id',3,'0',NULL),
(379,'31160015','df20dff5af11469bfd602cbb4d663c2bc58d37d7',2016,'jovan.hernando@podomorouniversity.ac.id',3,'0',NULL),
(380,'31160016','fbe45dceffb4db9b9330833c02857afb75d04e9a',2016,'dona.monica@podomorouniversity.ac.id',3,'0',NULL),
(381,'31160017','d1fc4237611c04e12bbfca0b42ad148cbaa8c785',2016,'calvin.andrico@podomorouniversity.ac.id',3,'0',NULL),
(382,'31160018','9acb38e993fae009e0015174a0f8f2468061a690',2016,'govinda.wahyu@podomorouniversity.ac.id',3,'0',NULL),
(383,'31160019','a93a954adc43a623429600b2bccc98ff3003ce08',2016,'felix.wijaya@podomorouniversity.ac.id',3,'0',NULL),
(384,'31160020','cc1f4939291a2e48a70bc316d8f1f4117801e2e8',2016,'reginald@podomorouniversity.ac.id',3,'0',NULL),
(385,'31160021','182757f70f735603fb38eaf7ff9ddd80fe62e764',2016,'hardita.suhanda@podomorouniversity.ac.id',3,'0',NULL),
(386,'31160022','5807b47979b58697cb1dbc58c5c757e93ff9d12e',2016,'aldio.hendry@podomorouniversity.ac.id',3,'0',NULL),
(387,'31160023','5fddd3acfec900e7c692e95e136f03b1f89b3636',2016,'muhammad.lutfi@podomorouniversity.ac.id',3,'0',NULL),
(388,'31160024','b3f26dc6e80694e0624f083d4370801041263efc',2016,'sigrid.martina@podomorouniversity.ac.id',3,'0',NULL),
(389,'31160030','e51ff698701195997c1fbe059b5c18c19a158a42',2016,'dimy.alyssa@podomorouniversity.ac.id',3,'0',NULL),
(390,'31160031','7b5f51d844fcf5d78852d996a87a3fc5223aea93',2016,'denato@podomorouniversity.ac.id',3,'0',NULL),
(391,'31160032','70843895bf1107b545da0b8ee6456513df72fbc6',2016,'veren.alvera@podomorouniversity.ac.id',3,'0',NULL),
(392,'31160033','cf3696004ddd2d4b9c3e2da3aaea35424ac3ffff',2016,'andrew.surya@podomorouniversity.ac.id',3,'0',NULL),
(393,'31160034','afeb20f0cd326dd82435c047d0473b644de7b072',2016,'felicia.belinda@podomorouniversity.ac.id',3,'0',NULL),
(394,'31160035','89f47320af77111f0fef29176c1c264eadd33c2f',2016,'angela.kaawoan@podomorouniversity.ac.id',3,'0',NULL),
(395,'31160036','30246236be26dbace27e68b246354e6c3666e399',2016,'caroline@podomorouniversity.ac.id',3,'0',NULL),
(396,'31160037','504de7746cdb10c46b5688828e78eeacc4c01066',2016,'brigitta.sabrina@podomorouniversity.ac.id',3,'0',NULL),
(397,'31160038','2217996e6b434f0b07b1e0672372c616425ef16b',2016,'winnu.dhammika@podomorouniversity.ac.id',3,'0',NULL),
(398,'31160039','b9f9e51ae92ca836d967186eb6d38d899b8caffd',2016,'lewi.sichilia@podomorouniversity.ac.id',3,'0',NULL),
(399,'31160040','b90ef5a0f3f7cb1aee6e233a70b3596d57d6a7ed',2016,'carissa.florencia@podomorouniversity.ac.id',3,'0',NULL),
(400,'31160041','cd5a99654d6ac1a82e56a791263cffdcb72ca5cb',2016,'antonio.pranata@podomorouniversity.ac.id',3,'0',NULL),
(401,'31160042','fefb69f8cb5aafc954ec182027ccaf703e44e604',2016,'veren@podomorouniversity.ac.id',3,'0',NULL),
(402,'31160043','1978a413e1002b06946469df8b42302107896828',2016,'clara.jocom@podomorouniversity.ac.id',3,'0',NULL),
(403,'31160044','133c043433bd12a8d37eaf3ad495541881087edd',2016,'ryan.bowen@podomorouniversity.ac.id',3,'0',NULL),
(404,'31160046','f353f51120e219e1861f1e06a58be79b8ac7e2b4',2016,'blenda.frederica@podomorouniversity.ac.id',3,'0',NULL),
(405,'31160047','0c128e3170bfa7ba64f1616c0f174f4410977054',2016,'ervita.chandra@podomorouniversity.ac.id',3,'0',NULL),
(406,'31160048','ed8e063d65cbf398a411995e1a41e91204232b7c',2016,'eveline.anggreani@podomorouniversity.ac.id',3,'0',NULL),
(407,'41160003','e9788964996fb2a4edc9757a62c3b242c2560df6',2016,'andre.kusuma@podomorouniversity.ac.id',3,'0',NULL),
(408,'31160054','e718fccd2f439f7d3ec1ad56f59d1031c644e1e1',2016,'natalia@podomorouniversity.ac.id',3,'0',NULL),
(409,'31160055','e540d87a2ce1bbf69986e84ed6accc12fa1107df',2016,'farren.devika@podomorouniversity.ac.id',3,'0',NULL),
(410,'31160056','c3ca6f297ddb958ea0f71c82b5f2ccd3fbf84e69',2016,'marco.leonardo@podomorouniversity.ac.id',3,'0',NULL),
(411,'31160057','922a3d6c57675919e565ca82df3e35f3fbac2595',2016,'bella.dwitama@podomorouniversity.ac.id',3,'0',NULL),
(412,'31160058','5ab141bc480dabbe31f682e7fe52cc5db3d60e12',2016,'zalicha.azizashany@podomorouniversity.ac.id',3,'0',NULL),
(413,'31160059','0235ca4aeb3be7941d6469fc902d67ee9054b882',2016,'samuel.anwar@podomorouniversity.ac.id',3,'0',NULL),
(414,'31160060','b6caa4328bcb222fee8441b7afa22aff2a69d1f4',2016,'edelin@podomorouniversity.ac.id',3,'0',NULL),
(415,'31160061','5cdb2278a6931182d1acfb4b2e70c04a3866933c',2016,'shrileen@podomorouniversity.ac.id',3,'0',NULL),
(416,'31160062','07cf8e46c1bc2403ea4eab6efcb459ecbb0e439a',2016,'verawaty.iwan@podomorouniversity.ac.id',3,'0',NULL),
(417,'31160063','17ca28d21e53cadef59bd315bab75c6d9c63af3c',2016,'verensya.wijaya@podomorouniversity.ac.id',3,'0',NULL),
(418,'31160064','5e490e4a0788990a2f8831f4e53da1b41f32ec0b',2016,'elyza.yasmine@podomorouniversity.ac.id',3,'0',NULL),
(419,'31160065','d93f6b5a4307ed8b4b28a6ba51713429cde76908',2016,'jesselyn.stephanie@podomorouniversity.ac.id',3,'0',NULL),
(420,'31160066','a49eee1d59bcb325652695528fa3288d78c59a02',2016,'selvita.bilianti@podomorouniversity.ac.id',3,'0',NULL),
(421,'31160067','b44bbffaf2ecf3ff312406967190b1ff81ee9993',2016,'cynthia.purnama@podomorouniversity.ac.id',3,'0',NULL),
(422,'31160068','79bb4ec1e67ca620886b256622a3766d1e11a9a8',2016,'Imanuel@podomorouniversity.ac.id',3,'0',NULL),
(423,'31160069','1eabd0fcb31c26b1d557efc1b23c159ef8d5c404',2016,'michaela.agnes@podomorouniversity.ac.id',3,'0',NULL),
(424,'31160070','f156575fbacf96d4b85894b6ebe4511d8774362d',2016,'catherine.sasmita@podomorouniversity.ac.id',3,'0',NULL),
(425,'31160071','909fdd28294ab487907eb1a62744c041a0ce48cf',2016,'joshua.thamando@podomorouniversity.ac.id',3,'0',NULL),
(426,'31160072','b2d39d192b3aa37d5edb79a5d0f8336fe3100aa3',2016,'michael.liurentio@podomorouniversity.ac.id',3,'0',NULL),
(427,'31160078','dcb19ec6f48acc8ac2254bab5f80f5205d969909',2016,'hansen.liharianto@podomorouniversity.ac.id',3,'0',NULL),
(428,'31160080','252ba9466d2bc513eef0dabe5d0897bf045338c1',2016,'hendry.hernando@podomorouniversity.ac.id',3,'0',NULL),
(429,'31160081','15bec6b32038b6bd790dda95ab53ad654d619582',2016,'rachel.desideria@podomorouniversity.ac.id',3,'0',NULL),
(430,'31160082','8b151dd367ada4e54fe280c61de56b81cc1d1081',2016,'vonny.lewy@podomorouniversity.ac.id',3,'0',NULL),
(431,'31160083','fa4d8c0eecce54537af9a1395b9ae5d772a0f3d7',2016,'grendy.aprianto@podomorouniversity.ac.id',3,'0',NULL),
(432,'31160084','ef22898a2c32ff6ef645ed9bafe68c1ea8f5c108',2016,'ibrahim.pasha@podomorouniversity.ac.id',3,'0',NULL),
(433,'31160085','e0f80993b76fd01b2976cdac3510731559f6b6b4',2016,'widya.novitasari@podomorouniversity.ac.id',3,'0',NULL),
(434,'31160087','1ee7b73b1d659559ba12083bac45d291f3ce30d4',2016,'vincent.aditya@podomorouniversity.ac.id',3,'0',NULL),
(435,'31160089','86850d12c08f69d0384854a5509fda907cff78de',2016,'gary.setiawan@podomorouniversity.ac.id',3,'0',NULL),
(436,'31160090','dfa20602c1965a762bc6e994ec46c958565cfcad',2016,'nicola.nerissa@podomorouniversity.ac.id',3,'0',NULL),
(437,'31160091','d99269b21bcce48bd9e6c53c92e4a10eceee7075',2016,'rindriyani.batoo@podomorouniversity.ac.id',3,'0',NULL),
(438,'31160092','2003099cfca78357b421f2d483fd11aeceb29fb4',2016,'hanady.japranata@podomorouniversity.ac.id',3,'0',NULL),
(439,'31160093','d18aabecdb6368d2a92c46afb20c3c6b7accf014',2016,'kezia.elsy@podomorouniversity.ac.id',3,'0',NULL),
(440,'31160094','4ea45f1cd9e0b437a483d18b614d05dc0e940f2c',2016,'jordi.hadibowo@podomorouniversity.ac.id',3,'0',NULL),
(441,'31160095','a8b16305d7e6741371f813831fa42751b7aafd8d',2016,'adrian.sutanto@podomorouniversity.ac.id',3,'0',NULL),
(442,'31160096','dd521cddcf74ca4e3e5633362fb49a56be737e7f',2016,'alexander.benedict@podomorouniversity.ac.id',3,'0',NULL),
(443,'41160002','425dcf5f94ee13b7274825a8830b3c6e6bcc12a1',2016,'putri.ramadhanty@podomorouniversity.ac.id',3,'0',NULL),
(444,'24160003','13b480d9eb95b427e3be5a7c156434ff27b9fbd8',2016,'tree.tuti@podomorouniversity.ac.id',3,'0',NULL),
(445,'22160006','d47c4f1ff4881af97b7a9af4794a1252b376700d',2016,'angelia.nafthalie@podomorouniversity.ac.id',3,'0',NULL),
(446,'22160007','8db6e1e612c3bb247ee3f262eb95218ec3d49808',2016,'ravli.thaufiq@podomorouniversity.ac.id',3,'0',NULL),
(447,'41160009','5fe389443dfa3a62092d8b016fe6b83cb1516850',2016,'griselda.maurilla@podomorouniversity.ac.id',3,'0',NULL),
(448,'41160007','a3b4f36a4324e78ee0ec9abf486314b994c82de5',2016,'nelsen.linardy@podomorouniversity.ac.id',3,'0',NULL),
(449,'12160006','cc30e8fa2d9a3bbf058fae19d971761e42906427',2016,'jason.yordan@podomorouniversity.ac.id',3,'0',NULL),
(450,'12160007','a643d7347c3fcd7d495adce87334223943df5a80',2016,'daren.dwi@podomorouniversity.ac.id',3,'0',NULL),
(451,'41160001','4fdd94bcbe2b4c797ab8a36895eb99dc8873942e',2016,'trisha.tanisha@podomorouniversity.ac.id',3,'0',NULL),
(452,'41160008','f98fa1af7d0b161e94ad01cd261d28c2a0d3a4b2',2016,'sekar.wiji@podomorouniversity.ac.id',3,'0',NULL),
(453,'11160015','e61813faf653f1095e2887fa4ebb38a1a6d4d412',2016,'priscilla.vinnie@podomorouniversity.ac.id',3,'0',NULL),
(454,'11160016','95e4ab3332ee0cd497a055983b07536aeff54ad9',2016,'winny.cristy@podomorouniversity.ac.id',3,'0',NULL),
(455,'11160031','cb120441b7e3672ff728f497f0edb8157dc9db5d',2016,'yolanda.octavalery@podomorouniversity.ac.id',3,'0',NULL),
(456,'11160017','27aedfbbc2bea571191b76aa1ca3eec20ea200c6',2016,'brandon.christian@podomorouniversity.ac.id',3,'0',NULL),
(457,'11160032','5f8698783e7a9ede95d2957eb07a8a51c04ad990',2016,'indra.sri@podomorouniversity.ac.id',3,'0',NULL),
(458,'11160030','a487f5b6dd092b5db407093777b22a3cc64772ed',2016,'elbert.edison@podomorouniversity.ac.id',3,'0',NULL),
(459,'11160029','e8641dccf29d8aa36916499b0efc6e2849ab4938',2016,'brian.tjong@podomorouniversity.ac.id',3,'0',NULL),
(460,'11160028','33dab4049d71a3ab500adda3426d5c24556e1ae5',2016,'yenni.varensia@podomorouniversity.ac.id',3,'0',NULL),
(461,'11160027','7dd1e2e2c6e0d671d7b793e4cba7882da55830b5',2016,'fernaldy.putra@podomorouniversity.ac.id',3,'0',NULL),
(462,'31160074','b34c31a85e0af7729e790e40c2a4bedd0b8b2ca8',2016,'hendry.pratama@podomorouniversity.ac.id',3,'0',NULL),
(463,'31160075','16086a7d4168dbcb6b18789302efde2cd6a1ce19',2016,'then.yerevan@podomorouniversity.ac.id',3,'0',NULL),
(464,'31160050','3f1205be23240b99ca2b391bd4bcf0e8b67a5a63',2016,'damien.wesley@podomorouniversity.ac.id',3,'0',NULL),
(465,'31160051','066ebdda9e8b5fd8f9509793c296f233cb722819',2016,'chara.citra@podomorouniversity.ac.id',3,'0',NULL),
(466,'31160002','9ca4d1b411950b2c274b77f0008c30b7845715e4',2016,'vanessa.josephine@podomorouniversity.ac.id',3,'0',NULL),
(467,'31160026','e508041bd2fd44f447f3380f45fc7b255b91b3b3',2016,'reinhart.osmond@podomorouniversity.ac.id',3,'0',NULL),
(468,'31160027','78d9cb4132040fe1c7fe4cfb3f081449f37b2bad',2016,'joshua.christiandi@podomorouniversity.ac.id',3,'0',NULL),
(469,'24160002','5ca92634f93d1a8a12416e7d8a53ed8dc5366278',2016,'alifia.intan@podomorouniversity.ac.id',3,'0',NULL),
(470,'23160002','6d8a53a4962a0c9f904f723de309024318325f9b',2016,'blasius.fabianus@podomorouniversity.ac.id',3,'0',NULL),
(471,'12160002','7e52895503d7a44878319a99753a6108db10918a',2016,'kathrin@podomorouniversity.ac.id',3,'0',NULL),
(472,'31160049','4e570522dde6c40c85534999ccb33f143ad31370',2016,'christine.devina@podomorouniversity.ac.id',3,'0',NULL),
(473,'31160025','5914eb33bf178e6c35d3cba872641903791ad978',2016,'ricky@podomorouniversity.ac.id',3,'0',NULL),
(474,'31160073','8acac8ea1bcce530a7b887cb5ce3344d37d239bc',2016,'andre.evan@podomorouniversity.ac.id',3,'0',NULL),
(475,'12160001','f00a8f0035b2665ebf8fa68e26d97fae42dd3010',2016,'adrian@podomorouniversity.ac.id',3,'0',NULL),
(476,'26160001','db7edf99b1c42a4d693edb920e4f11551c8ba924',2016,'erlangga.mahandsmara@podomorouniversity.ac.id',3,'0',NULL),
(477,'23160001','cca294c5837369cdbe45c6624b22310eaa4697c4',2016,'jessen.santoso@podomorouniversity.ac.id',3,'0',NULL),
(478,'24160001','78a6be7d88c3f239bab35a0da66a7a01d6caf209',2016,'angelica@podomorouniversity.ac.id',3,'0',NULL),
(479,'12160003','cd43cafb4b3c827fbb7184fd288436806d31c663',2016,'jeremy.immanuel@podomorouniversity.ac.id',3,'0',NULL),
(480,'21160002','969f6c526a3fd0b23e7b2239ad252d8af666b933',2016,'varren.anastasia@podomorouniversity.ac.id',3,'0',NULL),
(481,'21160006','ccb2680e5be0543e528f37b12ae9bfa6f3226cec',2016,'alexander.bong@podomorouniversity.ac.id',3,'0',NULL),
(482,'21160010','6aaffefef6f7cce45192ab7aa6641912a3ec6939',2016,'cindy.margaretha@podomorouniversity.ac.id',3,'0',NULL),
(483,'21160019','d175e2d97b3a53ee8d05fe766c1e90a6a01ced74',2016,'kelvin@podomorouniversity.ac.id',3,'0',NULL),
(484,'22160002','5a63678a75a785cbc8634848cb627b7c2b3b1a05',2016,'steven.harison@podomorouniversity.ac.id',3,'0',NULL),
(485,'41160006','97847ec3b27bee7737eee82c237d6614b2b99b3e',2016,'kennytalesia.putra@podomorouniversity.ac.id',3,'0',NULL),
(486,'21160017','5fd881e583af7f7374a364619574b359e004cef4',2016,'kezia.febriany@podomorouniversity.ac.id',3,'0',NULL),
(487,'21160016','c031c4e8ad528f73c3a6f1dfc03e99b2da344a5c',2016,'paramita.sherentya@podomorouniversity.ac.id',3,'0',NULL),
(488,'31160001','cd117c30711aac096999f6099027db86fbb31e2e',2016,'leonard.farrel@podomorouniversity.ac.id',3,'0',NULL),
(489,'21160014','9b56b5db2b852e6736701f8d6a860bfbc5792a98',2016,'afuwan.halim@podomorouniversity.ac.id',3,'0',NULL),
(490,'21160013','46d4e4dea2d1709e3f82b5a8031c836f6ad6da83',2016,'billi.kurniawan@podomorouniversity.ac.id',3,'0',NULL),
(491,'22160003','fb13a073634f9bb848e0108af9b65a135a618369',2016,'richard.yuliant@podomorouniversity.ac.id',3,'0',NULL),
(492,'22160001','817a64e7b0a578c7575fc4fc767ae814ac1a90b9',2016,'marcelino.danu@podomorouniversity.ac.id',3,'0',NULL),
(493,'21160003','6e94af7fb7b153de19a43bc62195951e79f21f9c',2016,'melisa@podomorouniversity.ac.id',3,'0',NULL),
(494,'31160003','42d4f59367d4cb75ae51b9d6bab8811d46ba6ae0',2016,'michael1@podomorouniversity.ac.id',3,'0',NULL),
(495,'21160001','d2912f5cd2a4cb4a52bd3ddcd754c158dcf61343',2016,'oliver.kenny@podomorouniversity.ac.id',3,'0',NULL),
(496,'31160004','6820c945371ccf70ee8e903a5903e0f5f4d63691',2016,'timothy.krisna@podomorouniversity.ac.id',3,'0',NULL),
(497,'21160004','eb08d1ad1524feabd1a3579fcf245aecd4e6bb45',2016,'kevin.ferlie@podomorouniversity.ac.id',3,'0',NULL),
(498,'21160008','d65167e8e73542f964ffc45a4a757cb496e00fa1',2016,'dennis.owen@podomorouniversity.ac.id',3,'0',NULL),
(499,'31160029','05b8fbe29c7ba432a4ad93933a5e1102af79b9f2',2016,'hani.dwili@podomorouniversity.ac.id',3,'0',NULL),
(500,'31160028','3c0a081a1457869980ab91459f940589ddeb7ff7',2016,'samantha.evans@podomorouniversity.ac.id',3,'0',NULL),
(501,'21160007','d09a7b2fc49dad942c2692c7df8a4026884620bf',2016,'steven.verdianta@podomorouniversity.ac.id',3,'0',NULL),
(502,'21160009','882089c80432962d97e67da95a801d29d2cca8c0',2016,'yensen.febrian@podomorouniversity.ac.id',3,'0',NULL),
(503,'12160004','c0382a4dbe05d4a80287d01ae4e05391cdbb075b',2016,'vanessa@podomorouniversity.ac.id',3,'0',NULL),
(504,'21160012','8751669b34da7c0df17fdd38029f384a912bf032',2016,'desky.rico@podomorouniversity.ac.id',3,'0',NULL),
(505,'41160004','518625583e89af661ba845132a997f9ba953eddd',2016,'maria.lutgardis@podomorouniversity.ac.id',3,'0',NULL),
(506,'31160052','b073ca231ddd6a26b942ecc746489aefc81c8f26',2016,'regina.ismanto@podomorouniversity.ac.id',3,'0',NULL),
(507,'31160053','a98ea477b6598d81e96c57c4f200c82e3c78d1b8',2016,'vanessa.felicia@podomorouniversity.ac.id',3,'0',NULL),
(508,'12160005','65b11563dd1786e0690be9dd5c5d82d0892300f6',2016,'felicia.stephanie@podomorouniversity.ac.id',3,'0',NULL),
(509,'22160004','4f0293ae4cf5422d35cbd5006f390993c8c85736',2016,'taufik.ramadhan@podomorouniversity.ac.id',3,'0',NULL),
(510,'21160018','e60cf48e7cfb6da7cc947834ad81b9a1651aca0b',2016,'elshadday@podomorouniversity.ac.id',3,'0',NULL),
(511,'22160005','997217d710fb4bae0045426f53dcaed8542a1c98',2016,'rakha.iskandar@podomorouniversity.ac.id',3,'0',NULL),
(512,'31160077','0e16f1075f7136de0ac08c428fcb11c106de2d1c',2016,'cynthia.chaisa@podomorouniversity.ac.id',3,'0',NULL),
(513,'21160021','fc29ad82f8fa20675e8b4376fbe4a7aa4436fcf2',2016,'david.nicodemus@podomorouniversity.ac.id',3,'0',NULL),
(514,'31160076','146ec54f6c25ae934a1786971231bfa441ecd6f3',2016,'keny@podomorouniversity.ac.id',3,'0',NULL),
(515,'21160020','d7ec1686af0448d9cc0ee737ef13f1253fea2265',2016,'rio.christian@podomorouniversity.ac.id',3,'0',NULL),
(516,'21160022','c925f72c9b6fec06ca4f1925f1baac0560cfc1ee',2016,'shandy.febriyana@podomorouniversity.ac.id',3,'0',NULL),
(517,'21160023','cd3ec5e1785201b50b60c7c2d708a50a9ca1c870',2016,'aldo.chinaldy@podomorouniversity.ac.id',3,'0',NULL),
(518,'21160026','c289fdb3a44e489fc3a47de4bdab3e6579b2d802',2016,'arnott.ferels@podomorouniversity.ac.id',3,'0',NULL),
(519,'21160025','2101701cbb3f9d1c75154ef43e5369995376f425',2016,'michael.adrian@podomorouniversity.ac.id',3,'0',NULL),
(520,'21160027','d1d13f360a0bf55271583b1f461ae5feb72d85c0',2016,' vernando.antoni@podomorouniversity.ac.id',3,'0',NULL);

/*Table structure for table `class_group` */

DROP TABLE IF EXISTS `class_group`;

CREATE TABLE `class_group` (
  `ID` int(11) NOT NULL AUTO_INCREMENT,
  `BaseProdiID` int(11) NOT NULL,
  `Name` varchar(45) DEFAULT NULL,
  `Status` int(11) DEFAULT NULL,
  `UpdateBy` varchar(20) DEFAULT NULL,
  `UpdateAt` datetime DEFAULT NULL,
  PRIMARY KEY (`ID`)
) ENGINE=InnoDB AUTO_INCREMENT=41 DEFAULT CHARSET=latin1;

/*Data for the table `class_group` */

insert  into `class_group`(`ID`,`BaseProdiID`,`Name`,`Status`,`UpdateBy`,`UpdateAt`) values 
(29,5,'HBP 1',NULL,'2017090','2018-02-02 08:39:17'),
(30,5,'HBP 2',NULL,'2017090','2018-02-02 08:42:08'),
(32,2,'MRK 2',NULL,'2017090','2018-02-02 08:42:26'),
(34,1,'ARC 2',NULL,'2017090','2018-02-02 09:10:57'),
(35,7,'UNIV 1',NULL,'2017090','2018-02-02 09:11:51'),
(36,3,'ENT 1',NULL,'2017090','2018-02-02 09:47:59'),
(38,1,'ARC 11',NULL,'2017090','2018-02-02 10:03:37'),
(39,1,'ARC 14',NULL,'2017090','2018-02-02 10:05:55'),
(40,3,'ENT 1',NULL,'2017090','2018-02-05 14:54:16');

/*Table structure for table `classroom` */

DROP TABLE IF EXISTS `classroom`;

CREATE TABLE `classroom` (
  `ID` int(11) NOT NULL AUTO_INCREMENT,
  `Room` varchar(45) DEFAULT NULL,
  `Seat` int(11) DEFAULT NULL,
  `SeatForExam` int(11) DEFAULT NULL,
  `Status` int(11) DEFAULT NULL,
  `UpdateBy` varchar(20) DEFAULT NULL,
  `UpdateAt` datetime DEFAULT NULL,
  PRIMARY KEY (`ID`)
) ENGINE=InnoDB AUTO_INCREMENT=31 DEFAULT CHARSET=latin1;

/*Data for the table `classroom` */

insert  into `classroom`(`ID`,`Room`,`Seat`,`SeatForExam`,`Status`,`UpdateBy`,`UpdateAt`) values 
(1,'503',40,20,0,'2017090','2018-02-06 13:27:19'),
(2,'504',40,20,0,'2017090','2018-02-06 13:27:20'),
(3,'505',40,20,0,'2017090','2018-02-06 13:27:21'),
(4,'506',40,20,0,'2017090','2018-02-06 13:27:22'),
(5,'507',40,20,0,'2017090','2018-02-06 13:27:23'),
(6,'508',40,20,0,'2017090','2018-02-06 13:27:24'),
(7,'510',40,20,0,'2017090','2018-02-06 13:27:25'),
(8,'511',40,20,0,'2017090','2018-02-06 13:27:26'),
(9,'513',40,20,0,'2017090','2018-02-06 13:27:27'),
(10,'514',40,20,0,'2017090','2018-02-06 13:27:28'),
(11,'515',40,20,0,'2017090','2018-02-06 13:27:29'),
(12,'516',40,20,0,'2017090','2018-02-06 13:27:30'),
(13,'517',40,20,0,'2017090','2018-02-06 13:27:31'),
(14,'517A',40,20,0,'2017090','2018-02-06 13:27:32'),
(15,'519',40,20,0,'2017090','2018-02-06 13:27:33'),
(16,'520',40,20,0,'2017090','2018-02-06 13:27:34'),
(17,'521',40,20,0,'2017090','2018-02-06 13:27:35'),
(18,'522',40,20,0,'2017090','2018-02-06 13:27:36'),
(19,'523',40,20,0,'2017090','2018-02-06 13:27:37'),
(20,'602',40,20,0,'2017090','2018-02-06 13:27:38'),
(21,'604',40,20,0,'2017090','2018-02-06 13:27:39'),
(22,'605',40,20,0,'2017090','2018-02-06 13:27:40'),
(23,'606',40,20,0,'2017090','2018-02-06 13:27:41'),
(24,'607',40,20,0,'2017090','2018-02-06 13:27:42'),
(25,'HBP Room',40,20,0,'2017090','2018-02-06 13:27:43'),
(26,'Kitchen',40,20,0,'2017090','2018-02-06 13:27:44'),
(27,'Lab ACC',40,20,0,'2017090','2018-02-06 13:27:45'),
(28,'Lab',40,20,0,'2017090','2018-02-06 13:27:46'),
(29,'Pastry',40,20,0,'2017090','2018-02-06 13:27:47'),
(30,'Restaurant',40,20,0,'2017090','2018-02-06 13:27:48');

/*Table structure for table `course_offerings` */

DROP TABLE IF EXISTS `course_offerings`;

CREATE TABLE `course_offerings` (
  `ID` int(11) NOT NULL AUTO_INCREMENT,
  `SemesterID` int(11) NOT NULL,
  `ProdiID` int(11) NOT NULL,
  `CurriculumDetailID` int(11) NOT NULL,
  `ToSemester` text,
  `UpdateBy` varchar(25) DEFAULT NULL,
  `UpdateAt` datetime DEFAULT NULL,
  PRIMARY KEY (`ID`)
) ENGINE=InnoDB AUTO_INCREMENT=26 DEFAULT CHARSET=latin1;

/*Data for the table `course_offerings` */

insert  into `course_offerings`(`ID`,`SemesterID`,`ProdiID`,`CurriculumDetailID`,`ToSemester`,`UpdateBy`,`UpdateAt`) values 
(1,11,9,743,'[\"6\",\"8\"]','2017090','2018-03-01 13:48:55'),
(2,11,8,749,'[\"6\",\"8\"]','2017090','2018-03-01 13:49:45'),
(3,11,10,734,'[\"6\",\"8\"]','2017090','2018-03-01 13:49:56'),
(4,11,6,758,'[\"6\",\"8\"]','2017090','2018-03-01 13:50:26'),
(5,11,1,779,'[\"6\",\"8\"]','2017090','2018-03-01 17:12:35'),
(6,11,1,781,'[\"6\",\"8\"]','2017090','2018-03-05 14:45:40'),
(7,11,1,949,'[\"6\",\"8\"]','2017090','2018-03-05 15:52:55'),
(8,11,1,952,'[\"6\",\"8\"]','2017090','2018-03-06 11:55:51'),
(9,11,1,783,'[\"6\",\"8\"]','2017090','2018-03-06 11:58:08'),
(10,11,1,947,'[]','2017090','2018-03-06 13:12:00'),
(11,13,1,954,'[]','2017090','2018-03-07 14:25:27'),
(12,13,1,960,'[\"6\",\"8\"]','2017090','2018-03-07 14:30:57'),
(13,13,1,955,'[\"6\",\"8\"]','2017090','2018-03-07 16:20:42'),
(14,13,2,961,'[\"6\",\"8\"]','2017090','2018-03-09 08:19:51'),
(15,13,1,963,'[\"3\",\"8\"]','2017090','2018-03-12 13:41:36'),
(16,13,1,962,'[]','2017090','2018-03-12 13:41:36'),
(17,13,3,964,'[\"1\",\"3\",\"5\"]','2017090','2018-03-13 16:40:51'),
(18,13,3,965,'[\"1\",\"3\",\"5\"]','2017090','2018-03-13 16:40:51'),
(19,13,3,967,'[\"1\",\"3\",\"5\"]','2017090','2018-03-13 16:40:51'),
(22,13,1,968,'[\"8\"]','2017090','2018-03-14 11:44:15'),
(23,13,1,969,'[\"8\"]','2017090','2018-03-14 11:44:15'),
(24,13,2,970,'[\"8\",\"8\"]','2017090','2018-03-14 15:00:42'),
(25,13,1,971,'[]','2017090','2018-03-19 15:51:55');

/*Table structure for table `courses_groups` */

DROP TABLE IF EXISTS `courses_groups`;

CREATE TABLE `courses_groups` (
  `ID` int(11) NOT NULL AUTO_INCREMENT,
  `Name` varchar(200) DEFAULT NULL,
  `UpdateBy` varchar(30) DEFAULT NULL,
  `UpdateAt` datetime DEFAULT NULL,
  PRIMARY KEY (`ID`)
) ENGINE=InnoDB AUTO_INCREMENT=5 DEFAULT CHARSET=latin1;

/*Data for the table `courses_groups` */

insert  into `courses_groups`(`ID`,`Name`,`UpdateBy`,`UpdateAt`) values 
(1,'Mk. Pengembangan Kepribadian','2017090','2018-01-01 00:18:28'),
(2,'Mk. Keilmuan & Ketrampilan','2017090','2018-01-02 00:18:41'),
(3,'Mk. Keahlian Berkarya','2017090','2018-01-02 00:18:41'),
(4,'Mk. Perilaku Berkarya','2017090','2018-01-02 00:18:41');

/*Table structure for table `curriculum` */

DROP TABLE IF EXISTS `curriculum`;

CREATE TABLE `curriculum` (
  `ID` int(11) NOT NULL AUTO_INCREMENT,
  `Year` int(11) DEFAULT NULL,
  `Name` varchar(100) DEFAULT NULL,
  `CreateAt` datetime DEFAULT NULL,
  `CreateBy` varchar(45) DEFAULT NULL,
  `UpdateAt` datetime DEFAULT NULL,
  `UpdateBy` varchar(45) DEFAULT NULL,
  PRIMARY KEY (`ID`)
) ENGINE=InnoDB AUTO_INCREMENT=6 DEFAULT CHARSET=latin1;

/*Data for the table `curriculum` */

insert  into `curriculum`(`ID`,`Year`,`Name`,`CreateAt`,`CreateBy`,`UpdateAt`,`UpdateBy`) values 
(1,2014,'Kurikulum 2014','2016-10-01 14:00:13','2016065','2016-10-01 14:00:13','2017090'),
(2,2015,'Kurikulum 2015','2016-10-01 14:00:13','2016065','2017-12-20 14:00:40','2016065'),
(3,2016,'Kurikulum 2016','2016-10-01 14:00:13','2016065','2017-10-11 14:00:55','1014026'),
(4,2017,'Kurikulum 2017','2016-10-01 14:00:13','2016065','2017-12-14 14:00:59','1014026'),
(5,2018,'Kurikulum 2018','2018-03-06 14:50:22','2017090','2018-03-06 14:50:22','2017090');

/*Table structure for table `curriculum_details` */

DROP TABLE IF EXISTS `curriculum_details`;

CREATE TABLE `curriculum_details` (
  `ID` int(11) NOT NULL AUTO_INCREMENT,
  `CurriculumID` int(11) NOT NULL,
  `Semester` int(11) DEFAULT NULL,
  `CurriculumTypeID` int(11) DEFAULT NULL,
  `ProdiID` int(11) NOT NULL,
  `EducationLevelID` int(11) DEFAULT NULL,
  `MKID` int(11) NOT NULL,
  `MKCode` varchar(45) DEFAULT NULL,
  `MKType` enum('1','0') DEFAULT NULL COMMENT '0 = Pilihan, 1 = Wajib',
  `LecturerNIP` varchar(45) DEFAULT NULL,
  `CoursesGroupsID` int(11) DEFAULT NULL,
  `TotalSKS` int(11) DEFAULT NULL,
  `SKSTeori` int(11) DEFAULT NULL,
  `SKSPraktikum` int(11) DEFAULT NULL,
  `SKSPraktikLapangan` int(11) DEFAULT NULL,
  `StatusMK` int(11) DEFAULT NULL,
  `StatusPrecondition` enum('0','1') DEFAULT NULL,
  `DataPrecondition` text,
  `StatusSilabus` int(11) DEFAULT NULL,
  `StatusSAP` int(11) DEFAULT NULL,
  `UpdateBy` varchar(45) DEFAULT NULL,
  `UpdateAt` datetime DEFAULT NULL,
  PRIMARY KEY (`ID`)
) ENGINE=InnoDB AUTO_INCREMENT=972 DEFAULT CHARSET=latin1;

/*Data for the table `curriculum_details` */

insert  into `curriculum_details`(`ID`,`CurriculumID`,`Semester`,`CurriculumTypeID`,`ProdiID`,`EducationLevelID`,`MKID`,`MKCode`,`MKType`,`LecturerNIP`,`CoursesGroupsID`,`TotalSKS`,`SKSTeori`,`SKSPraktikum`,`SKSPraktikLapangan`,`StatusMK`,`StatusPrecondition`,`DataPrecondition`,`StatusSilabus`,`StatusSAP`,`UpdateBy`,`UpdateAt`) values 
(1,1,1,2,4,0,1,'UNI1004','1','1214044',0,4,4,0,0,0,'0','',0,0,'2017090','2018-01-08 10:10:10'),
(2,1,1,2,3,0,2,'UNI1003','1','1114058',0,4,4,0,0,0,'0','',0,0,'2017090','2018-01-08 10:10:10'),
(3,1,1,1,3,0,3,'UNI1001','1','1114005',0,3,3,0,0,0,NULL,'',0,0,'2017090','2018-01-08 10:10:10'),
(4,1,1,2,4,0,4,'SOC1001','1','1114005',0,4,4,0,0,0,NULL,'',0,0,'2017090','2018-01-08 10:10:10'),
(5,1,1,1,4,0,5,'UNI1002','1','NULL',0,4,4,0,0,0,NULL,'',0,0,'2017090','2018-01-08 10:10:10'),
(6,1,1,2,3,0,1,'UNI1004','1','1114053',0,4,4,0,0,0,NULL,'',0,0,'2017090','2018-01-08 10:10:10'),
(7,1,1,1,3,0,4,'SOC1001','1','1014034',0,4,4,0,0,0,NULL,'',0,0,'2017090','2018-01-08 10:10:10'),
(8,1,1,1,3,0,5,'UNI1002','1','1214044',0,4,4,0,0,0,NULL,'',0,0,'2017090','2018-01-08 10:10:10'),
(9,1,1,2,5,0,1,'UNI1004','1','1114053',0,4,4,0,0,0,NULL,'',0,0,'2017090','2018-01-08 10:10:10'),
(10,1,1,2,5,0,2,'UNI1003','1','1114058',0,4,4,0,0,0,NULL,'',0,0,'2017090','2018-01-08 10:10:10'),
(11,1,1,2,5,0,3,'UNI1001','1','1114005',0,3,3,0,0,0,NULL,'',0,0,'2017090','2018-01-08 10:10:10'),
(12,1,1,2,4,0,2,'UNI1003','1','NULL',0,4,4,0,0,0,NULL,'',0,0,'2017090','2018-01-08 10:10:10'),
(13,1,1,2,1,0,3,'UNI1001','1','1114005',0,3,3,0,0,0,NULL,'',0,0,'2017090','2018-01-08 10:10:10'),
(14,1,1,2,1,0,2,'UNI1003','1','NULL',0,4,4,0,0,0,NULL,'',0,0,'2017090','2018-01-08 10:10:10'),
(15,1,1,2,2,0,1,'UNI1004','1','1114053',0,4,4,0,0,0,NULL,'',0,0,'2017090','2018-01-08 10:10:10'),
(16,1,1,2,2,0,3,'UNI1001','1','1114005',0,3,3,0,0,0,NULL,'',0,0,'2017090','2018-01-08 10:10:10'),
(17,1,1,2,2,0,2,'UNI1003','1','1114058',0,4,4,0,0,0,NULL,'',0,0,'2017090','2018-01-08 10:10:10'),
(18,1,1,1,1,0,8,'ARC1011','1','2114045',0,3,2,1,0,0,NULL,'',0,0,'2017090','2018-01-08 10:10:10'),
(19,1,1,1,1,0,9,'ARC1021','1','2114041',0,3,1,2,0,0,NULL,'',0,0,'2017090','2018-01-08 10:10:10'),
(20,1,1,1,1,0,10,'ARC1031','1','2114040',0,3,1,2,0,0,NULL,'',0,0,'2017090','2018-01-08 10:10:10'),
(21,1,1,1,1,0,11,'ARC1041','1','2114033',0,6,2,4,0,0,NULL,'',0,0,'2017090','2018-01-08 10:10:10'),
(22,1,1,1,2,0,12,'CEM1011','1','1014034',0,2,2,0,0,0,NULL,'',0,0,'2017090','2018-01-08 10:10:10'),
(23,1,1,1,2,0,13,'CEM1012','1','1014034',0,2,2,0,0,0,NULL,'',0,0,'2017090','2018-01-08 10:10:10'),
(24,1,1,1,2,0,14,'CEM1013','1','2214067',0,2,2,0,0,0,NULL,'',0,0,'2017090','2018-01-08 10:10:10'),
(25,1,1,1,2,0,15,'CEM1031','1','2214066',0,2,2,0,0,0,NULL,'',0,0,'2017090','2018-01-08 10:10:10'),
(26,1,1,1,2,0,16,'CEM1041','1','2114002',0,2,2,0,0,0,NULL,'',0,0,'2017090','2018-01-08 10:10:10'),
(27,1,1,1,5,0,17,'HBP1007','1','3114065',0,4,2,2,0,0,NULL,'',0,0,'2017090','2018-01-08 10:10:10'),
(28,1,1,1,5,0,18,'HBP1008','1','3114065',0,4,2,2,0,0,NULL,'',0,0,'2017090','2018-01-08 10:10:10'),
(29,1,1,1,5,0,19,'HBP1009','1','3114065',0,2,0,2,0,0,NULL,'',0,0,'2017090','2018-01-08 10:10:10'),
(30,1,1,2,5,0,20,'HBP1004','1','3114014',0,1,0,1,0,0,NULL,'',0,0,'2017090','2018-01-08 10:10:10'),
(31,1,2,1,2,0,22,'CEM2042','1','NULL',0,3,3,0,0,0,NULL,'',0,0,'2017090','2018-01-08 10:10:10'),
(32,1,2,1,2,0,23,'CEM2011','1','NULL',0,2,2,0,0,0,NULL,'',0,0,'2017090','2018-01-08 10:10:10'),
(33,1,2,1,2,0,24,'CEM2031','1','2214066',0,2,2,0,0,0,NULL,'',0,0,'2017090','2018-01-08 10:10:10'),
(34,1,2,1,2,0,25,'CEM2032','1','NULL',0,2,2,0,0,0,NULL,'',0,0,'2017090','2018-01-08 10:10:10'),
(35,1,2,1,2,0,26,'CEM2051','1','NULL',0,3,3,0,0,0,NULL,'',0,0,'2017090','2018-01-08 10:10:10'),
(36,1,2,1,2,0,27,'CEM2052','1','NULL',0,2,2,0,0,0,NULL,'',0,0,'2017090','2018-01-08 10:10:10'),
(37,1,2,1,2,0,21,'CEM2043','1','2214036',0,2,2,0,0,0,NULL,'',0,0,'2017090','2018-01-08 10:10:10'),
(38,1,2,1,3,0,28,'UNI2005','1','1114005',0,4,4,0,0,0,'1','3',0,0,'2017090','0000-00-00 00:00:00'),
(39,1,2,1,3,0,29,'SOC2002','1','1114055',0,4,4,0,0,0,'1','4',0,0,'2017090','0000-00-00 00:00:00'),
(40,1,2,1,3,0,30,'SOC2003','1','1114058',0,4,4,0,0,0,'1','2',0,0,'2017090','0000-00-00 00:00:00'),
(41,1,2,1,3,0,31,'SOC2004','1','1114053',0,2,2,0,0,0,NULL,'',0,0,'2017090','2018-01-08 10:10:10'),
(42,1,2,1,3,0,32,'SOC2005','1','1114053',0,2,2,0,0,0,NULL,'',0,0,'2017090','2018-01-08 10:10:10'),
(43,1,2,1,3,0,33,'SOC2006','1','1114053',0,4,4,0,0,0,NULL,'',0,0,'2017090','2018-01-08 10:10:10'),
(44,1,2,1,1,0,36,'ARC2012','1','2114045',0,3,2,1,0,0,NULL,'',0,0,'2017090','2018-01-08 10:10:10'),
(45,1,2,1,1,0,35,'ARC2022','1','2114041',0,3,1,2,0,0,NULL,'',0,0,'2017090','2018-01-08 10:10:10'),
(46,1,2,1,1,0,37,'ARC2032','1','2114002',0,3,1,2,0,0,NULL,'',0,0,'2017090','2018-01-08 10:10:10'),
(47,1,2,1,1,0,38,'ARC2061','1','2114040',0,3,2,1,0,0,NULL,'',0,0,'2017090','2018-01-08 10:10:10'),
(48,1,2,1,4,0,28,'UNI2005','1','1114005',0,4,4,0,0,0,'1','3',0,0,'2017090','0000-00-00 00:00:00'),
(49,1,2,1,4,0,29,'SOC2002','1','1114055',0,4,4,0,0,0,'1','4',0,0,'2017090','0000-00-00 00:00:00'),
(50,1,2,1,4,0,30,'SOC2003','1','1114058',0,4,4,0,0,0,'1','2',0,0,'2017090','0000-00-00 00:00:00'),
(51,1,2,1,4,0,31,'SOC2004','1','1114053',0,2,2,0,0,0,NULL,'',0,0,'2017090','2018-01-08 10:10:10'),
(52,1,2,1,4,0,32,'SOC2005','1','1114013',0,2,2,0,0,0,NULL,'',0,0,'2017090','2018-01-08 10:10:10'),
(53,1,2,1,4,0,33,'SOC2006','1','1114053',0,4,4,0,0,0,NULL,'',0,0,'2017090','2018-01-08 10:10:10'),
(54,1,2,2,5,0,28,'UNI2005','1','1114005',0,4,4,0,0,0,NULL,'',0,0,'2017090','2018-01-08 10:10:10'),
(55,1,2,2,5,0,30,'SOC2003','1','1114058',0,4,4,0,0,0,NULL,'',0,0,'2017090','2018-01-08 10:10:10'),
(56,1,2,2,5,0,39,'HBP2017T','1','3114016',0,2,2,0,0,0,NULL,'',0,0,'2017090','2018-01-08 10:10:10'),
(57,1,2,1,5,0,42,'HBP2001T','1','3114039',0,2,2,0,0,0,NULL,'',0,0,'2017090','2018-01-08 10:10:10'),
(58,1,2,1,5,0,41,'HBP2003T','1','3114016',0,2,2,0,0,0,NULL,'',0,0,'2017090','2018-01-08 10:10:10'),
(59,1,2,1,5,0,40,'HBP2005T','1','3114014',0,2,2,0,0,0,NULL,'',0,0,'2017090','2018-01-08 10:10:10'),
(60,1,2,1,2,0,43,'CEM2041','1','2215084',0,3,3,0,0,0,NULL,'',0,0,'2017090','2018-01-08 10:10:10'),
(61,1,2,1,4,0,46,'ACC2101','1','1214044',0,1,0,1,0,0,NULL,'',0,0,'2017090','2018-01-08 10:10:10'),
(62,1,2,1,1,0,34,'ARC2042','1','2114033',0,6,2,4,0,0,NULL,'',0,0,'2017090','2018-01-08 10:10:10'),
(63,1,2,1,5,0,47,'HBP2017P','1','3114016',0,2,0,2,0,0,NULL,'',0,0,'2017090','2018-01-08 10:10:10'),
(64,1,2,1,5,0,50,'HBP2005P','1','3114016',0,2,0,2,0,0,NULL,'',0,0,'2017090','2018-01-08 10:10:10'),
(65,1,2,1,5,0,51,'HBP2003P','1','3114014',0,2,0,2,0,0,NULL,'',0,0,'2017090','2018-01-08 10:10:10'),
(66,1,2,1,5,0,52,'HBP2001P','1','3114039',0,2,0,2,0,0,NULL,'',0,0,'2017090','2018-01-08 10:10:10'),
(67,1,3,1,3,0,53,'SOC3001','1','1215032',0,3,3,0,0,0,'1','5',0,0,'2017090','0000-00-00 00:00:00'),
(68,1,3,1,3,0,54,'SOC3002','1','1115027',0,3,3,0,0,0,'1','5',0,0,'2017090','0000-00-00 00:00:00'),
(69,1,3,1,3,0,55,'SOC3003','1','1114005',0,3,3,0,0,0,'1','33',0,0,'2017090','0000-00-00 00:00:00'),
(70,1,3,1,3,0,56,'SOC3004','1','3015087',0,4,4,0,0,0,NULL,'',0,0,'2017090','2018-01-08 10:10:10'),
(71,1,3,1,3,0,57,'ENT3001','1','1114053',0,4,4,0,0,0,'1','3',0,0,'2017090','0000-00-00 00:00:00'),
(72,1,3,1,3,0,58,'SOC2107','1','1115027',0,4,4,0,0,0,NULL,'',0,0,'2017090','2018-01-08 10:10:10'),
(73,1,3,1,2,0,68,'CEM3011','1','2215008',0,3,3,0,0,0,NULL,'',0,0,'2017090','2018-01-08 10:10:10'),
(74,1,3,1,2,0,70,'CEM3032','1','2215017',0,3,3,0,0,0,NULL,'',0,0,'2017090','2018-01-08 10:10:10'),
(75,1,3,1,2,0,71,'CEM3042','1','2215008',0,3,2,1,0,0,NULL,'',0,0,'2017090','2018-01-08 10:10:10'),
(76,1,3,1,2,0,72,'CEM3043','1','2215084',0,3,3,0,0,0,NULL,'',0,0,'2017090','2018-01-08 10:10:10'),
(77,1,3,1,2,0,73,'CEM3052','1','2215017',0,3,3,0,0,0,NULL,'',0,0,'2017090','2018-01-08 10:10:10'),
(78,1,3,1,5,0,77,'HBP3017','1','3114038',0,4,4,0,0,0,NULL,'',0,0,'2017090','2018-01-08 10:10:10'),
(79,1,3,1,5,0,78,'HBP3012','1','3114016',0,8,0,0,8,0,NULL,'',0,0,'2017090','2018-01-08 10:10:10'),
(80,1,3,1,4,0,59,'ACC3001','1','1215032',0,3,3,0,0,0,NULL,'',0,0,'2017090','2018-01-08 10:10:10'),
(81,1,3,2,4,0,58,'SOC2107','1','1115027',0,4,4,0,0,0,NULL,'',0,0,'2017090','2018-01-08 10:10:10'),
(82,1,3,1,4,0,56,'SOC3004','1','3015087',0,4,4,0,0,0,NULL,'',0,0,'2017090','2018-01-08 10:10:10'),
(83,1,3,2,4,0,54,'SOC3002','1','1115027',0,3,3,0,0,0,'1','66',0,0,'2017090','0000-00-00 00:00:00'),
(84,1,3,1,4,0,60,'ACC3002','1','1215032',0,4,4,0,0,0,'1','66',0,0,'2017090','0000-00-00 00:00:00'),
(85,1,3,1,4,0,55,'SOC3003','1','1114005',0,3,3,0,0,0,'1','33',0,0,'2017090','0000-00-00 00:00:00'),
(86,1,3,2,1,0,79,'ARC 3013','1','2114040',0,3,2,1,0,0,NULL,'',0,0,'2017090','2018-01-08 10:10:10'),
(87,1,3,1,1,0,80,'ARC3023','1','2114041',0,3,1,2,0,0,NULL,'',0,0,'2017090','2018-01-08 10:10:10'),
(88,1,3,2,1,0,81,'ARC 3033','1','2114045',0,3,1,2,0,0,NULL,'',0,0,'2017090','2018-01-08 10:10:10'),
(89,1,3,1,1,0,82,'ARC 3043','1','2114033',0,6,2,4,0,0,NULL,'',0,0,'2017090','2018-01-08 10:10:10'),
(90,1,3,1,1,0,1,'UNI1004','1','1114053',0,4,4,0,0,0,NULL,'',0,0,'2017090','2018-01-08 10:10:10'),
(91,1,3,1,1,0,83,'MKU004 ','1','2114002',0,2,2,0,0,0,NULL,'',0,0,'2017090','2018-01-08 10:10:10'),
(92,1,3,1,1,0,168,'UNC0101','1','3015016',0,2,2,0,0,0,NULL,'',0,0,'2017090','2018-01-08 10:10:10'),
(93,1,3,1,2,0,101,'CEM3031','1','2214036',0,2,2,0,0,0,NULL,'',0,0,'2017090','2018-01-08 10:10:10'),
(94,1,6,2,2,0,89,'MKU002','1','3015016',0,2,2,0,0,0,NULL,'',0,0,'2017090','2018-01-08 10:10:10'),
(95,1,6,1,2,0,83,'MKU004 ','1','1014073',0,2,2,0,0,0,NULL,'',0,0,'2017090','2018-01-08 10:10:10'),
(96,1,4,1,3,0,104,'SOC4005','1','1115027',0,3,3,0,0,0,NULL,'',0,0,'2017090','2018-01-08 10:10:10'),
(97,1,4,1,3,0,106,'SOC4007','1','1115054',0,3,3,0,0,0,NULL,'',0,0,'2017090','2018-01-08 10:10:10'),
(98,1,4,1,3,0,105,'SOC4006','1','1114080',0,3,3,0,0,0,NULL,'',0,0,'2017090','2018-01-08 10:10:10'),
(99,1,4,2,3,0,107,'SOC4008','1','1115027',0,4,4,0,0,0,'1','58',0,0,'2017090','0000-00-00 00:00:00'),
(100,1,4,1,3,0,109,'ENT4002','1','1115054',0,4,4,0,0,0,NULL,'',0,0,'2017090','2018-01-08 10:10:10'),
(101,1,4,1,3,0,108,'SOC4009','1','1115018',0,1,1,0,0,0,NULL,'',0,0,'2017090','2018-01-08 10:10:10'),
(102,1,4,1,1,0,156,'ARC4051','1','2114045',0,3,2,1,0,0,NULL,'',0,0,'2017090','2018-01-08 10:10:10'),
(103,1,4,1,1,0,157,'ARC4034','1','2114045',0,3,2,1,0,0,NULL,'',0,0,'2017090','2018-01-08 10:10:10'),
(104,1,4,1,1,0,158,'ARC4044','1','2114040',0,6,2,4,0,0,NULL,'',0,0,'2017090','2018-01-08 10:10:10'),
(105,1,4,2,1,0,159,'ARC4081','0','2114002',0,3,1,2,0,0,NULL,'',0,0,'2017090','2018-01-08 10:10:10'),
(106,1,4,2,1,0,160,'ARC4024','1','2114042',0,3,1,2,0,0,NULL,'',0,0,'2017090','2018-01-08 10:10:10'),
(107,1,4,1,1,0,163,'CEM0009A','0','2214036',0,2,2,0,0,0,NULL,'',0,0,'2017090','2018-01-08 10:10:10'),
(108,1,4,1,1,0,103,'MKU003','1','3015016',0,2,2,0,0,0,NULL,'',0,0,'2017090','2018-01-08 10:10:10'),
(109,1,4,1,1,0,89,'MKU002','1','3015016',0,2,2,0,0,0,NULL,'',0,0,'2017090','2018-01-08 10:10:10'),
(110,1,4,1,4,0,104,'SOC4005','1','1115027',0,3,3,0,0,0,NULL,'',0,0,'2017090','2018-01-08 10:10:10'),
(111,1,4,1,4,0,108,'SOC4009','1','1115018',0,1,1,0,0,0,NULL,'',0,0,'2017090','2018-01-08 10:10:10'),
(112,1,4,1,4,0,105,'SOC4006','1','1114080',0,3,3,0,0,0,NULL,'',0,0,'2017090','2018-01-08 10:10:10'),
(113,1,4,1,4,0,106,'SOC4007','1','1115054',0,3,3,0,0,0,NULL,'',0,0,'2017090','2018-01-08 10:10:10'),
(114,1,4,2,4,0,107,'SOC4008','1','1115027',0,4,4,0,0,0,NULL,'',0,0,'2017090','2018-01-08 10:10:10'),
(115,1,4,1,4,0,53,'SOC3001','1','1215032',0,3,3,0,0,0,'1','5',0,0,'2017090','0000-00-00 00:00:00'),
(116,1,4,2,5,0,126,'HBP4017T','1','3114038',0,2,2,0,0,0,NULL,'',0,0,'2017090','2018-01-08 10:10:10'),
(117,1,4,2,5,0,127,'HBP4017P','1','3114038',0,2,0,2,0,0,NULL,'',0,0,'2017090','2018-01-08 10:10:10'),
(118,1,4,1,5,0,128,'HBP4013','1','3114016',0,2,2,0,0,0,NULL,'',0,0,'2017090','2018-01-08 10:10:10'),
(119,1,4,1,5,0,129,'HBP4014','1','3115006',0,2,2,0,0,0,NULL,'',0,0,'2017090','2018-01-08 10:10:10'),
(120,1,4,1,5,0,130,'HBP4011','1','3114039',0,3,3,0,0,0,NULL,'',0,0,'2017090','2018-01-08 10:10:10'),
(121,1,4,1,2,0,144,'CEM4041','1','2215008',0,3,3,0,0,0,'1','43',0,0,'2017090','0000-00-00 00:00:00'),
(122,1,4,1,2,0,145,'CEM4042','1','2215017',0,3,2,1,0,0,'1','70',0,0,'2017090','0000-00-00 00:00:00'),
(123,1,4,1,2,0,146,'CEM4051','1','2215017',0,3,2,1,0,0,NULL,'',0,0,'2017090','2018-01-08 10:10:10'),
(124,1,4,1,2,0,147,'CEM4052','1','2215017',0,2,2,0,0,0,NULL,'',0,0,'2017090','2018-01-08 10:10:10'),
(125,1,4,1,2,0,148,'CEM3051','1','2215084',0,3,3,0,0,0,NULL,'',0,0,'2017090','2018-01-08 10:10:10'),
(126,1,4,1,2,0,150,'CEM4055','1','2214036',0,3,3,0,0,0,NULL,'',0,0,'2017090','2018-01-08 10:10:10'),
(127,1,4,1,5,0,105,'SOC4006','1','3114016',0,3,2,1,0,0,NULL,'',0,0,'2017090','2018-01-08 10:10:10'),
(128,1,4,1,5,0,104,'SOC4005','1','3114016',0,3,2,1,0,0,NULL,'',0,0,'2017090','2018-01-08 10:10:10'),
(129,1,4,1,4,0,117,'ACC4003','1','1215032',0,4,4,0,0,0,'1','60',0,0,'2017090','0000-00-00 00:00:00'),
(130,1,4,1,2,0,161,'CEM6051','1','2215010',0,3,3,0,0,0,'1','26',0,0,'2017090','0000-00-00 00:00:00'),
(131,1,7,2,2,0,103,'MKU003','1','3015016',0,2,2,0,0,0,NULL,'',0,0,'2017090','2018-01-08 10:10:10'),
(132,1,6,2,3,0,103,'MKU003','1','3016009',0,2,2,0,0,0,NULL,'',0,0,'2017090','2018-01-08 10:10:10'),
(133,1,6,1,4,0,164,'ACC6006','1','1215032',0,4,4,0,0,0,NULL,'',0,0,'2017090','2018-01-08 10:10:10'),
(134,1,5,1,1,0,191,'ARC3115','1','2114041',0,8,2,6,0,0,NULL,'',0,0,'2017090','2018-01-08 10:10:10'),
(135,1,5,1,1,0,190,'ARC3151','1','2114002',0,3,3,0,0,0,NULL,'',0,0,'2017090','2018-01-08 10:10:10'),
(136,1,5,1,1,0,192,'ARC3161','1','2114002',0,3,3,0,0,0,NULL,'',0,0,'2017090','2018-01-08 10:10:10'),
(137,1,5,2,1,0,199,'ENG2101','1','2616007',0,3,3,0,0,0,NULL,'',0,0,'2017090','2018-01-08 10:10:10'),
(138,1,5,1,1,0,241,'ARC3481','1','2114040',0,3,3,0,0,0,NULL,'',0,0,'2017090','2018-01-08 10:10:10'),
(139,1,5,1,1,0,194,'ARC2483','1','2114002',0,3,3,0,0,0,NULL,'',1,1,'2017090','2018-01-08 10:10:10'),
(140,1,5,1,2,0,218,'CEM3112','1','2215084',0,3,3,0,0,0,NULL,'',0,0,'2017090','2018-01-08 10:10:10'),
(141,1,5,2,2,0,168,'UNC0101','1','1014073',0,2,2,0,0,0,NULL,'',0,0,'2017090','2018-01-08 10:10:10'),
(142,1,5,1,2,0,274,'CEM3121','1','2215017',0,3,3,0,0,0,NULL,'',0,0,'2017090','2018-01-08 10:10:10'),
(143,1,5,1,2,0,215,'CEM3122','1','2215017',0,3,3,0,0,0,NULL,'',0,0,'2017090','2018-01-08 10:10:10'),
(144,1,5,1,2,0,219,'CEM3123','1','2214036',0,3,3,0,0,0,NULL,'',0,0,'2017090','2018-01-08 10:10:10'),
(145,1,5,1,2,0,240,'CEM3481','1','2215017',0,3,3,0,0,0,NULL,'',0,0,'2017090','2018-01-08 10:10:10'),
(146,1,5,1,4,0,168,'UNC0101','1','1014073',0,2,2,0,0,0,NULL,'',0,0,'2017090','2018-01-08 10:10:10'),
(147,1,5,1,4,0,83,'MKU004 ','1','1014073',0,2,2,0,0,0,NULL,'',0,0,'2017090','2018-01-08 10:10:10'),
(148,1,6,1,4,0,213,'UNC0201','1','1014073',0,2,2,0,0,0,NULL,'',0,0,'2017090','2018-01-08 10:10:10'),
(149,1,5,1,4,0,289,'ACC5001','1','1214044',0,4,4,0,0,0,NULL,'',0,0,'2017090','2018-01-08 10:10:10'),
(150,1,5,1,4,0,290,'SOC5001','1','1115054',0,4,4,0,0,0,NULL,'',0,0,'2017090','2018-01-08 10:10:10'),
(151,1,5,1,4,0,291,'ACC5002','0','1215032',0,3,3,0,0,0,NULL,'',0,0,'2017090','2018-01-08 10:10:10'),
(152,1,5,1,4,0,293,'ACC3147','0','1215043',0,3,3,0,0,0,NULL,'',0,0,'2017090','2018-01-08 10:10:10'),
(153,1,7,1,4,0,296,'ACC7001','1','1216016',0,3,3,0,0,0,'1','164',0,0,'2017090','0000-00-00 00:00:00'),
(154,1,5,1,5,0,168,'UNC0101','1','1014073',0,2,2,0,0,0,NULL,'',0,0,'2017090','2018-01-08 10:10:10'),
(155,1,5,1,5,0,83,'MKU004 ','1','1014073',0,2,2,0,0,0,NULL,'',0,0,'2017090','2018-01-08 10:10:10'),
(156,1,5,2,5,0,297,'UNI5002','1','3114016',0,4,4,0,0,0,NULL,'',0,0,'2017090','2018-01-08 10:10:10'),
(157,1,5,1,5,0,298,'HBP5017T','1','3114016',0,2,2,0,0,0,NULL,'',0,0,'2017090','2018-01-08 10:10:10'),
(158,1,5,1,5,0,299,'HBP5017P','1','3114039',0,2,0,2,0,0,NULL,'',0,0,'2017090','2018-01-08 10:10:10'),
(159,1,5,1,5,0,304,'ELC5003T','0','3114039',0,1,1,0,0,0,NULL,'',0,0,'2017090','2018-01-08 10:10:10'),
(160,1,5,1,5,0,305,'ELC5003P','0','3114039',0,2,0,2,0,0,NULL,'',0,0,'2017090','2018-01-08 10:10:10'),
(161,1,5,1,5,0,306,'ELC5004T','0','3116015',0,1,1,0,0,0,NULL,'',0,0,'2017090','2018-01-08 10:10:10'),
(162,1,5,1,5,0,307,'ELC5004P','0','3116015',0,2,0,2,0,0,NULL,'',0,0,'2017090','2018-01-08 10:10:10'),
(163,1,5,1,5,0,308,'ELC5005','0','3116015',0,2,2,0,0,0,NULL,'',0,0,'2017090','2018-01-08 10:10:10'),
(164,1,5,1,5,0,300,'ELC5001T','0','3114014',0,2,2,0,0,0,NULL,'',0,0,'2017090','2018-01-08 10:10:10'),
(165,1,5,1,5,0,301,'ELC5001P','0','3114014',0,2,0,2,0,0,NULL,'',0,0,'2017090','2018-01-08 10:10:10'),
(166,1,5,1,5,0,302,'ELC5002T','0','3114038',0,2,2,0,0,0,NULL,'',0,0,'2017090','2018-01-08 10:10:10'),
(167,1,5,1,5,0,303,'ELC5002P','0','3114038',0,2,0,2,0,0,NULL,'',0,0,'2017090','2018-01-08 10:10:10'),
(168,1,7,2,3,0,83,'MKU004 ','1','1014073',0,2,2,0,0,0,NULL,'',0,0,'2017090','2018-01-08 10:10:10'),
(169,1,7,2,3,0,168,'UNC0101','1','1014073',0,2,2,0,0,0,NULL,'',0,0,'2017090','2018-01-08 10:10:10'),
(170,1,5,1,3,0,295,'ENT5004','1','1114080',0,2,2,0,0,0,NULL,'',0,0,'2017090','2018-01-08 10:10:10'),
(171,1,5,1,3,0,290,'SOC5001','1','1115054',0,4,4,0,0,0,NULL,'',0,0,'2017090','2018-01-08 10:10:10'),
(172,1,5,1,3,0,321,'ENT5001','1','1116013',0,4,4,0,0,0,NULL,'',0,0,'2017090','2018-01-08 10:10:10'),
(173,1,1,1,10,0,212,'ENG1105','1','2616002',0,3,3,0,0,0,NULL,'',0,0,'2017090','2018-01-08 10:10:10'),
(174,1,5,1,3,0,323,'ENT6002','1','1115027',0,4,4,0,0,0,NULL,'',0,0,'2017090','2018-01-08 10:10:10'),
(175,1,5,1,3,0,324,'ENT7003','1','1114048',0,4,4,0,0,0,NULL,'',0,0,'2017090','2018-01-08 10:10:10'),
(176,1,5,2,2,0,182,'LAW1103','0','3015016',0,3,3,0,0,0,NULL,'',0,0,'2017090','2018-01-08 10:10:10'),
(177,1,2,1,11,0,363,'PDP1206','1','2415078',0,2,0,2,0,0,NULL,'',0,0,'2017090','2018-01-08 10:10:10'),
(178,1,2,1,11,0,363,'PDP1206','1','2415078',0,2,0,2,0,0,NULL,'',0,0,'2017090','2018-01-08 10:10:10'),
(179,1,4,1,2,0,379,'CEM2223','1','2215055',0,3,3,0,0,0,NULL,'',0,0,'2017090','2018-01-08 10:10:10'),
(180,1,6,1,4,0,416,'ACC3216','1','1214044',0,2,2,0,0,0,NULL,'',0,0,'2017090','2018-01-08 10:10:10'),
(181,1,6,1,1,0,425,'URP3206','1','2516018',0,2,2,0,0,0,NULL,'',0,0,'2017090','2018-01-08 10:10:10'),
(182,1,6,1,1,0,353,'ARC3216','1','2114042',0,8,2,6,0,0,NULL,'',0,0,'2017090','2018-01-08 10:10:10'),
(183,1,6,1,1,0,354,'ARC3252','1','2516018',0,3,3,0,0,0,NULL,'',0,0,'2017090','2018-01-08 10:10:10'),
(184,1,6,1,2,0,426,'CEM3414','1','2215017',0,2,2,0,0,0,NULL,'',0,0,'2017090','2018-01-08 10:10:10'),
(185,1,6,1,2,0,382,'CEM3211','1','2215017',0,2,2,0,0,0,NULL,'',0,0,'2017090','2018-01-08 10:10:10'),
(186,1,6,1,2,0,427,'CEM3411','1','2215010',0,2,2,0,0,0,NULL,'',0,0,'2017090','2018-01-08 10:10:10'),
(187,1,6,1,2,0,381,'CEM3201','1','2616007',0,2,2,0,0,0,NULL,'',0,0,'2017090','2018-01-08 10:10:10'),
(188,1,6,1,2,0,384,'CEM3222','1','2217015',0,3,3,0,0,0,NULL,'',0,0,'2017090','2018-01-08 10:10:10'),
(189,1,6,1,2,0,380,'CEM2224','1','2215017',0,3,3,0,0,0,NULL,'',0,0,'2017090','2018-01-08 10:10:10'),
(190,1,6,1,2,0,383,'CEM3221','1','2217002',0,3,3,0,0,0,NULL,'',0,0,'2017090','2018-01-08 10:10:10'),
(191,1,6,1,3,0,89,'MKU002','1','1014073',0,2,2,0,0,0,NULL,'',0,0,'2017090','2018-01-08 10:10:10'),
(192,1,6,1,3,0,428,'ENT3233','1','2416026',0,4,4,0,0,0,NULL,'',0,0,'2017090','2018-01-08 10:10:10'),
(193,1,6,1,3,0,429,'ENT3380','1','1116036',0,4,4,0,0,0,NULL,'',0,0,'2017090','2018-01-08 10:10:10'),
(194,1,6,1,3,0,430,'ENT3232','1','1114080',0,4,4,0,0,0,NULL,'',0,0,'2017090','2018-01-08 10:10:10'),
(195,1,6,1,3,0,431,'ENT3222','1','1114080',0,2,2,0,0,0,NULL,'',0,0,'2017090','2018-01-08 10:10:10'),
(196,1,6,2,4,0,236,'UNC0202','1','3016009',0,2,2,0,0,0,NULL,'',0,0,'2017090','2018-01-08 10:10:10'),
(197,1,6,1,4,0,432,'ACC3114','1','1115054',0,2,2,0,0,0,NULL,'',0,0,'2017090','2018-01-08 10:10:10'),
(198,1,6,1,4,0,434,'ACC3220','1','1214044',0,4,4,0,0,0,NULL,'',0,0,'2017090','2018-01-08 10:10:10'),
(199,1,6,1,4,0,435,'ACC3217','1','1215032',0,3,3,0,0,0,NULL,'',0,0,'2017090','2018-01-08 10:10:10'),
(200,1,6,1,4,0,433,'ACC3218','1','1217005',0,4,4,0,0,0,NULL,'',0,0,'2017090','2018-01-08 10:10:10'),
(201,1,6,2,5,0,236,'UNC0202','1','3016009',0,2,2,0,0,0,NULL,'',0,0,'2017090','2018-01-08 10:10:10'),
(202,1,6,2,5,0,213,'UNC0201','1','1014073',0,2,2,0,0,0,NULL,'',0,0,'2017090','2018-01-08 10:10:10'),
(203,1,6,1,5,0,436,'HOT0039','1','3114039',0,2,2,0,0,0,NULL,'',0,0,'2017090','2018-01-08 10:10:10'),
(204,1,6,1,5,0,437,'HOT0040','1','3114039',0,2,0,2,0,0,NULL,'',0,0,'2017090','2018-01-08 10:10:10'),
(205,1,6,1,5,0,438,'HOT0041','1','3114016',0,2,2,0,0,0,NULL,'',0,0,'2017090','2018-01-08 10:10:10'),
(206,1,6,1,5,0,439,'HOT0042','1','3114014',0,4,4,0,0,0,NULL,'',0,0,'2017090','2018-01-08 10:10:10'),
(207,1,6,1,5,0,440,'HOT0043','0','3114038',0,2,2,0,0,0,NULL,'',0,0,'2017090','2018-01-08 10:10:10'),
(208,1,6,1,5,0,441,'HOT0044','0','3115061',0,2,2,0,0,0,NULL,'',0,0,'2017090','2018-01-08 10:10:10'),
(209,1,6,1,5,0,442,'HOT0045','0','3115061',0,2,2,0,0,0,NULL,'',0,0,'2017090','2018-01-08 10:10:10'),
(210,1,6,1,5,0,443,'HOT0046','0','3114014',0,2,2,0,0,0,NULL,'',0,0,'2017090','2018-01-08 10:10:10'),
(211,1,6,1,5,0,444,'HOT0047','0','3114039',0,2,2,0,0,0,NULL,'',0,0,'2017090','2018-01-08 10:10:10'),
(212,1,6,1,5,0,445,'HOT0048','0','3114039',0,2,0,2,0,0,NULL,'',0,0,'2017090','2018-01-08 10:10:10'),
(213,1,6,1,4,0,446,'ACC4145','0','1215043',0,3,3,0,0,0,NULL,'',0,0,'2017090','2018-01-08 10:10:10'),
(214,1,6,1,2,0,371,'CEM1201','1','2616002',0,3,3,0,0,0,NULL,'',0,0,'2017090','2018-01-08 10:10:10'),
(215,1,7,1,1,0,449,'ARC4117','1','2114033',0,8,0,8,0,0,NULL,'',0,0,'2017090','2018-01-08 10:10:10'),
(216,1,7,1,1,0,462,'ARC4162','1','2114002',0,3,0,0,3,0,NULL,'',0,0,'2017090','2018-01-08 10:10:10'),
(217,1,7,1,4,0,451,'ACC4144','1','1215032',0,3,3,0,0,0,NULL,'',0,0,'2017090','2018-01-08 10:10:10'),
(218,1,7,1,4,0,465,'ACC4147','1','1217005',0,3,0,3,0,0,NULL,'',0,0,'2017090','2018-01-08 10:10:10'),
(219,1,7,1,4,0,466,'ACC4119','1','1217005',0,2,2,0,0,0,NULL,'',0,0,'2017090','2018-01-08 10:10:10'),
(220,1,7,1,2,0,452,'CEM3422','1','2217002',0,2,2,0,0,0,NULL,'',0,0,'2017090','2018-01-08 10:10:10'),
(221,1,7,1,2,0,453,'CEM4113','1','2217057',0,3,3,0,0,0,NULL,'',0,0,'2017090','2018-01-08 10:10:10'),
(222,1,7,1,2,0,455,'CEM4481','1','2215017',0,2,2,0,0,0,NULL,'',0,0,'2017090','2018-01-08 10:10:10'),
(223,1,7,1,2,0,460,'CEM4112','1','2215017',0,2,2,0,0,0,NULL,'',0,0,'2017090','2018-01-08 10:10:10'),
(224,1,7,1,2,0,458,'CEM4111','1','2215017',0,2,2,0,0,0,NULL,'',0,0,'2017090','2018-01-08 10:10:10'),
(225,1,7,1,2,0,467,'CEM3415','1','2215017',0,2,2,0,0,0,NULL,'',0,0,'2017090','2018-01-08 10:10:10'),
(226,1,7,1,3,0,463,'ENT4135','1','1116066',0,4,4,0,0,0,NULL,'',0,0,'2017090','2018-01-08 10:10:10'),
(227,1,7,1,5,0,459,'HBP4703','1','3114016',0,2,2,0,0,0,NULL,'',0,0,'2017090','2018-01-08 10:10:10'),
(228,1,7,1,5,0,481,'HBP4702','1','1215043',0,2,2,0,0,0,NULL,'',0,0,'2017090','2018-01-08 10:10:10'),
(229,1,7,1,5,0,464,'HBP4701','1','3114016',0,2,2,0,0,0,NULL,'',0,0,'2017090','2018-01-08 10:10:10'),
(230,1,7,1,5,0,454,'HBP4707','1','3114016',0,2,2,0,0,0,NULL,'',0,0,'2017090','2018-01-08 10:10:10'),
(231,1,7,1,5,0,456,'HBP4706','1','3114038',0,2,0,0,0,0,NULL,'',0,0,'2017090','2018-01-08 10:10:10'),
(232,1,7,1,5,0,457,'HBP4705','1','3114038',0,2,2,0,0,0,NULL,'',0,0,'2017090','2018-01-08 10:10:10'),
(233,1,7,1,2,0,452,'CEM3422','1','2217002',0,2,2,0,0,0,NULL,'',0,0,'2017090','2018-01-08 10:10:10'),
(234,1,7,1,2,0,453,'CEM4113','1','2217057',0,3,3,0,0,0,NULL,'',0,0,'2017090','2018-01-08 10:10:10'),
(235,1,7,1,2,0,455,'CEM4481','1','2215017',0,2,2,0,0,0,NULL,'',0,0,'2017090','2018-01-08 10:10:10'),
(236,1,7,1,2,0,458,'CEM4111','1','1214044',0,2,2,0,0,0,NULL,'',0,0,'2017090','2018-01-08 10:10:10'),
(237,1,7,1,2,0,461,'CEM4480','1','2217002',0,4,0,0,4,0,NULL,'',0,0,'2017090','2018-01-08 10:10:10'),
(238,1,7,1,2,0,83,'MKU004 ','1','1014073',0,2,2,0,0,0,NULL,'',0,0,'2017090','2018-01-08 10:10:10'),
(239,1,7,1,2,0,467,'CEM3415','1','1214044',0,2,2,0,0,0,NULL,'',0,0,'2017090','2018-01-08 10:10:10'),
(240,1,7,1,3,0,448,'ENT4290','1','1116066',0,6,0,0,6,0,NULL,'',0,0,'2017090','2018-01-08 10:10:10'),
(241,1,7,1,3,0,483,'ENT4120','1','1114080',0,4,4,0,0,0,NULL,'',0,0,'2017090','2018-01-08 10:10:10'),
(242,1,7,1,4,0,447,'ACC4121','1','1217059',0,4,4,0,0,0,NULL,'',0,0,'2017090','2018-01-08 10:10:10'),
(243,1,7,1,4,0,450,'ACC4122','1','1115054',0,4,4,0,0,0,NULL,'',0,0,'2017090','2018-01-08 10:10:10'),
(244,1,7,1,4,0,451,'ACC4144','1','1215032',0,3,3,0,0,0,NULL,'',0,0,'2017090','2018-01-08 10:10:10'),
(245,1,7,1,4,0,466,'ACC4119','1','1217005',0,3,2,0,0,0,NULL,'',0,0,'2017090','2018-01-08 10:10:10'),
(246,1,3,1,5,0,456,'HBP4706','1','3116015',0,2,0,2,0,0,NULL,'',0,0,'2017090','2018-01-08 10:10:10'),
(247,1,7,1,5,0,457,'HBP4705','1','3114038',0,2,2,0,0,0,NULL,'',0,0,'2017090','2018-01-08 10:10:10'),
(248,1,7,1,5,0,459,'HBP4703','1','3114016',0,2,2,0,0,0,NULL,'',0,0,'2017090','2018-01-08 10:10:10'),
(249,1,7,1,5,0,320,'PUN0011','1','1214044',0,3,3,0,0,0,NULL,'',0,0,'2017090','2018-01-08 10:10:10'),
(250,1,7,1,5,0,326,'PUN0022','1','3117039',0,4,4,0,0,0,NULL,'',0,0,'2017090','2018-01-08 10:10:10'),
(251,1,7,1,1,0,458,'CEM4111','0','NULL',0,2,2,0,0,0,NULL,'',0,0,'2017090','2018-01-08 10:10:10'),
(252,1,7,1,2,0,280,'URP1103','0','NULL',0,3,3,0,0,0,NULL,'',0,0,'2017090','2018-01-08 10:10:10'),
(253,1,7,1,3,0,328,'ENT1120','1','1115027',0,4,4,0,0,0,NULL,'',0,0,'2017090','2018-01-08 10:10:10'),
(254,1,7,1,2,0,210,'LAW2103','0','3015034',0,2,2,0,0,0,NULL,'',0,0,'2017090','2018-01-08 10:10:10'),
(255,1,8,1,3,0,517,'ENT4181','1','1116036',0,6,6,0,0,0,NULL,'',0,0,'2017090','2018-01-08 10:10:10'),
(256,1,8,1,3,0,518,'ENT4291','1','1117048',0,6,6,0,0,0,'0','',0,0,'2017090','2018-01-08 10:10:10'),
(257,1,8,1,4,0,519,'ACC4223','1','NULL',0,6,6,0,0,0,NULL,'',0,0,'2017090','2018-01-08 10:10:10'),
(258,1,8,1,4,0,520,'ACC4224','1','1217099',0,3,3,0,0,0,NULL,'',0,0,'2017090','2018-01-08 10:10:10'),
(259,2,1,1,2,0,75,'CEM0002','1','2214036',0,2,2,0,0,0,NULL,'',0,0,'2017090','2018-01-08 10:10:10'),
(260,2,1,2,6,0,85,'LAW0001','1','3015087',0,3,3,0,0,0,NULL,'',0,0,'2017090','2018-01-08 10:10:10'),
(261,2,1,2,6,0,86,'LAW0002','1','3015087',0,4,4,0,0,0,NULL,'',0,0,'2017090','2018-01-08 10:10:10'),
(262,2,1,1,6,0,87,'LAW0003','1','3015016',0,3,3,0,0,0,NULL,'',0,0,'2017090','2018-01-08 10:10:10'),
(263,2,1,1,6,0,88,'LAW0004','1','3015087',0,3,3,0,0,0,NULL,'',0,0,'2017090','2018-01-08 10:10:10'),
(264,2,1,1,7,0,168,'UNC0101','1','3015016',0,2,2,0,0,0,NULL,'',0,0,'2017090','2018-01-08 10:10:10'),
(265,2,1,1,6,0,89,'MKU002','1','3015016',0,2,2,0,0,0,NULL,'',0,0,'2017090','2018-01-08 10:10:10'),
(266,2,1,2,6,0,63,'WUN0011','1','1114005',0,3,3,0,0,0,NULL,'',0,0,'2017090','2018-01-08 10:10:10'),
(267,2,1,2,3,0,63,'WUN0011','1','1114005',0,3,3,0,0,0,NULL,'',0,0,'2017090','2018-01-08 10:10:10'),
(268,2,1,2,3,0,64,'WUN0012','1','1014023',0,4,4,0,0,0,NULL,'',0,0,'2017090','2018-01-08 10:10:10'),
(269,2,1,2,3,0,67,'WUN0005','1','1114053',0,4,4,0,0,0,NULL,'',0,0,'2017090','2018-01-08 10:10:10'),
(270,2,1,2,3,0,65,'PUN0001','1','1114055',0,4,4,0,0,0,NULL,'',0,0,'2017090','2018-01-08 10:10:10'),
(271,2,1,2,3,0,66,'PUN0002','1','1215032',0,4,4,0,0,0,NULL,'',0,0,'2017090','2018-01-08 10:10:10'),
(272,2,1,2,4,0,63,'WUN0011','1','1114005',0,3,3,0,0,0,NULL,'',0,0,'2017090','2018-01-08 10:10:10'),
(273,2,1,2,4,0,64,'WUN0012','1','1014023',0,4,4,0,0,0,NULL,'',0,0,'2017090','2018-01-08 10:10:10'),
(274,2,1,2,4,0,67,'WUN0005','1','1114053',0,4,4,0,0,0,NULL,'',0,0,'2017090','2018-01-08 10:10:10'),
(275,2,1,2,4,0,65,'PUN0001','1','1114055',0,4,4,0,0,0,NULL,'',0,0,'2017090','2018-01-08 10:10:10'),
(276,2,1,1,4,0,66,'PUN0002','1','1215032',0,4,4,0,0,0,NULL,'',0,0,'2017090','2018-01-08 10:10:10'),
(277,2,1,2,5,0,63,'WUN0011','1','1114005',0,3,3,0,0,0,NULL,'',0,0,'2017090','2018-01-08 10:10:10'),
(278,2,1,2,5,0,64,'WUN0012','1','1014023',0,4,4,0,0,0,NULL,'',0,0,'2017090','2018-01-08 10:10:10'),
(279,2,1,2,1,0,63,'WUN0011','1','1114005',0,3,3,0,0,0,NULL,'',0,0,'2017090','2018-01-08 10:10:10'),
(280,2,1,2,2,0,63,'WUN0011','1','1114005',0,3,3,0,0,0,NULL,'',0,0,'2017090','2018-01-08 10:10:10'),
(281,2,1,2,2,0,64,'WUN0012','1','1014023',0,4,4,0,0,0,NULL,'',0,0,'2017090','2018-01-08 10:10:10'),
(282,2,1,2,2,0,67,'WUN0005','1','1114053',0,4,4,0,0,0,NULL,'',0,0,'2017090','2018-01-08 10:10:10'),
(283,2,1,1,2,0,74,'CEM0001','1','1014034',0,3,2,1,0,0,NULL,'',1,0,'2017090','2018-01-08 10:10:10'),
(284,2,1,1,2,0,76,'CEM0003','1','2214067',0,2,2,0,0,0,NULL,'',0,0,'2017090','2018-01-08 10:10:10'),
(285,2,1,1,5,0,90,'HOT0001','1','3114038',0,2,2,0,0,0,NULL,'',0,0,'2017090','2018-01-08 10:10:10'),
(286,2,1,1,5,0,91,'HOT0002','1','3115006',0,2,0,2,0,0,NULL,'',0,0,'2017090','2018-01-08 10:10:10'),
(287,2,1,1,5,0,92,'HOT0003','1','3114014',0,2,2,0,0,0,NULL,'',0,0,'2017090','2018-01-08 10:10:10'),
(288,2,1,1,5,0,93,'HOT0004','1','3114039',0,2,0,2,0,0,NULL,'',0,0,'2017090','2018-01-08 10:10:10'),
(289,2,1,1,5,0,94,'HOT0005','1','3114038',0,1,0,1,0,0,NULL,'',0,0,'2017090','2018-01-08 10:10:10'),
(290,2,1,1,5,0,96,'HOT0007','1','3114014',0,1,0,1,0,0,NULL,'',0,0,'2017090','2018-01-08 10:10:10'),
(291,2,1,1,1,0,95,'HOT0006','1','3114016',0,1,0,1,0,0,NULL,'',0,0,'2017090','2018-01-08 10:10:10'),
(292,2,1,1,1,0,97,'ARC0001','1','2114063',0,3,2,1,0,0,NULL,'',0,0,'2017090','2018-01-08 10:10:10'),
(293,2,1,1,1,0,98,'ARC0002','1','2114045',0,3,2,1,0,0,NULL,'',0,0,'2017090','2018-01-08 10:10:10'),
(294,2,1,1,1,0,99,'ARC0003','1','2114002',0,3,2,1,0,0,NULL,'',0,0,'2017090','2018-01-08 10:10:10'),
(295,2,1,1,1,0,100,'ARC0004','1','2114041',0,6,2,4,0,0,NULL,'',0,0,'2017090','2018-01-08 10:10:10'),
(296,2,1,1,6,0,168,'UNC0101','1','3015016',0,2,2,0,0,0,NULL,'',0,0,'2017090','2018-01-08 10:10:10'),
(297,2,2,1,3,0,110,'PUN0004','1','1114080',0,4,4,0,0,0,'1','63',0,0,'2017090','0000-00-00 00:00:00'),
(298,2,2,2,3,0,111,'PUN0003','1','1014023',0,4,4,0,0,0,'1','64',0,0,'2017090','0000-00-00 00:00:00'),
(299,2,2,1,3,0,112,'PUN0005','1','1114055',0,4,4,0,0,0,'1','65',0,0,'2017090','0000-00-00 00:00:00'),
(300,2,2,2,3,0,113,'PUN0006','1','1114053',0,2,2,0,0,0,NULL,'',0,0,'2017090','2018-01-08 10:10:10'),
(301,2,2,1,3,0,114,'PUN0007','1','1114053',0,2,2,0,0,0,NULL,'',0,0,'2017090','2018-01-08 10:10:10'),
(302,2,2,1,3,0,115,'PUN0008','1','1114053',0,4,4,0,0,0,'1','116,46',0,0,'2017090','0000-00-00 00:00:00'),
(303,2,2,1,1,0,151,'ARC0005','1','2114045',0,3,2,1,0,0,NULL,'',0,0,'2017090','2018-01-08 10:10:10'),
(304,2,2,1,1,0,152,'ARC0006','1','2114041',0,3,1,2,0,0,NULL,'',0,0,'2017090','2018-01-08 10:10:10'),
(305,2,2,1,1,0,153,'ARC0007','1','2114040',0,3,2,1,0,0,NULL,'',0,0,'2017090','2018-01-08 10:10:10'),
(306,2,2,1,1,0,154,'ARC0008','1','2114041',0,6,2,4,0,0,NULL,'',0,0,'2017090','2018-01-08 10:10:10'),
(307,2,2,2,1,0,110,'PUN0004','1','1114080',0,4,4,0,0,0,'1','63',0,0,'2017090','0000-00-00 00:00:00'),
(308,2,2,1,4,0,110,'PUN0004','1','1114080',0,4,4,0,0,0,'1','63',0,0,'2017090','0000-00-00 00:00:00'),
(309,2,2,2,4,0,111,'PUN0003','1','1014023',0,4,4,0,0,0,'1','64',0,0,'2017090','0000-00-00 00:00:00'),
(310,2,2,1,4,0,112,'PUN0005','1','1114055',0,4,4,0,0,0,'1','65',0,0,'2017090','0000-00-00 00:00:00'),
(311,2,2,2,4,0,113,'PUN0006','1','1114053',0,2,2,0,0,0,NULL,'',0,0,'2017090','2018-01-08 10:10:10'),
(312,2,2,1,4,0,114,'PUN0007','1','1114053',0,2,2,0,0,0,NULL,'',0,0,'2017090','2018-01-08 10:10:10'),
(313,2,2,1,4,0,115,'PUN0008','1','1114053',0,4,4,0,0,0,NULL,'',0,0,'2017090','2018-01-08 10:10:10'),
(314,2,2,1,4,0,116,'ACC0001','1','1214044',0,1,0,1,0,0,NULL,'',0,0,'2017090','2018-01-08 10:10:10'),
(315,2,2,2,6,0,162,'LAW0005','1','3015087',0,2,2,0,0,0,'1','87',0,0,'2017090','0000-00-00 00:00:00'),
(316,2,2,1,6,0,132,'LAW0006','1','3015087',0,2,2,0,0,0,'1','86',0,0,'2017090','0000-00-00 00:00:00'),
(317,2,2,1,6,0,133,'LAW0007','1','3015087',0,2,2,0,0,0,NULL,'',0,0,'2017090','2018-01-08 10:10:10'),
(318,2,2,1,6,0,134,'LAW0008','1','3015087',0,2,2,0,0,0,'1','87',0,0,'2017090','0000-00-00 00:00:00'),
(319,2,2,1,6,0,135,'LAW0009','1','3015087',0,3,3,0,0,0,'1','87',0,0,'2017090','0000-00-00 00:00:00'),
(320,2,2,1,6,0,136,'LAW0010','1','3015087',0,3,3,0,0,0,'1','87',0,0,'2017090','0000-00-00 00:00:00'),
(321,2,2,1,6,0,137,'LAW0011','1','3015087',0,2,2,0,0,0,'1','87',0,0,'2017090','0000-00-00 00:00:00'),
(322,2,2,2,6,0,110,'PUN0004','1','1114080',0,4,4,0,0,0,'1','63',0,0,'2017090','0000-00-00 00:00:00'),
(323,2,2,1,5,0,110,'PUN0004','1','1114080',0,4,4,0,0,0,'1','63',0,0,'2017090','0000-00-00 00:00:00'),
(324,2,2,2,5,0,118,'HOT0008','1','3114038',0,2,0,2,0,0,NULL,'',0,0,'2017090','2018-01-08 10:10:10'),
(325,2,2,2,5,0,119,'HOT0009','1','3114038',0,2,0,2,0,0,NULL,'',0,0,'2017090','2018-01-08 10:10:10'),
(326,2,2,1,5,0,124,'HOT0014','1','3114016',0,2,2,0,0,0,NULL,'',0,0,'2017090','2018-01-08 10:10:10'),
(327,2,2,1,5,0,125,'HOT0015','1','3114016',0,2,0,2,0,0,NULL,'',0,0,'2017090','2018-01-08 10:10:10'),
(328,2,2,1,5,0,120,'HOT0010','1','3114039',0,2,2,0,0,0,NULL,'',0,0,'2017090','2018-01-08 10:10:10'),
(329,2,2,1,5,0,121,'HOT0011','1','3114039',0,2,0,2,0,0,NULL,'',0,0,'2017090','2018-01-08 10:10:10'),
(330,2,2,1,5,0,122,'HOT0012','1','3114014',0,2,2,0,0,0,NULL,'',0,0,'2017090','2018-01-08 10:10:10'),
(331,2,2,1,5,0,123,'HOT0013','1','3114014',0,2,0,2,0,0,NULL,'',0,0,'2017090','2018-01-08 10:10:10'),
(332,2,2,2,2,0,110,'PUN0004','1','1114080',0,4,4,0,0,0,'1','63',0,0,'2017090','0000-00-00 00:00:00'),
(333,2,2,1,2,0,138,'CEM0004','1','2214066',0,2,2,0,0,0,NULL,'',0,0,'2017090','2018-01-08 10:10:10'),
(334,2,2,1,2,0,139,'CEM0005','1','2215009',0,3,2,1,0,0,NULL,'',0,0,'2017090','2018-01-08 10:10:10'),
(335,2,2,1,2,0,140,'CEM0006','1','2214036',0,3,2,1,0,0,NULL,'',0,0,'2017090','2018-01-08 10:10:10'),
(336,2,2,1,2,0,141,'CEM0007','1','2214036',0,2,2,0,0,0,NULL,'',0,0,'2017090','2018-01-08 10:10:10'),
(337,2,2,1,2,0,142,'CEM0008','1','2215008',0,3,3,0,0,0,NULL,'',0,0,'2017090','2018-01-08 10:10:10'),
(338,2,2,1,2,0,163,'CEM0009A','1','2215010',0,2,2,0,0,0,NULL,'',0,0,'2017090','2018-01-08 10:10:10'),
(339,2,3,1,4,0,283,'ACC0002','1','1215032',0,3,3,0,0,0,NULL,'',0,0,'2017090','2018-01-08 10:10:10'),
(340,2,3,1,4,0,284,'PUN0012','1','1115054',0,3,3,0,0,0,NULL,'',0,0,'2017090','2018-01-08 10:10:10'),
(341,2,3,1,4,0,285,'PUN0013','1','1114048',0,4,4,0,0,0,NULL,'',0,0,'2017090','2018-01-08 10:10:10'),
(342,2,3,1,4,0,286,'PUN0014','1','3015034',0,4,4,0,0,0,NULL,'',0,0,'2017090','2018-01-08 10:10:10'),
(343,2,3,1,4,0,287,'ACC0003','1','1215043',0,4,4,0,0,0,NULL,'',0,0,'2017090','2018-01-08 10:10:10'),
(344,2,3,1,4,0,288,'PUN0010','1','1115054',0,3,3,0,0,0,NULL,'',0,0,'2017090','2018-01-08 10:10:10'),
(345,2,3,1,1,0,185,'ARC2123','1','2114002',0,3,3,0,0,0,NULL,'',0,0,'2017090','2018-01-08 10:10:10'),
(346,2,3,1,1,0,186,'ARC2133','1','2114042',0,3,3,0,0,0,NULL,'',0,0,'2017090','2018-01-08 10:10:10'),
(347,2,3,1,1,0,187,'ARC2143','1','2115058',0,3,3,0,0,0,NULL,'',0,0,'2017090','2018-01-08 10:10:10'),
(348,2,3,1,1,0,188,'ARC2471','1','2114040',0,3,3,0,0,0,NULL,'',0,0,'2017090','2018-01-08 10:10:10'),
(349,2,3,1,1,0,184,'ARC2113','1','2115057',0,6,6,0,0,0,NULL,'',0,0,'2017090','2018-01-08 10:10:10'),
(350,2,3,2,1,0,168,'UNC0101','1','2114002',0,2,2,0,0,0,NULL,'',0,0,'2017090','2018-01-08 10:10:10'),
(351,2,3,1,1,0,171,'UNC0102','1','2114002',0,2,2,0,0,0,NULL,'',0,0,'2017090','2018-01-08 10:10:10'),
(352,2,3,2,1,0,189,'UGC0102','1','2114002',0,2,2,0,0,0,NULL,'',0,0,'2017090','2018-01-08 10:10:10'),
(353,2,3,1,2,0,199,'ENG2101','1','2616007',0,3,3,0,0,0,NULL,'',0,0,'2017090','2018-01-08 10:10:10'),
(354,2,3,1,2,0,271,'CEM2101','1','2215055',0,3,3,0,0,0,NULL,'',0,0,'2017090','2018-01-08 10:10:10'),
(355,2,3,1,2,0,217,'CEM2111','1','2215017',0,3,3,0,0,0,NULL,'',0,0,'2017090','2018-01-08 10:10:10'),
(356,2,3,1,2,0,221,'CEM2112','1','2214036',0,3,3,0,0,0,NULL,'',0,0,'2017090','2018-01-08 10:10:10'),
(357,2,3,1,2,0,220,'CEM2113','1','2215084',0,3,3,0,0,0,NULL,'',0,0,'2017090','2018-01-08 10:10:10'),
(358,2,3,1,2,0,276,'CEM2121','1','2215017',0,3,3,0,0,0,NULL,'',0,0,'2017090','2018-01-08 10:10:10'),
(359,2,3,2,2,0,171,'UNC0102','1','1014073',0,2,2,0,0,0,NULL,'',0,0,'2017090','2018-01-08 10:10:10'),
(360,2,7,2,3,0,168,'UNC0101','1','1014073',0,2,2,0,0,0,'1','168',0,0,'2017090','0000-00-00 00:00:00'),
(361,2,3,1,5,0,309,'HOT0016','1','3114039',0,2,2,0,0,0,NULL,'',0,0,'2017090','2018-01-08 10:10:10'),
(362,2,3,1,5,0,310,'HOT0017','1','3114039',0,2,0,2,0,0,NULL,'',0,0,'2017090','2018-01-08 10:10:10'),
(363,2,3,1,5,0,311,'HOT0018','1','3114016',0,8,0,0,8,0,NULL,'',0,0,'2017090','2018-01-08 10:10:10'),
(364,2,3,1,3,0,288,'PUN0010','1','1115054',0,3,3,0,0,0,NULL,'',0,0,'2017090','2018-01-08 10:10:10'),
(365,2,3,1,3,0,320,'PUN0011','1','1215032',0,3,3,0,0,0,NULL,'',0,0,'2017090','2018-01-08 10:10:10'),
(366,2,4,1,3,0,402,'ENT2221','1','1115027',0,3,3,0,0,0,NULL,'',0,0,'2017090','2018-01-08 10:10:10'),
(367,2,3,2,3,0,285,'PUN0013','1','1115053',0,4,4,0,0,0,NULL,'',0,0,'2017090','2018-01-08 10:10:10'),
(368,2,3,1,3,0,286,'PUN0014','1','3015087',0,4,4,0,0,0,NULL,'',0,0,'2017090','2018-01-08 10:10:10'),
(369,2,3,1,3,0,294,'ENT0001','1','1116013',0,4,4,0,0,0,NULL,'',0,0,'2017090','2018-01-08 10:10:10'),
(370,2,3,1,6,0,210,'LAW2103','1','3015034',0,2,2,0,0,0,NULL,'',0,0,'2017090','2018-01-08 10:10:10'),
(371,2,3,1,6,0,216,'LAW2104','1','3015016',0,3,3,0,0,0,NULL,'',0,0,'2017090','2018-01-08 10:10:10'),
(372,2,3,1,6,0,272,'LAW2105','1','3015087',0,2,2,0,0,0,NULL,'',0,0,'2017090','2018-01-08 10:10:10'),
(373,2,3,1,6,0,255,'LAW2106','1','3015087',0,3,3,0,0,0,NULL,'',0,0,'2017090','2018-01-08 10:10:10'),
(374,2,3,1,6,0,224,'LAW2107','1','3015016',0,3,3,0,0,0,NULL,'',0,0,'2017090','2018-01-08 10:10:10'),
(375,2,3,1,6,0,238,'LAW2108','1','3015087',0,2,2,0,0,0,NULL,'',0,0,'2017090','2018-01-08 10:10:10'),
(376,2,3,2,6,0,247,'LAW2101','1','3015087',0,2,2,0,0,0,NULL,'',0,0,'2017090','2018-01-08 10:10:10'),
(377,2,3,2,6,0,248,'LAW2102','1','3015034',0,2,2,0,0,0,NULL,'',0,0,'2017090','2018-01-08 10:10:10'),
(378,2,5,1,3,0,325,'ENT0006','1','1014023',0,4,4,0,0,0,NULL,'',0,0,'2017090','2018-01-08 10:10:10'),
(379,2,5,1,3,0,326,'PUN0022','1','1115054',0,4,4,0,0,0,NULL,'',0,0,'2017090','2018-01-08 10:10:10'),
(380,2,7,2,3,0,83,'MKU004 ','1','1014073',0,2,2,0,0,0,NULL,'',0,0,'2017090','2018-01-08 10:10:10'),
(381,2,4,2,5,0,111,'PUN0003','1','1116036',0,4,4,0,0,0,NULL,'',0,0,'2017090','2018-01-08 10:10:10'),
(382,2,4,2,1,0,213,'UNC0201','1','1014073',0,2,2,0,0,0,NULL,'',0,0,'2017090','2018-01-08 10:10:10'),
(383,2,4,2,1,0,236,'UNC0202','1','3016009',0,2,2,0,0,0,NULL,'',0,0,'2017090','2018-01-08 10:10:10'),
(384,2,4,1,1,0,347,'ARC2214','1','2114041',0,6,0,6,0,0,NULL,'',0,0,'2017090','2018-01-08 10:10:10'),
(385,2,4,1,1,0,348,'ARC2244','1','2114002',0,3,3,0,0,0,NULL,'',0,0,'2017090','2018-01-08 10:10:10'),
(386,2,4,1,1,0,349,'ARC2472','1','2114045',0,3,3,0,0,0,NULL,'',0,0,'2017090','2018-01-08 10:10:10'),
(387,2,4,1,1,0,350,'ARC2473','1','2214036',0,3,3,0,0,0,NULL,'',0,0,'2017090','2018-01-08 10:10:10'),
(388,2,4,1,1,0,401,'ARC2481','1','2114042',0,3,3,0,0,0,NULL,'',0,0,'2017090','2018-01-08 10:10:10'),
(389,2,4,1,1,0,351,'ARC2482','1','2415078',0,3,3,0,0,0,NULL,'',0,0,'2017090','2018-01-08 10:10:10'),
(390,2,4,1,2,0,374,'CEM2211','1','2215010',0,2,2,0,0,0,NULL,'',0,0,'2017090','2018-01-08 10:10:10'),
(391,2,4,1,2,0,375,'CEM2212','1','2216031',0,3,3,0,0,0,NULL,'',0,0,'2017090','2018-01-08 10:10:10'),
(392,2,4,1,2,0,376,'CEM2213','1','2214036',0,3,3,0,0,0,NULL,'',0,0,'2017090','2018-01-08 10:10:10'),
(393,2,4,1,2,0,377,'CEM2221','1','2215017',0,3,3,0,0,0,NULL,'',0,0,'2017090','2018-01-08 10:10:10'),
(394,2,4,1,2,0,378,'CEM2222','1','2217002',0,3,3,0,0,0,NULL,'',0,0,'2017090','2018-01-08 10:10:10'),
(395,2,4,1,2,0,380,'CEM2224','1','2215017',0,3,3,0,0,0,NULL,'',0,0,'2017090','2018-01-08 10:10:10'),
(396,2,4,1,2,0,379,'CEM2223','1','2215055',0,3,3,0,0,0,NULL,'',0,0,'2017090','2018-01-08 10:10:10'),
(397,2,4,1,3,0,408,'ENT2215','1','1116038',0,4,4,0,0,0,NULL,'',0,0,'2017090','2018-01-08 10:10:10'),
(398,2,4,1,3,0,407,'ENT2238','1','1115027',0,4,4,0,0,0,NULL,'',0,0,'2017090','2018-01-08 10:10:10'),
(399,2,4,1,3,0,403,'ENT2214','1','1115054',0,3,3,0,0,0,NULL,'',0,0,'2017090','2018-01-08 10:10:10'),
(400,2,4,1,3,0,404,'ENT2240','1','1116047',0,3,3,0,0,0,NULL,'',0,0,'2017090','2018-01-08 10:10:10'),
(401,2,4,1,3,0,405,'ENT2239','1','1115027',0,1,0,1,0,0,NULL,'',0,0,'2017090','2018-01-08 10:10:10'),
(402,2,4,1,3,0,406,'ENT2260','1','1115027',0,3,3,0,0,0,NULL,'',0,0,'2017090','2018-01-08 10:10:10'),
(403,2,4,1,4,0,409,'ACC2207','1','1215043',0,4,4,0,0,0,NULL,'',0,0,'2017090','2018-01-08 10:10:10'),
(404,2,4,1,4,0,410,'ACC2208','1','1215032',0,3,3,0,0,0,NULL,'',0,0,'2017090','2018-01-08 10:10:10'),
(405,2,4,1,4,0,411,'ACC2209','1','1216016',0,4,4,0,0,0,NULL,'',0,0,'2017090','2018-01-08 10:10:10'),
(406,2,4,1,4,0,412,'ACC2206','1','1115054',0,3,3,0,0,0,NULL,'',0,0,'2017090','2018-01-08 10:10:10'),
(407,2,4,1,4,0,413,'ACC2264','1','1116047',0,3,3,0,0,0,NULL,'',0,0,'2017090','2018-01-08 10:10:10'),
(408,2,4,1,4,0,414,'ACC2265','1','1115027',0,1,0,1,0,0,NULL,'',0,0,'2017090','2018-01-08 10:10:10'),
(409,2,4,1,4,0,415,'ACC2263','1','1115027',0,3,3,0,0,0,NULL,'',0,0,'2017090','2018-01-08 10:10:10'),
(410,2,4,1,5,0,111,'PUN0003','1','1116036',0,4,4,0,0,0,NULL,'',0,0,'2017090','2018-01-08 10:10:10'),
(411,2,4,1,5,0,417,'PUN0016','1','1015022',0,3,3,0,0,0,NULL,'',0,0,'2017090','2018-01-08 10:10:10'),
(412,2,4,1,5,0,418,'PUN0018','1','3116057',0,3,3,0,0,0,NULL,'',0,0,'2017090','2018-01-08 10:10:10'),
(413,2,4,1,5,0,420,'HOT0019','1','3114039',0,2,2,0,0,0,NULL,'',0,0,'2017090','2018-01-08 10:10:10'),
(414,2,4,1,5,0,419,'HOT0020','1','3114039',0,2,0,2,0,0,NULL,'',0,0,'2017090','2018-01-08 10:10:10'),
(415,2,4,1,5,0,421,'HOT0021','1','3114016',0,2,2,0,0,0,NULL,'',0,0,'2017090','2018-01-08 10:10:10'),
(416,2,4,1,5,0,423,'HOT0022','1','3114016',0,2,2,0,0,0,NULL,'',0,0,'2017090','2018-01-08 10:10:10'),
(417,2,4,1,5,0,422,'HOT0023','1','3116050',0,3,3,0,0,0,NULL,'',0,0,'2017090','2018-01-08 10:10:10'),
(418,2,4,2,6,0,236,'UNC0202','1','3016009',0,2,2,0,0,0,NULL,'',0,0,'2017090','2018-01-08 10:10:10'),
(419,2,4,1,6,0,399,'LAW2208','1','3016044',0,2,2,0,0,0,NULL,'',0,0,'2017090','2018-01-08 10:10:10'),
(420,2,4,1,6,0,397,'LAW2206','1','3015016',0,2,2,0,0,0,NULL,'',0,0,'2017090','2018-01-08 10:10:10'),
(421,2,4,1,6,0,395,'LAW2204','1','3017001',0,2,2,0,0,0,NULL,'',0,0,'2017090','2018-01-08 10:10:10'),
(422,2,4,1,6,0,398,'LAW2207','1','3015016',0,2,2,0,0,0,NULL,'',0,0,'2017090','2018-01-08 10:10:10'),
(423,2,4,1,6,0,394,'LAW2203','1','3017001',0,2,2,0,0,0,NULL,'',0,0,'2017090','2018-01-08 10:10:10'),
(424,2,4,1,6,0,393,'LAW2202','1','3015016',0,2,2,0,0,0,NULL,'',0,0,'2017090','2018-01-08 10:10:10'),
(425,2,4,1,6,0,392,'LAW2201','1','3015034',0,2,2,0,0,0,NULL,'',0,0,'2017090','2018-01-08 10:10:10'),
(426,2,4,1,6,0,424,'LAW2257','1','3016046',0,2,2,0,0,0,NULL,'',0,0,'2017090','2018-01-08 10:10:10'),
(427,2,4,1,6,0,396,'LAW2205','1','3017001',0,2,2,0,0,0,NULL,'',0,0,'2017090','2018-01-08 10:10:10'),
(428,2,4,1,2,0,369,'CEM1211','1','2214036',0,2,2,0,0,0,NULL,'',0,0,'2017090','2018-01-08 10:10:10'),
(429,2,5,1,1,0,199,'ENG2101','1','2616007',0,3,0,0,0,0,NULL,'',0,0,'2017090','2018-01-08 10:10:10'),
(430,2,5,1,1,0,191,'ARC3115','1','2114033',0,8,0,8,0,0,NULL,'',0,0,'2017090','2018-01-08 10:10:10'),
(431,2,5,1,1,0,170,'UGC0101','1','2416026',0,2,2,0,0,0,NULL,'',0,0,'2017090','2018-01-08 10:10:10'),
(432,2,5,1,1,0,192,'ARC3161','1','2117014',0,3,0,0,3,0,NULL,'',0,0,'2017090','2018-01-08 10:10:10'),
(433,2,5,1,1,0,194,'ARC2483','1','2114040',0,3,3,0,0,0,NULL,'',1,1,'2017090','2018-01-08 10:10:10'),
(434,2,5,1,1,0,190,'ARC3151','1','2516037',0,3,3,0,0,0,NULL,'',0,0,'2017090','2018-01-08 10:10:10'),
(435,2,5,1,2,0,215,'CEM3122','1','2217015',0,3,3,0,0,0,NULL,'',0,0,'2017090','2018-01-08 10:10:10'),
(436,2,5,1,2,0,218,'CEM3112','1','2216031',0,3,3,0,0,0,NULL,'',0,0,'2017090','2018-01-08 10:10:10'),
(437,2,5,1,2,0,219,'CEM3123','1','1214044',0,3,3,0,0,0,NULL,'',0,0,'2017090','2018-01-08 10:10:10'),
(438,2,5,1,2,0,240,'CEM3481','1','2217015',0,3,0,0,3,0,NULL,'',0,0,'2017090','2018-01-08 10:10:10'),
(439,2,5,1,2,0,168,'UNC0101','1','3016009',0,2,2,0,0,0,NULL,'',0,0,'2017090','2018-01-08 10:10:10'),
(440,2,5,1,2,0,482,'CEM3111','1','2217057',0,3,3,0,0,0,NULL,'',0,0,'2017090','2018-01-08 10:10:10'),
(441,2,5,1,2,0,274,'CEM3121','1','2217002',0,3,3,0,0,0,NULL,'',0,0,'2017090','2018-01-08 10:10:10'),
(442,2,5,1,3,0,484,'ENT3141','1','1114080',0,2,2,0,0,0,NULL,'',0,0,'2017090','2018-01-08 10:10:10'),
(443,2,5,1,3,0,485,'ENT3131','1','1114048',0,4,4,0,0,0,NULL,'',0,0,'2017090','2018-01-08 10:10:10'),
(444,2,5,1,3,0,486,'ENT3130','1','1017061',0,4,4,0,0,0,NULL,'',0,0,'2017090','2018-01-08 10:10:10'),
(445,2,5,1,3,0,487,'ENT3142','1','1116047',0,4,4,0,0,0,NULL,'',0,0,'2017090','2018-01-08 10:10:10'),
(446,2,5,1,3,0,488,'ENT3116','1','1115054',0,4,4,0,0,0,NULL,'',0,0,'2017090','2018-01-08 10:10:10'),
(447,2,3,1,3,0,403,'ENT2214','1','NULL',0,3,3,0,0,0,NULL,'',0,0,'2017090','2018-01-08 10:10:10'),
(448,2,3,1,4,0,197,'ACC3111','1','1214044',0,4,4,0,0,0,NULL,'',0,0,'2017090','2018-01-08 10:10:10'),
(449,2,5,1,4,0,208,'ACC4110','1','1216016',0,3,3,0,0,0,NULL,'',0,0,'2017090','2018-01-08 10:10:10'),
(450,2,5,1,4,0,197,'ACC3111','1','1214044',0,4,4,0,0,0,NULL,'',0,0,'2017090','2018-01-08 10:10:10'),
(451,2,5,1,4,0,168,'UNC0101','1','3016009',0,2,2,0,0,0,NULL,'',0,0,'2017090','2018-01-08 10:10:10'),
(452,2,5,1,4,0,254,'ACC3112','1','1115054',0,4,4,0,0,0,NULL,'',0,0,'2017090','2018-01-08 10:10:10'),
(453,2,5,1,4,0,256,'ACC3113','1','1215032',0,3,3,0,0,0,NULL,'',0,0,'2017090','2018-01-08 10:10:10'),
(454,2,5,1,4,0,83,'MKU004 ','1','1014073',0,2,2,0,0,0,NULL,'',0,0,'2017090','2018-01-08 10:10:10'),
(455,2,5,1,5,0,492,'HOT0034','1','3116015',0,2,2,0,0,0,NULL,'',0,0,'2017090','2018-01-08 10:10:10'),
(456,2,5,1,5,0,493,'HOT0033','1','3116015',0,2,2,0,0,0,NULL,'',0,0,'2017090','2018-01-08 10:10:10'),
(457,2,5,1,5,0,494,'HOT0032','1','3116015',0,1,1,0,0,0,NULL,'',0,0,'2017090','2018-01-08 10:10:10'),
(458,2,5,1,5,0,496,'HOT0025','1','3117018',0,2,2,0,0,0,NULL,'',0,0,'2017090','2018-01-08 10:10:10'),
(459,2,5,1,5,0,495,'HOT0024','1','3117018',0,2,2,0,0,0,NULL,'',0,0,'2017090','2018-01-08 10:10:10'),
(460,2,5,1,5,0,497,'HOT0029','1','3114039',0,2,2,0,0,0,NULL,'',0,0,'2017090','2018-01-08 10:10:10'),
(461,2,5,1,5,0,498,'HOT0030','1','3114039',0,1,1,0,0,0,NULL,'',0,0,'2017090','2018-01-08 10:10:10'),
(462,2,5,1,5,0,499,'HOT0035','1','3115061',0,2,2,0,0,0,NULL,'',0,0,'2017090','2018-01-08 10:10:10'),
(463,2,5,1,5,0,171,'UNC0102','1','1014073',0,2,2,0,0,0,NULL,'',0,0,'2017090','2018-01-08 10:10:10'),
(464,2,5,1,5,0,500,'HOT0028','1','1214044',0,2,2,0,0,0,NULL,'',0,0,'2017090','2018-01-08 10:10:10'),
(465,2,5,1,5,0,501,'HOT0027','1','1214044',0,2,2,0,0,0,NULL,'',0,0,'2017090','2018-01-08 10:10:10'),
(466,2,5,1,5,0,502,'HOT0026','1','1214044',0,2,2,0,0,0,NULL,'',0,0,'2017090','2018-01-08 10:10:10'),
(467,2,5,1,5,0,503,'HOT0031','1','3117016',0,2,2,0,0,0,NULL,'',0,0,'2017090','2018-01-08 10:10:10'),
(468,2,5,1,5,0,66,'PUN0002','1','1214044',0,4,4,0,0,0,NULL,'',0,0,'2017090','2018-01-08 10:10:10'),
(469,2,5,1,5,0,168,'UNC0101','1','3016009',0,2,2,0,0,0,NULL,'',0,0,'2017090','2018-01-08 10:10:10'),
(470,2,5,1,5,0,505,'HOT0036','1','1015022',0,4,4,0,0,0,NULL,'',0,0,'2017090','2018-01-08 10:10:10'),
(471,2,5,1,5,0,504,'HOT0037','1','1015022',0,2,0,2,0,0,NULL,'',0,0,'2017090','2018-01-08 10:10:10'),
(472,2,5,1,6,0,506,'LAW2255','1','NULL',0,2,2,0,0,0,NULL,'',0,0,'2017090','2018-01-08 10:10:10'),
(473,2,5,1,6,0,507,'LAW3105','1','3015034',0,2,2,0,0,0,NULL,'',0,0,'2017090','2018-01-08 10:10:10'),
(474,2,5,1,6,0,508,'LAW3106','1','3017001',0,2,2,0,0,0,NULL,'',0,0,'2017090','2018-01-08 10:10:10'),
(475,2,5,1,6,0,170,'UGC0101','1','2416026',0,2,2,0,0,0,NULL,'',0,0,'2017090','2018-01-08 10:10:10'),
(476,2,5,1,6,0,509,'LAW3103','1','NULL',0,2,2,0,0,0,NULL,'',0,0,'2017090','2018-01-08 10:10:10'),
(477,2,5,1,6,0,510,'LAW3101','1','3016044',0,2,2,0,0,0,NULL,'',0,0,'2017090','2018-01-08 10:10:10'),
(478,2,5,1,6,0,511,'LAW3104','1','3016044',0,4,4,0,0,0,NULL,'',0,0,'2017090','2018-01-08 10:10:10'),
(479,2,5,1,6,0,512,'LAW3102','1','3015034',0,2,2,0,0,0,NULL,'',0,0,'2017090','2018-01-08 10:10:10'),
(480,2,5,1,6,0,189,'UGC0102','1','1116036',0,2,2,0,0,0,NULL,'',0,0,'2017090','2018-01-08 10:10:10'),
(481,2,5,1,6,0,171,'UNC0102','1','1014073',0,2,0,0,0,0,NULL,'',0,0,'2017090','2018-01-08 10:10:10'),
(482,2,5,1,3,0,242,'ACC1101','1','NULL',0,4,4,0,0,0,NULL,'',0,0,'2017090','2018-01-08 10:10:10'),
(483,2,5,1,3,0,328,'ENT1120','1','1115027',0,4,4,0,0,0,NULL,'',0,0,'2017090','2018-01-08 10:10:10'),
(484,2,6,1,3,0,431,'ENT3222','1','1114080',0,2,2,0,0,0,NULL,'',0,0,'2017090','2018-01-08 10:10:10'),
(485,2,6,1,3,0,430,'ENT3232','1','1114080',0,4,4,0,0,0,NULL,'',0,0,'2017090','2018-01-08 10:10:10'),
(486,2,6,1,3,0,428,'ENT3233','1','1017061',0,4,4,0,0,0,NULL,'',0,0,'2017090','2018-01-08 10:10:10'),
(487,2,6,1,3,0,429,'ENT3380','1','1116036',0,4,4,0,0,0,NULL,'',0,0,'2017090','2018-01-08 10:10:10'),
(488,2,6,1,3,0,236,'UNC0202','1','NULL',0,2,2,0,0,0,NULL,'',0,0,'2017090','2018-01-08 10:10:10'),
(489,2,6,1,3,0,213,'UNC0201','1','NULL',0,2,2,0,0,0,NULL,'',0,0,'2017090','2018-01-08 10:10:10'),
(490,2,6,1,4,0,432,'ACC3114','1','1115054',0,2,2,0,0,0,NULL,'',0,0,'2017090','2018-01-08 10:10:10'),
(491,2,6,1,4,0,293,'ACC3147','1','1215043',0,3,3,0,0,0,NULL,'',0,0,'2017090','2018-01-08 10:10:10'),
(492,2,6,1,4,0,434,'ACC3220','1','1214044',0,4,4,0,0,0,NULL,'',0,0,'2017090','2018-01-08 10:10:10'),
(493,2,6,1,4,0,433,'ACC3218','1','1217005',0,4,4,0,0,0,NULL,'',0,0,'2017090','2018-01-08 10:10:10'),
(494,2,6,1,4,0,435,'ACC3217','1','1215032',0,3,3,0,0,0,NULL,'',0,0,'2017090','2018-01-08 10:10:10'),
(495,2,6,1,4,0,416,'ACC3216','1','1214044',0,2,2,0,0,0,NULL,'',0,0,'2017090','2018-01-08 10:10:10'),
(496,2,6,1,4,0,236,'UNC0202','1','3016009',0,2,2,0,0,0,NULL,'',0,0,'2017090','2018-01-08 10:10:10'),
(497,2,6,1,4,0,213,'UNC0201','1','NULL',0,2,2,0,0,0,NULL,'',0,0,'2017090','2018-01-08 10:10:10'),
(498,3,1,2,6,0,180,'LAW1101','1','3015087',0,3,3,0,0,0,NULL,'',0,0,'2017090','2018-01-08 10:10:10'),
(499,3,1,2,6,0,181,'LAW1102','1','3015034',0,4,4,0,0,0,NULL,'',0,0,'2017090','2018-01-08 10:10:10'),
(500,3,1,1,6,0,182,'LAW1103','1','3015016',0,3,3,0,0,0,NULL,'',0,0,'2017090','2018-01-08 10:10:10'),
(501,3,1,1,6,0,183,'LAW1104','1','3015064',0,3,3,0,0,0,NULL,'',0,0,'2017090','2018-01-08 10:10:10'),
(502,3,1,2,6,0,171,'UNC0102','1','1014073',0,2,2,0,0,0,NULL,'',0,0,'2017090','2018-01-08 10:10:10'),
(503,3,1,2,6,0,169,'ENT1101','1','3015087',0,3,3,0,0,0,NULL,'',0,0,'2017090','2018-01-08 10:10:10'),
(504,3,1,2,4,0,169,'ENT1101','1','1114048',0,3,3,0,0,0,NULL,'',0,0,'2017090','2018-01-08 10:10:10'),
(505,3,1,1,4,0,329,'UGC1102','1','1114048',0,4,4,0,0,0,NULL,'',0,0,'2017090','2018-01-08 10:10:10'),
(506,3,1,1,4,0,257,'ACC1155','1','1115027',0,4,4,0,0,0,NULL,'',0,0,'2017090','2018-01-08 10:10:10'),
(507,3,1,1,4,0,242,'ACC1101','1','1215043',0,4,4,0,0,0,NULL,'',0,0,'2017090','2018-01-08 10:10:10'),
(508,3,1,1,4,0,331,'UGC1101','1','1215032',0,4,4,0,0,0,NULL,'',0,0,'2017090','2018-01-08 10:10:10'),
(509,3,1,2,1,0,174,'ARC1121','1','2114033',0,3,2,1,0,0,NULL,'',0,0,'2017090','2018-01-08 10:10:10'),
(510,3,1,2,1,0,175,'ARC1131','1','2114045',0,3,2,1,0,0,NULL,'',0,0,'2017090','2018-01-08 10:10:10'),
(511,3,1,2,1,0,176,'ARC1141','1','2114041',0,3,2,1,0,0,NULL,'',0,0,'2017090','2018-01-08 10:10:10'),
(512,3,1,1,1,0,173,'ARC1111','1','2114002',0,6,2,4,0,0,NULL,'',0,0,'2017090','2018-01-08 10:10:10'),
(513,3,1,1,1,0,169,'ENT1101','1','2114002',0,3,3,0,0,0,NULL,'',0,0,'2017090','2018-01-08 10:10:10'),
(514,3,1,1,1,0,170,'UGC0101','1','2114002',0,2,2,0,0,0,NULL,'',0,0,'2017090','2018-01-08 10:10:10'),
(515,3,1,1,2,0,169,'ENT1101','1','1116013',0,3,3,0,0,0,NULL,'',0,0,'2017090','2018-01-08 10:10:10'),
(516,3,1,1,2,0,170,'UGC0101','1','2215017',0,2,2,0,0,0,NULL,'',0,0,'2017090','2018-01-08 10:10:10'),
(517,3,1,1,2,0,165,'ENG1101','1','2315075',0,3,3,0,0,0,NULL,'',0,0,'2017090','2018-01-08 10:10:10'),
(518,3,1,1,2,0,166,'ENG1103','1','2315075',0,3,3,0,0,0,NULL,'',0,0,'2017090','2018-01-08 10:10:10'),
(519,3,1,1,2,0,177,'CEM1101','1','2215084',0,2,2,0,0,0,NULL,'',0,0,'2017090','2018-01-08 10:10:10'),
(520,3,1,1,2,0,178,'CEM1102','1','2215017',0,2,2,0,0,0,NULL,'',0,0,'2017090','2018-01-08 10:10:10'),
(521,3,1,1,2,0,179,'CEM1112','1','2215010',0,2,2,0,0,0,NULL,'',0,0,'2017090','2018-01-08 10:10:10'),
(522,3,1,1,2,0,167,'ENG1106','1','2616002',0,2,2,0,0,0,NULL,'',0,0,'2017090','2018-01-08 10:10:10'),
(523,3,1,1,3,0,169,'ENT1101','1','1114005',0,3,3,0,0,0,NULL,'',0,0,'2017090','2018-01-08 10:10:10'),
(524,3,1,2,3,0,328,'ENT1120','1','1214044',0,4,4,0,0,0,NULL,'',0,0,'2017090','2018-01-08 10:10:10'),
(525,3,1,2,5,0,63,'WUN0011','1','3114016',0,3,3,0,0,0,NULL,'',0,0,'2017090','2018-01-08 10:10:10'),
(526,3,1,2,5,0,64,'WUN0012','1','1115045',0,4,4,0,0,0,NULL,'',0,0,'2017090','2018-01-08 10:10:10'),
(527,3,1,1,5,0,90,'HOT0001','1','3114016',0,2,2,0,0,0,NULL,'',0,0,'2017090','2018-01-08 10:10:10'),
(528,3,1,1,5,0,91,'HOT0002','1','3115061',0,2,0,2,0,0,NULL,'',0,0,'2017090','2018-01-08 10:10:10'),
(529,3,1,1,5,0,92,'HOT0003','1','3114014',0,2,2,0,0,0,NULL,'',0,0,'2017090','2018-01-08 10:10:10'),
(530,3,1,1,5,0,93,'HOT0004','1','3115006',0,2,0,2,0,0,NULL,'',0,0,'2017090','2018-01-08 10:10:10'),
(531,3,1,1,5,0,94,'HOT0005','1','1015022',0,1,1,0,0,0,NULL,'',0,0,'2017090','2018-01-08 10:10:10'),
(532,3,1,1,5,0,95,'HOT0006','1','3114016',0,1,1,0,0,0,NULL,'',0,0,'2017090','2018-01-08 10:10:10'),
(533,3,1,1,5,0,96,'HOT0007','1','3114014',0,1,0,1,0,0,NULL,'',0,0,'2017090','2018-01-08 10:10:10'),
(534,3,1,2,6,0,168,'UNC0101','1','1014073',0,2,2,0,0,0,NULL,'',0,0,'2017090','2018-01-08 10:10:10'),
(535,3,1,1,8,0,165,'ENG1101','1','2315075',0,3,3,0,0,0,NULL,'',0,0,'2017090','2018-01-08 10:10:10'),
(536,3,1,1,8,0,166,'ENG1103','1','2315075',0,3,3,0,0,0,NULL,'',0,0,'2017090','2018-01-08 10:10:10'),
(537,3,1,1,8,0,167,'ENG1106','1','2616002',0,2,2,0,0,0,NULL,'',0,0,'2017090','2018-01-08 10:10:10'),
(538,3,1,1,8,0,196,'STE1101','1','2316017',0,4,4,0,0,0,NULL,'',0,0,'2017090','2018-01-08 10:10:10'),
(539,3,1,2,8,0,168,'UNC0101','1','1014073',0,2,2,0,0,0,NULL,'',0,0,'2017090','2018-01-08 10:10:10'),
(540,3,1,2,8,0,170,'UGC0101','1','2516018',0,2,2,0,0,0,NULL,'',0,0,'2017090','2018-01-08 10:10:10'),
(541,3,1,2,8,0,169,'ENT1101','1','1116013',0,3,3,0,0,0,NULL,'',0,0,'2017090','2018-01-08 10:10:10'),
(542,3,1,2,9,0,169,'ENT1101','1','1116013',0,3,3,0,0,0,NULL,'',0,0,'2017090','2018-01-08 10:10:10'),
(543,3,1,2,9,0,170,'UGC0101','1','2516018',0,2,2,0,0,0,NULL,'',0,0,'2017090','2018-01-08 10:10:10'),
(544,3,1,2,9,0,168,'UNC0101','1','1014073',0,2,2,0,0,0,NULL,'',0,0,'2017090','2018-01-08 10:10:10'),
(545,3,1,1,9,0,165,'ENG1101','1','2315075',0,3,3,0,0,0,NULL,'',0,0,'2017090','2018-01-08 10:10:10'),
(546,3,1,1,9,0,245,'URP1101','1','1015074',0,2,2,0,0,0,NULL,'',0,0,'2017090','2018-01-08 10:10:10'),
(547,3,1,1,9,0,246,'URP1102','1','2516018',0,2,2,0,0,0,NULL,'',0,0,'2017090','2018-01-08 10:10:10'),
(548,3,1,1,9,0,280,'URP1103','1','1015074',0,3,3,0,0,0,NULL,'',0,0,'2017090','2018-01-08 10:10:10'),
(549,3,1,1,9,0,214,'URP1104','1','1015074',0,2,2,0,0,0,NULL,'',0,0,'2017090','2018-01-08 10:10:10'),
(550,3,1,2,11,0,171,'UNC0102','1','1014073',0,2,2,0,0,0,NULL,'',0,0,'2017090','2018-01-08 10:10:10'),
(551,3,1,2,11,0,169,'ENT1101','1','1116013',0,3,3,0,0,0,NULL,'',0,0,'2017090','2018-01-08 10:10:10'),
(552,3,1,1,11,0,165,'ENG1101','1','2315075',0,3,3,0,0,0,NULL,'',0,0,'2017090','2018-01-08 10:10:10'),
(553,3,1,1,11,0,252,'ENG1102','1','2315075',0,2,2,0,0,0,NULL,'',0,0,'2017090','2018-01-08 10:10:10'),
(554,3,1,1,11,0,244,'PDP1101','1','2415078',0,2,2,0,0,0,NULL,'',0,0,'2017090','2018-01-08 10:10:10'),
(555,3,1,1,11,0,198,'PDP1102','1','2416026',0,2,2,0,0,0,NULL,'',0,0,'2017090','2018-01-08 10:10:10'),
(556,3,1,1,11,0,227,'PDP1103','1','2415069',0,6,6,0,0,0,NULL,'',0,0,'2017090','2018-01-08 10:10:10'),
(557,3,1,2,10,0,169,'ENT1101','1','1116013',0,3,3,0,0,0,NULL,'',0,0,'2017090','2018-01-08 10:10:10'),
(558,3,1,2,10,0,170,'UGC0101','1','2516018',0,2,2,0,0,0,NULL,'',0,0,'2017090','2018-01-08 10:10:10'),
(559,3,1,1,10,0,165,'ENG1101','1','2315075',0,3,3,0,0,0,NULL,'',0,0,'2017090','2018-01-08 10:10:10'),
(560,3,1,1,10,0,166,'ENG1103','1','2315075',0,3,3,0,0,0,NULL,'',0,0,'2017090','2018-01-08 10:10:10'),
(561,3,1,1,10,0,172,'ENV1101','1','2616007',0,2,2,0,0,0,NULL,'',0,0,'2017090','2018-01-08 10:10:10'),
(562,3,1,2,10,0,168,'UNC0101','1','1014073',0,2,2,0,0,0,NULL,'',0,0,'2017090','2018-01-08 10:10:10'),
(563,3,1,2,10,0,171,'UNC0102','1','1014073',0,2,2,0,0,0,NULL,'',0,0,'2017090','2018-01-08 10:10:10'),
(564,3,1,1,10,0,212,'ENG1105','1','2616002',0,3,3,0,0,0,NULL,'',0,0,'2017090','2018-01-08 10:10:10'),
(565,3,1,1,3,0,331,'UGC1101','1','1115027',0,4,4,0,0,0,NULL,'',0,0,'2017090','2018-01-08 10:10:10'),
(566,3,1,1,3,0,242,'ACC1101','1','1215043',0,4,4,0,0,0,NULL,'',0,0,'2017090','2018-01-08 10:10:10'),
(567,3,1,1,3,0,329,'UGC1102','1','1114048',0,4,4,0,0,0,NULL,'',0,0,'2017090','2018-01-08 10:10:10'),
(568,3,7,2,3,0,171,'UNC0102','1','1014073',0,2,2,0,0,0,NULL,'',0,0,'2017090','2018-01-08 10:10:10'),
(569,3,6,2,3,0,213,'UNC0201','1','1014073',0,2,2,0,0,0,NULL,'',0,0,'2017090','2018-01-08 10:10:10'),
(570,3,6,2,3,0,236,'UNC0202','1','3016009',0,2,2,0,0,0,NULL,'',0,0,'2017090','2018-01-08 10:10:10'),
(571,3,2,1,11,0,360,'PDP1203','1','2415078',0,2,2,0,0,0,NULL,'',0,0,'2017090','2018-01-08 10:10:10'),
(572,3,2,1,11,0,363,'PDP1206','1','2415078',0,2,2,0,0,0,NULL,'',0,0,'2017090','2018-01-08 10:10:10'),
(573,3,2,1,11,0,361,'PDP1204','1','2416026',0,2,2,0,0,0,NULL,'',0,0,'2017090','2018-01-08 10:10:10'),
(574,3,2,1,11,0,333,'ENT1201','1','1114080',0,4,4,0,0,0,NULL,'',0,0,'2017090','2018-01-08 10:10:10'),
(575,3,2,1,11,0,362,'PDP1205','1','2415069',0,5,0,5,0,0,NULL,'',0,0,'2017090','2018-01-08 10:10:10'),
(576,3,2,1,11,0,359,'PDP1201','1','2315075',0,3,3,0,0,0,NULL,'',0,0,'2017090','2018-01-08 10:10:10'),
(577,3,2,1,11,0,236,'UNC0202','1','3016009',0,2,0,0,0,0,NULL,'',0,0,'2017090','2018-01-08 10:10:10'),
(578,3,2,2,1,0,333,'ENT1201','1','1114080',0,4,4,0,0,0,'1','169',0,0,'2017090','0000-00-00 00:00:00'),
(579,3,2,1,1,0,343,'ARC1212','1','2114033',0,6,0,6,0,0,NULL,'',0,0,'2017090','2018-01-08 10:10:10'),
(580,3,2,1,1,0,344,'ARC1222','1','2114045',0,3,3,0,0,0,NULL,'',0,0,'2017090','2018-01-08 10:10:10'),
(581,3,2,1,1,0,345,'ARC1232','1','2114041',0,3,3,0,0,0,NULL,'',0,0,'2017090','2018-01-08 10:10:10'),
(582,3,2,1,1,0,346,'ARC1242','1','2114002',0,3,3,0,0,0,NULL,'',0,0,'2017090','2018-01-08 10:10:10'),
(583,3,2,2,2,0,333,'ENT1201','1','1114080',0,4,4,0,0,0,NULL,'',0,0,'2017090','2018-01-08 10:10:10'),
(584,3,2,1,2,0,371,'CEM1201','1','2616002',0,3,3,0,0,0,NULL,'',0,0,'2017090','2018-01-08 10:10:10'),
(585,3,2,1,2,0,372,'CEM1202','1','2214036',0,3,3,0,0,0,NULL,'',0,0,'2017090','2018-01-08 10:10:10'),
(586,3,2,1,2,0,373,'CEM1203','1','2217002',0,3,3,0,0,0,NULL,'',0,0,'2017090','2018-01-08 10:10:10'),
(587,3,2,1,2,0,369,'CEM1211','1','2214036',0,2,2,0,0,0,NULL,'',0,0,'2017090','2018-01-08 10:10:10'),
(588,3,2,1,2,0,370,'CEM1221','1','2217002',0,3,3,0,0,0,NULL,'',0,0,'2017090','2018-01-08 10:10:10'),
(589,3,2,2,3,0,333,'ENT1201','1','1114080',0,4,4,0,0,0,NULL,'',0,0,'2017090','2018-01-08 10:10:10'),
(590,3,2,1,3,0,334,'UGC1202','1','1116036',0,4,4,0,0,0,NULL,'',0,0,'2017090','2018-01-08 10:10:10'),
(591,3,2,1,3,0,337,'ENT1233','1','1114048',0,2,2,0,0,0,NULL,'',0,0,'2017090','2018-01-08 10:10:10'),
(592,3,2,1,3,0,340,'ENT1234','1','1116066',0,2,2,0,0,0,NULL,'',0,0,'2017090','2018-01-08 10:10:10'),
(593,3,2,1,3,0,342,'ENT1235','1','1116066',0,4,4,0,0,0,NULL,'',0,0,'2017090','2018-01-08 10:10:10'),
(594,3,2,1,3,0,336,'ENT1220','1','1115027',0,4,4,0,0,0,NULL,'',0,0,'2017090','2018-01-08 10:10:10'),
(595,3,2,2,4,0,333,'ENT1201','1','1114080',0,4,4,0,0,0,NULL,'',0,0,'2017090','2018-01-08 10:10:10'),
(596,3,2,1,4,0,334,'UGC1202','1','1114048',0,4,4,0,0,0,NULL,'',0,0,'2017090','2018-01-08 10:10:10'),
(597,3,2,1,4,0,335,'ACC1256','1','1115027',0,4,4,0,0,0,NULL,'',0,0,'2017090','2018-01-08 10:10:10'),
(598,3,2,2,4,0,338,'ACC1257','1','1114048',0,2,2,0,0,0,NULL,'',0,0,'2017090','2018-01-08 10:10:10'),
(599,3,2,1,4,0,339,'ACC1258','1','1116066',0,2,2,0,0,0,NULL,'',0,0,'2017090','2018-01-08 10:10:10'),
(600,3,2,1,4,0,341,'ACC1259','1','1117012',0,4,4,0,0,0,NULL,'',0,0,'2017090','2018-01-08 10:10:10'),
(601,3,2,1,4,0,400,'ACC1202','1','1215043',0,1,0,1,0,0,NULL,'',0,0,'2017090','2018-01-08 10:10:10'),
(602,3,2,2,5,0,110,'PUN0004','1','3114038',0,4,4,0,0,0,NULL,'',0,0,'2017090','2018-01-08 10:10:10'),
(603,3,2,1,5,0,118,'HOT0008','1','3114039',0,2,2,0,0,0,NULL,'',0,0,'2017090','2018-01-08 10:10:10'),
(604,3,2,1,5,0,119,'HOT0009','1','3114039',0,2,0,2,0,0,NULL,'',0,0,'2017090','2018-01-08 10:10:10'),
(605,3,2,1,5,0,120,'HOT0010','1','3114039',0,2,2,0,0,0,NULL,'',0,0,'2017090','2018-01-08 10:10:10'),
(606,3,2,1,5,0,121,'HOT0011','1','3114039',0,2,0,2,0,0,NULL,'',0,0,'2017090','2018-01-08 10:10:10'),
(607,3,2,1,5,0,122,'HOT0012','1','3116015',0,2,2,0,0,0,NULL,'',0,0,'2017090','2018-01-08 10:10:10'),
(608,3,2,1,5,0,123,'HOT0013','1','3116015',0,2,0,2,0,0,NULL,'',0,0,'2017090','2018-01-08 10:10:10'),
(609,3,2,1,5,0,124,'HOT0014','1','3115006',0,2,2,0,0,0,NULL,'',0,0,'2017090','2018-01-08 10:10:10'),
(610,3,2,1,5,0,125,'HOT0015','1','3115006',0,2,0,2,0,0,NULL,'',0,0,'2017090','2018-01-08 10:10:10'),
(611,3,2,2,6,0,333,'ENT1201','1','1114080',0,4,4,0,0,0,NULL,'',0,0,'2017090','2018-01-08 10:10:10'),
(612,3,2,1,6,0,385,'LAW1201','1','3015016',0,2,2,0,0,0,NULL,'',0,0,'2017090','2018-01-08 10:10:10'),
(613,3,2,1,6,0,386,'LAW1202','1','3015034',0,2,2,0,0,0,NULL,'',0,0,'2017090','2018-01-08 10:10:10'),
(614,3,2,1,6,0,387,'LAW1203','1','3015047',0,2,2,0,0,0,NULL,'',0,0,'2017090','2018-01-08 10:10:10'),
(615,3,2,1,6,0,388,'LAW1204','1','3015048',0,2,2,0,0,0,NULL,'',0,0,'2017090','2018-01-08 10:10:10'),
(616,3,2,1,6,0,389,'LAW1205','1','3015064',0,3,3,0,0,0,NULL,'',0,0,'2017090','2018-01-08 10:10:10'),
(617,3,2,1,6,0,390,'LAW1206','1','3017001',0,3,3,0,0,0,NULL,'',0,0,'2017090','2018-01-08 10:10:10'),
(618,3,2,1,6,0,391,'LAW1207','1','3015016',0,2,2,0,0,0,NULL,'',0,0,'2017090','2018-01-08 10:10:10'),
(619,3,2,2,8,0,333,'ENT1201','1','1114080',0,4,4,0,0,0,NULL,'',0,0,'2017090','2018-01-08 10:10:10'),
(620,3,2,2,8,0,236,'UNC0202','1','3016009',0,2,2,0,0,0,NULL,'',0,0,'2017090','2018-01-08 10:10:10'),
(621,3,2,2,8,0,368,'ENG1201','1','2616002',0,2,2,0,0,0,NULL,'',0,0,'2017090','2018-01-08 10:10:10'),
(622,3,2,1,8,0,364,'STE1201','1','2217002',0,3,3,0,0,0,NULL,'',0,0,'2017090','2018-01-08 10:10:10'),
(623,3,2,1,8,0,365,'STE1202','1','2315075',0,3,3,0,0,0,NULL,'',0,0,'2017090','2018-01-08 10:10:10'),
(624,3,2,1,8,0,367,'STE1203','1','2316017',0,3,3,0,0,0,NULL,'',0,0,'2017090','2018-01-08 10:10:10'),
(625,3,2,1,8,0,366,'STE1204','1','2316017',0,3,3,0,0,0,NULL,'',0,0,'2017090','2018-01-08 10:10:10'),
(626,3,2,2,10,0,236,'UNC0202','1','3016009',0,2,2,0,0,0,NULL,'',0,0,'2017090','2018-01-08 10:10:10'),
(627,3,2,2,10,0,333,'ENT1201','1','1114080',0,4,4,0,0,0,NULL,'',0,0,'2017090','2018-01-08 10:10:10'),
(628,3,2,2,10,0,213,'UNC0201','1','1014073',0,2,2,0,0,0,NULL,'',0,0,'2017090','2018-01-08 10:10:10'),
(629,3,2,1,10,0,355,'ENV1201','1','2315075',0,3,3,0,0,0,NULL,'',0,0,'2017090','2018-01-08 10:10:10'),
(630,3,2,1,10,0,356,'ENV1202','1','2616007',0,3,3,0,0,0,NULL,'',0,0,'2017090','2018-01-08 10:10:10'),
(631,3,2,1,10,0,357,'ENV1203','1','2616002',0,3,3,0,0,0,NULL,'',0,0,'2017090','2018-01-08 10:10:10'),
(632,3,2,1,10,0,358,'ENV1204','1','2516037',0,2,2,0,0,0,NULL,'',0,0,'2017090','2018-01-08 10:10:10'),
(633,3,3,1,1,0,184,'ARC2113','1','2115059',0,6,0,6,0,0,NULL,'',0,0,'2017090','2018-01-08 10:10:10'),
(634,3,3,1,1,0,187,'ARC2143','1','2115058',0,3,3,0,0,0,NULL,'',0,0,'2017090','2018-01-08 10:10:10'),
(635,3,3,1,1,0,188,'ARC2471','1','2114040',0,3,3,0,0,0,NULL,'',0,0,'2017090','2018-01-08 10:10:10'),
(636,3,3,1,1,0,186,'ARC2133','1','2116052',0,3,3,0,0,0,NULL,'',0,0,'2017090','2018-01-08 10:10:10'),
(637,3,3,1,1,0,189,'UGC0102','1','1116036',0,2,2,0,0,0,NULL,'',0,0,'2017090','2018-01-08 10:10:10'),
(638,3,3,1,1,0,185,'ARC2123','1','2114045',0,3,3,0,0,0,NULL,'',0,0,'2017090','2018-01-08 10:10:10'),
(639,3,3,1,1,0,168,'UNC0101','1','3016009',0,2,2,0,0,0,NULL,'',0,0,'2017090','2018-01-08 10:10:10'),
(640,3,3,1,1,0,171,'UNC0102','1','1014073',0,2,2,0,0,0,NULL,'',0,0,'2017090','2018-01-08 10:10:10'),
(641,3,3,1,2,0,199,'ENG2101','1','2616007',0,3,3,0,0,0,NULL,'',0,0,'2017090','2018-01-08 10:10:10'),
(642,3,3,1,2,0,217,'CEM2111','1','2215017',0,3,3,0,0,0,NULL,'',0,0,'2017090','2018-01-08 10:10:10'),
(643,3,3,1,2,0,220,'CEM2113','1','2217057',0,3,3,0,0,0,NULL,'',0,0,'2017090','2018-01-08 10:10:10'),
(644,3,3,1,2,0,221,'CEM2112','1','1214044',0,3,3,0,0,0,NULL,'',0,0,'2017090','2018-01-08 10:10:10'),
(645,3,3,1,2,0,189,'UGC0102','1','1116036',0,2,2,0,0,0,NULL,'',0,0,'2017090','2018-01-08 10:10:10'),
(646,3,3,1,2,0,271,'CEM2101','1','1214044',0,3,3,0,0,0,NULL,'',0,0,'2017090','2018-01-08 10:10:10'),
(647,3,3,1,2,0,276,'CEM2121','1','2217015',0,3,3,0,0,0,NULL,'',0,0,'2017090','2018-01-08 10:10:10'),
(648,3,3,1,3,0,489,'ENT2136','1','1116066',0,4,4,0,0,0,NULL,'',0,0,'2017090','2018-01-08 10:10:10'),
(649,3,3,1,3,0,181,'LAW1102','1','NULL',0,4,4,0,0,0,NULL,'',0,0,'2017090','2018-01-08 10:10:10'),
(650,3,3,1,3,0,168,'UNC0101','1','1014073',0,2,2,0,0,0,NULL,'',0,0,'2017090','2018-01-08 10:10:10'),
(651,3,3,1,3,0,490,'ENT2112','1','1115054',0,3,3,0,0,0,NULL,'',0,0,'2017090','2018-01-08 10:10:10'),
(652,3,3,1,3,0,491,'ENT2137','1','NULL',0,4,4,0,0,0,NULL,'',0,0,'2017090','2018-01-08 10:10:10'),
(653,3,3,1,3,0,403,'ENT2214','1','NULL',0,3,3,0,0,0,NULL,'',0,0,'2017090','2018-01-08 10:10:10'),
(654,3,3,1,4,0,222,'ACC2103','1','1217055',0,3,3,0,0,0,NULL,'',0,0,'2017090','2018-01-08 10:10:10'),
(655,3,3,1,4,0,237,'ACC2104','1','1215043',0,4,4,0,0,0,NULL,'',0,0,'2017090','2018-01-08 10:10:10'),
(656,3,3,1,4,0,181,'LAW1102','1','3015064',0,4,4,0,0,0,NULL,'',0,0,'2017090','2018-01-08 10:10:10'),
(657,3,3,1,4,0,251,'ACC2160','1','1115054',0,3,3,0,0,0,NULL,'',0,0,'2017090','2018-01-08 10:10:10'),
(658,3,3,1,4,0,253,'ACC2105','1','1115054',0,3,3,0,0,0,NULL,'',0,0,'2017090','2018-01-08 10:10:10'),
(659,3,3,1,4,0,277,'ACC2161','1','1217055',0,4,4,0,0,0,NULL,'',0,0,'2017090','2018-01-08 10:10:10'),
(660,3,3,1,5,0,235,'HBP2309','1','3115006',0,8,0,0,8,0,NULL,'',0,0,'2017090','2018-01-08 10:10:10'),
(661,3,3,1,5,0,231,'HBP2302','1','3116015',0,2,2,0,0,0,NULL,'',0,0,'2017090','2018-01-08 10:10:10'),
(662,3,3,1,5,0,232,'HBP2301','1','3116015',0,2,2,0,0,0,NULL,'',0,0,'2017090','2018-01-08 10:10:10'),
(663,3,3,1,6,0,210,'LAW2103','1','3015034',0,2,2,0,0,0,NULL,'',0,0,'2017090','2018-01-08 10:10:10'),
(664,3,3,1,6,0,216,'LAW2104','1','3015047',0,3,3,0,0,0,NULL,'',0,0,'2017090','2018-01-08 10:10:10'),
(665,3,3,1,6,0,224,'LAW2107','1','3017001',0,3,3,0,0,0,NULL,'',0,0,'2017090','2018-01-08 10:10:10'),
(666,3,3,1,6,0,238,'LAW2108','1','3016046',0,2,2,0,0,0,NULL,'',0,0,'2017090','2018-01-08 10:10:10'),
(667,3,3,1,6,0,247,'LAW2101','1','NULL',0,2,2,0,0,0,NULL,'',0,0,'2017090','2018-01-08 10:10:10'),
(668,3,3,1,6,0,248,'LAW2102','1','3016044',0,2,2,0,0,0,NULL,'',0,0,'2017090','2018-01-08 10:10:10'),
(669,3,3,1,6,0,255,'LAW2106','1','NULL',0,3,3,0,0,0,NULL,'',0,0,'2017090','2018-01-08 10:10:10'),
(670,3,3,1,6,0,272,'LAW2105','1','3016044',0,2,2,0,0,0,NULL,'',0,0,'2017090','2018-01-08 10:10:10'),
(671,3,3,1,11,0,170,'UGC0101','1','2416026',0,2,2,0,0,0,NULL,'',0,0,'2017090','2018-01-08 10:10:10'),
(672,3,3,1,11,0,470,'PDP3102','1','2415078',0,3,3,0,0,0,NULL,'',0,0,'2017090','2018-01-08 10:10:10'),
(673,3,3,1,11,0,513,'PDP3103','1','2415069',0,3,3,0,0,0,NULL,'',0,0,'2017090','2018-01-08 10:10:10'),
(674,3,3,1,11,0,469,'PDP2104','1','2417037',0,3,3,0,0,0,NULL,'',0,0,'2017090','2018-01-08 10:10:10'),
(675,3,2,1,11,0,168,'UNC0101','1','3016009',0,2,2,0,0,0,NULL,'',0,0,'2017090','2018-01-08 10:10:10'),
(676,3,3,1,11,0,168,'UNC0101','1','3016009',0,2,2,0,0,0,NULL,'',0,0,'2017090','2018-01-08 10:10:10'),
(677,3,3,1,11,0,468,'PDP2105','1','2417037',0,3,3,0,0,0,NULL,'',0,0,'2017090','2018-01-08 10:10:10'),
(678,3,3,1,11,0,514,'PDP2181','1','2415069',0,5,5,0,0,0,NULL,'',0,0,'2017090','2018-01-08 10:10:10'),
(679,3,3,1,10,0,199,'ENG2101','1','2616007',0,3,3,0,0,0,NULL,'',0,0,'2017090','2018-01-08 10:10:10'),
(680,3,3,1,10,0,480,'ENV2105','1','NULL',0,3,3,0,0,0,NULL,'',0,0,'2017090','2018-01-08 10:10:10'),
(681,3,3,1,10,0,478,'ENV2103','1','2616030',0,3,3,0,0,0,NULL,'',0,0,'2017090','2018-01-08 10:10:10'),
(682,3,3,1,10,0,479,'ENV2104','1','2616002',0,3,3,0,0,0,NULL,'',0,0,'2017090','2018-01-08 10:10:10'),
(683,3,3,1,10,0,476,'ENV2101','1','2617024',0,3,3,0,0,0,NULL,'',0,0,'2017090','2018-01-08 10:10:10'),
(684,3,3,1,10,0,189,'UGC0102','1','1116036',0,2,2,0,0,0,NULL,'',0,0,'2017090','2018-01-08 10:10:10'),
(685,3,3,1,10,0,477,'ENV2102','1','2616002',0,3,3,0,0,0,NULL,'',0,0,'2017090','2018-01-08 10:10:10'),
(686,3,3,1,8,0,471,'STE2101','1','1214044',0,3,3,0,0,0,NULL,'',0,0,'2017090','2018-01-08 10:10:10'),
(687,3,3,1,8,0,472,'STE2102','1','1214044',0,3,3,0,0,0,NULL,'',0,0,'2017090','2018-01-08 10:10:10'),
(688,3,3,1,8,0,189,'UGC0102','1','1116036',0,2,2,0,0,0,NULL,'',0,0,'2017090','2018-01-08 10:10:10'),
(689,3,3,1,8,0,515,'STE2105','1','1214044',0,3,3,0,0,0,NULL,'',0,0,'2017090','2018-01-08 10:10:10'),
(690,3,3,1,8,0,473,'STE2103','1','2315075',0,3,3,0,0,0,NULL,'',0,0,'2017090','2018-01-08 10:10:10'),
(691,3,3,1,8,0,475,'STE2106','1','1214044',0,3,3,0,0,0,NULL,'',0,0,'2017090','2018-01-08 10:10:10'),
(692,3,3,1,8,0,474,'STE2104','1','2616002',0,3,3,0,0,0,NULL,'',0,0,'2017090','2018-01-08 10:10:10'),
(693,3,3,1,3,0,328,'ENT1120','1','1115027',0,4,4,0,0,0,NULL,'',0,0,'2017090','2018-01-08 10:10:10'),
(694,3,3,1,3,0,331,'UGC1101','1','1117048',0,4,4,0,0,0,NULL,'',0,0,'2017090','2018-01-08 10:10:10'),
(695,3,3,1,5,0,311,'HOT0018','1','3115006',0,8,0,0,8,0,NULL,'',0,0,'2017090','2018-01-08 10:10:10'),
(696,3,3,1,5,0,310,'HOT0017','1','3116015',0,2,0,2,0,0,NULL,'',0,0,'2017090','2018-01-08 10:10:10'),
(697,3,3,1,5,0,309,'HOT0016','1','3116015',0,3,3,0,0,0,NULL,'',0,0,'2017090','2018-01-08 10:10:10'),
(698,3,4,1,3,0,406,'ENT2260','1','NULL',0,3,3,0,0,0,NULL,'',0,0,'2017090','2018-01-08 10:10:10'),
(699,3,4,1,3,0,402,'ENT2221','1','1115027',0,3,3,0,0,0,NULL,'',0,0,'2017090','2018-01-08 10:10:10'),
(700,3,4,1,3,0,404,'ENT2240','1','NULL',0,3,3,0,0,0,NULL,'',0,0,'2017090','2018-01-08 10:10:10'),
(701,3,4,1,3,0,516,'ENT2111','1','NULL',0,3,3,0,0,0,NULL,'',0,0,'2017090','2018-01-08 10:10:10'),
(702,3,4,1,3,0,407,'ENT2238','1','NULL',0,4,4,0,0,0,NULL,'',0,0,'2017090','2018-01-08 10:10:10'),
(703,3,4,1,3,0,408,'ENT2215','1','NULL',0,4,4,0,0,0,NULL,'',0,0,'2017090','2018-01-08 10:10:10'),
(704,3,4,1,3,0,405,'ENT2239','1','1115027',0,1,1,0,0,0,NULL,'',0,0,'2017090','2018-01-08 10:10:10'),
(705,3,4,1,4,0,415,'ACC2263','1','1217059',0,3,3,0,0,0,NULL,'',0,0,'2017090','2018-01-08 10:10:10'),
(706,3,4,1,4,0,413,'ACC2264','1','1115054',0,3,3,0,0,0,NULL,'',0,0,'2017090','2018-01-08 10:10:10'),
(707,3,4,1,4,0,412,'ACC2206','1','1217055',0,3,3,0,0,0,NULL,'',0,0,'2017090','2018-01-08 10:10:10'),
(708,3,4,1,4,0,409,'ACC2207','1','1215043',0,4,4,0,0,0,NULL,'',0,0,'2017090','2018-01-08 10:10:10'),
(709,3,4,1,4,0,414,'ACC2265','1','NULL',0,1,1,0,0,0,NULL,'',0,0,'2017090','2018-01-08 10:10:10'),
(710,3,4,1,4,0,410,'ACC2208','1','1217055',0,3,3,0,0,0,NULL,'',0,0,'2017090','2018-01-08 10:10:10'),
(711,3,4,1,4,0,411,'ACC2209','1','1217099',0,4,4,0,0,0,NULL,'',0,0,'2017090','2018-01-08 10:10:10'),
(712,3,4,1,6,0,392,'LAW2201','1','3015034',0,2,2,0,0,0,NULL,'',0,0,'2017090','2018-01-08 10:10:10'),
(713,3,4,1,6,0,393,'LAW2202','1','NULL',0,2,2,0,0,0,NULL,'',0,0,'2017090','2018-01-08 10:10:10'),
(714,3,4,1,6,0,394,'LAW2203','1','3017098',0,2,2,0,0,0,NULL,'',0,0,'2017090','2018-01-08 10:10:10'),
(715,3,4,1,6,0,395,'LAW2204','1','3016046',0,2,2,0,0,0,NULL,'',0,0,'2017090','2018-01-08 10:10:10'),
(716,3,4,1,6,0,396,'LAW2205','1','3017001',0,2,2,0,0,0,NULL,'',0,0,'2017090','2018-01-08 10:10:10'),
(717,3,4,1,6,0,397,'LAW2206','1','3017009',0,2,2,0,0,0,NULL,'',0,0,'2017090','2018-01-08 10:10:10'),
(718,3,4,1,6,0,398,'LAW2207','1','3015016',0,2,2,0,0,0,NULL,'',0,0,'2017090','2018-01-08 10:10:10'),
(719,3,4,1,6,0,399,'LAW2208','1','3016044',0,2,2,0,0,0,NULL,'',0,0,'2017090','2018-01-08 10:10:10'),
(720,3,4,1,6,0,566,'LAW3168','1','1214044',0,2,2,0,0,0,NULL,'',0,0,'2017090','2018-01-08 10:10:10'),
(721,3,4,1,6,0,236,'UNC0202','1','3016009',0,2,2,0,0,0,NULL,'',0,0,'2017090','2018-01-08 10:10:10'),
(722,4,1,2,5,0,91,'HOT0002','1','3115061',0,2,2,0,0,0,NULL,'',0,0,'2017090','2018-01-08 10:10:10'),
(723,4,1,1,11,0,198,'PDP1102','1','2416026',0,2,2,0,0,0,NULL,'',0,0,'2017090','2018-01-08 10:10:10'),
(724,4,1,1,11,0,165,'ENG1101','1','2416026',0,3,0,0,0,0,NULL,'',0,0,'2017090','2018-01-08 10:10:10'),
(725,4,1,1,11,0,227,'PDP1103','1','2417036',0,6,0,0,0,0,NULL,'',0,0,'2017090','2018-01-08 10:10:10'),
(726,4,1,1,11,0,244,'PDP1101','1','2415078',0,2,0,0,0,0,NULL,'',0,0,'2017090','2018-01-08 10:10:10'),
(727,4,1,1,11,0,252,'ENG1102','1','2416026',0,2,0,0,0,0,NULL,'',0,0,'2017090','2018-01-08 10:10:10'),
(728,4,1,1,11,0,171,'UNC0102','1','1014073',0,2,0,0,0,0,NULL,'',0,0,'2017090','2018-01-08 10:10:10'),
(729,4,1,1,11,0,169,'ENT1101','1','NULL',0,3,0,0,0,0,NULL,'',0,0,'2017090','2018-01-08 10:10:10'),
(730,4,1,1,10,0,165,'ENG1101','1','2416026',0,3,0,0,0,0,NULL,'',0,0,'2017090','2018-01-08 10:10:10'),
(731,4,1,1,10,0,212,'ENG1105','1','2616002',0,3,0,0,0,0,NULL,'',0,0,'2017090','2018-01-08 10:10:10'),
(732,4,1,1,10,0,170,'UGC0101','1','2416026',0,2,0,0,0,0,NULL,'',0,0,'2017090','2018-01-08 10:10:10'),
(733,4,1,1,10,0,172,'ENV1101','1','2617024',0,2,0,0,0,0,NULL,'',0,0,'2017090','2018-01-08 10:10:10'),
(734,4,1,1,10,0,168,'UNC0101','1','3016009',0,2,0,0,0,0,NULL,'',0,0,'2017090','2018-01-08 10:10:10'),
(735,4,1,1,10,0,166,'ENG1103','1','2315075',0,3,0,0,0,0,NULL,'',0,0,'2017090','2018-01-08 10:10:10'),
(736,4,1,1,10,0,171,'UNC0102','1','1014073',0,2,0,0,0,0,NULL,'',0,0,'2017090','2018-01-08 10:10:10'),
(737,4,1,1,10,0,169,'ENT1101','1','NULL',0,3,0,0,0,0,NULL,'',0,0,'2017090','2018-01-08 10:10:10'),
(738,4,1,1,9,0,165,'ENG1101','1','2416026',0,3,0,0,0,0,NULL,'',0,0,'2017090','2018-01-08 10:10:10'),
(739,4,1,1,9,0,214,'URP1104','1','2517042',0,2,0,0,0,0,NULL,'',0,0,'2017090','2018-01-08 10:10:10'),
(740,4,1,1,9,0,170,'UGC0101','1','2416026',0,2,0,0,0,0,NULL,'',0,0,'2017090','2018-01-08 10:10:10'),
(741,4,1,1,9,0,245,'URP1101','1','2516028',0,2,0,0,0,0,NULL,'',0,0,'2017090','2018-01-08 10:10:10'),
(742,4,1,1,9,0,246,'URP1102','1','2517042',0,2,0,0,0,0,NULL,'',0,0,'2017090','2018-01-08 10:10:10'),
(743,4,1,1,9,0,168,'UNC0101','1','3016009',0,2,0,0,0,0,NULL,'',0,0,'2017090','2018-01-08 10:10:10'),
(744,4,1,1,9,0,169,'ENT1101','1','NULL',0,3,0,0,0,0,NULL,'',0,0,'2017090','2018-01-08 10:10:10'),
(745,4,1,1,9,0,280,'URP1103','1','2516037',0,3,0,0,0,0,NULL,'',0,0,'2017090','2018-01-08 10:10:10'),
(746,4,1,1,8,0,165,'ENG1101','1','2416026',0,3,0,0,0,0,NULL,'',0,0,'2017090','2018-01-08 10:10:10'),
(747,4,1,1,8,0,167,'ENG1106','1','2616002',0,2,0,0,0,0,NULL,'',0,0,'2017090','2018-01-08 10:10:10'),
(748,4,1,1,8,0,170,'UGC0101','1','2416026',0,2,0,0,0,0,NULL,'',0,0,'2017090','2018-01-08 10:10:10'),
(749,4,1,1,8,0,168,'UNC0101','1','3016009',0,2,0,0,0,0,NULL,'',0,0,'2017090','2018-01-08 10:10:10'),
(750,4,1,1,8,0,166,'ENG1103','1','2315075',0,3,0,0,0,0,NULL,'',0,0,'2017090','2018-01-08 10:10:10'),
(751,4,1,1,8,0,196,'STE1101','1','2316017',0,4,0,0,0,0,NULL,'',0,0,'2017090','2018-01-08 10:10:10'),
(752,4,1,1,8,0,169,'ENT1101','1','1214044',0,3,0,0,0,0,NULL,'',0,0,'2017090','2018-01-08 10:10:10'),
(753,4,1,1,6,0,181,'LAW1102','1','3015064',0,4,0,0,0,0,NULL,'',0,0,'2017090','2018-01-08 10:10:10'),
(754,4,1,1,6,0,182,'LAW1103','1','3015016',0,3,0,0,0,0,NULL,'',0,0,'2017090','2018-01-08 10:10:10'),
(755,4,1,1,6,0,183,'LAW1104','1','3017001',0,3,0,0,0,0,NULL,'',0,0,'2017090','2018-01-08 10:10:10'),
(756,4,1,1,6,0,180,'LAW1101','1','3015016',0,3,0,0,0,0,NULL,'',0,0,'2017090','2018-01-08 10:10:10'),
(757,4,1,1,6,0,169,'ENT1101','1','NULL',0,3,0,0,0,0,NULL,'',0,0,'2017090','2018-01-08 10:10:10'),
(758,4,1,1,6,0,168,'UNC0101','1','3016009',0,2,0,0,0,0,NULL,'',0,0,'2017090','2018-01-08 10:10:10'),
(759,4,1,1,6,0,171,'UNC0102','1','1014073',0,2,0,0,0,0,NULL,'',0,0,'2017090','2018-01-08 10:10:10'),
(760,4,1,1,4,0,170,'UGC0101','1','1117048',0,4,0,0,0,0,NULL,'',0,0,'2017090','2018-01-08 10:10:10'),
(761,4,1,1,4,1,242,'ACC1101','0','3114016',4,4,0,0,0,1,'0','',1,1,'2017090','2018-02-19 13:56:57'),
(762,4,1,1,4,0,257,'ACC1155','1','1217059',0,4,0,0,0,0,NULL,'',0,0,'2017090','2018-01-08 10:10:10'),
(763,4,1,1,4,0,329,'UGC1102','1','1116036',0,4,0,0,0,0,NULL,'',0,0,'2017090','2018-01-08 10:10:10'),
(764,4,1,1,4,0,169,'ENT1101','1','1117048',0,3,0,0,0,0,NULL,'',0,0,'2017090','2018-01-08 10:10:10'),
(765,4,1,1,3,0,329,'UGC1102','1','1114048',0,4,0,0,0,0,NULL,'',0,0,'2017090','2018-01-08 10:10:10'),
(766,4,1,1,3,0,170,'UGC0101','1','1115027',0,4,0,0,0,0,NULL,'',0,0,'2017090','2018-01-08 10:10:10'),
(767,4,1,1,3,1,242,'ACC1101','1','1215043',0,4,0,0,0,0,'1','[\"1.UNI1004\",\"18.HBP1008\"]',0,0,'2017090','2018-02-20 15:12:37'),
(768,4,1,1,3,0,328,'ENT1120','1','1115027',0,4,0,0,0,0,NULL,'',0,0,'2017090','2018-01-08 10:10:10'),
(769,4,1,1,3,0,169,'ENT1101','1','1117048',0,3,0,0,0,0,NULL,'',0,0,'2017090','2018-01-08 10:10:10'),
(770,4,1,1,2,0,165,'ENG1101','1','2416026',0,3,0,0,0,0,NULL,'',0,0,'2017090','2018-01-08 10:10:10'),
(771,4,1,1,2,0,167,'ENG1106','1','2616002',0,2,0,0,0,0,NULL,'',0,0,'2017090','2018-01-08 10:10:10'),
(772,4,1,1,2,0,170,'UGC0101','1','2416026',0,2,0,0,0,0,NULL,'',0,0,'2017090','2018-01-08 10:10:10'),
(773,4,1,1,2,0,178,'CEM1102','1','2217002',0,2,0,0,0,0,NULL,'',0,0,'2017090','2018-01-08 10:10:10'),
(774,4,1,1,2,0,177,'CEM1101','1','1214044',0,2,0,0,0,0,NULL,'',0,0,'2017090','2018-01-08 10:10:10'),
(775,4,1,1,2,0,179,'CEM1112','1','2215010',0,2,0,0,0,0,NULL,'',0,0,'2017090','2018-01-08 10:10:10'),
(776,4,1,1,2,0,166,'ENG1103','1','2315075',0,3,0,0,0,0,NULL,'',0,0,'2017090','2018-01-08 10:10:10'),
(777,4,1,1,2,0,169,'ENT1101','1','1214044',0,3,0,0,0,0,NULL,'',0,0,'2017090','2018-01-08 10:10:10'),
(778,4,1,1,5,0,93,'HOT0004','1','3114016',0,2,0,2,0,0,NULL,'',0,0,'2017090','2018-01-08 10:10:10'),
(779,4,1,1,1,0,175,'ARC1131','1','NULL',0,3,0,0,0,0,NULL,'',0,0,'2017090','2018-01-08 10:10:10'),
(780,4,1,1,5,0,266,'HBP1105','1','3116051',0,2,0,0,0,0,NULL,'',0,0,'2017090','2018-01-08 10:10:10'),
(781,4,1,1,1,0,173,'ARC1111','1','2116012',0,6,0,0,0,0,NULL,'',0,0,'2017090','2018-01-08 10:10:10'),
(782,4,1,1,1,0,176,'ARC1141','1','2114040',0,3,0,0,0,0,NULL,'',0,0,'2017090','2018-01-08 10:10:10'),
(783,4,1,1,1,0,170,'UGC0101','1','2416026',0,2,0,0,0,0,NULL,'',0,0,'2017090','2018-01-08 10:10:10'),
(784,4,1,1,1,1,174,'ARC1121','1','2114045',2,3,2,0,0,1,'0','',1,1,'2017090','2018-02-19 13:48:34'),
(785,4,1,1,1,0,169,'ENT1101','1','NULL',0,3,0,0,0,0,NULL,'',0,0,'2017090','2018-01-08 10:10:10'),
(786,4,1,1,5,0,95,'HOT0006','1','3117060',0,1,0,0,0,0,NULL,'',0,0,'2017090','2018-01-08 10:10:10'),
(787,4,1,1,5,0,94,'HOT0005','1','3117060',0,1,0,0,0,0,NULL,'',0,0,'2017090','2018-01-08 10:10:10'),
(788,4,1,1,5,0,63,'WUN0011','1','1214044',0,3,0,0,0,0,NULL,'',0,0,'2017090','2018-01-08 10:10:10'),
(789,4,1,1,5,0,96,'HOT0007','1','3117021',0,1,0,0,0,0,NULL,'',0,0,'2017090','2018-01-08 10:10:10'),
(790,4,1,1,5,0,64,'WUN0012','1','1116036',0,4,0,0,0,0,NULL,'',0,0,'2017090','2018-01-08 10:10:10'),
(791,4,1,1,5,0,92,'HOT0003','1','3117039',0,2,0,0,0,0,NULL,'',0,0,'2017090','2018-01-08 10:10:10'),
(792,4,2,1,3,0,333,'ENT1201','1','1117048',0,4,4,0,0,0,NULL,'',0,0,'2017090','2018-01-08 10:10:10'),
(793,4,2,1,3,0,334,'UGC1202','1','1116036',0,4,4,0,0,0,NULL,'',0,0,'2017090','2018-01-08 10:10:10'),
(794,4,2,1,3,0,336,'ENT1220','1','1115027',0,4,4,0,0,0,NULL,'',0,0,'2017090','2018-01-08 10:10:10'),
(795,4,2,1,3,0,337,'ENT1233','1','1114048',0,2,2,0,0,0,NULL,'',0,0,'2017090','2018-01-08 10:10:10'),
(796,4,2,1,3,0,340,'ENT1234','1','1116066',0,2,2,0,0,0,NULL,'',0,0,'2017090','2018-01-08 10:10:10'),
(797,4,2,1,3,0,342,'ENT1235','1','1117048',0,4,4,0,0,0,NULL,'',0,0,'2017090','2018-01-08 10:10:10'),
(798,4,2,1,4,0,333,'ENT1201','1','NULL',0,4,4,0,0,0,NULL,'',0,0,'2017090','2018-01-08 10:10:10'),
(799,4,2,1,4,0,334,'UGC1202','1','NULL',0,4,4,0,0,0,NULL,'',0,0,'2017090','2018-01-08 10:10:10'),
(800,4,2,1,4,0,335,'ACC1256','1','1217059',0,4,4,0,0,0,NULL,'',0,0,'2017090','2018-01-08 10:10:10'),
(801,4,2,1,4,0,338,'ACC1257','1','1114005',0,2,2,0,0,0,'0','',1,0,'2017090','2018-02-28 15:04:01'),
(802,4,2,1,4,0,339,'ACC1258','1','2114002',1,2,2,0,0,0,'0','',1,0,'2017090','2018-02-19 13:52:56'),
(803,4,2,1,4,0,341,'ACC1259','1','1115054',0,4,4,0,0,0,NULL,'',0,0,'2017090','2018-01-08 10:10:10'),
(804,4,2,1,4,1,400,'ACC1202','1','1215043',3,1,1,0,0,0,'0','',1,1,'2017090','2018-02-19 13:52:28'),
(805,4,2,1,6,0,386,'LAW1202','1','3015034',0,2,2,0,0,0,NULL,'',0,0,'2017090','2018-01-08 10:10:10'),
(806,4,2,1,6,0,390,'LAW1206','1','3017001',0,3,3,0,0,0,NULL,'',0,0,'2017090','2018-01-08 10:10:10'),
(807,4,2,1,6,0,391,'LAW1207','1','3016044',0,2,2,0,0,0,NULL,'',0,0,'2017090','2018-01-08 10:10:10'),
(808,4,2,1,6,0,385,'LAW1201','1','3016044',0,2,2,0,0,0,NULL,'',0,0,'2017090','2018-01-08 10:10:10'),
(809,4,2,1,6,0,389,'LAW1205','1','3017098',0,3,3,0,0,0,NULL,'',0,0,'2017090','2018-01-08 10:10:10'),
(810,4,2,1,6,0,388,'LAW1204','1','3015047',0,2,2,0,0,0,NULL,'',0,0,'2017090','2018-01-08 10:10:10'),
(811,4,2,1,6,0,387,'LAW1203','1','3015047',0,2,2,0,0,0,NULL,'',0,0,'2017090','2018-01-08 10:10:10'),
(812,4,2,1,6,0,333,'ENT1201','1','1114080',0,4,4,0,0,0,NULL,'',0,0,'2017090','2018-01-08 10:10:10'),
(813,4,2,1,11,0,333,'ENT1201','1','1117048',0,4,4,0,0,0,NULL,'',0,0,'2017090','2018-01-08 10:10:10'),
(814,1,8,1,2,0,533,'CEM4211','1','2217096',0,2,2,0,0,0,NULL,'',0,0,'2017090','2018-01-08 10:10:10'),
(815,1,8,1,2,0,534,'CEM3416','1','2617100',0,2,2,0,0,0,NULL,'',0,0,'2017090','2018-01-08 10:10:10'),
(816,1,8,1,2,0,535,'CEM4212','1','2217057',0,2,2,0,0,0,NULL,'',0,0,'2017090','2018-01-08 10:10:10'),
(817,1,8,1,2,0,536,'CEM4482','1','2617100',0,4,4,0,0,0,NULL,'',0,0,'2017090','2018-01-08 10:10:10'),
(818,1,8,1,5,0,553,'HOT0054','1','1214044',0,8,0,0,0,0,NULL,'',0,0,'2017090','2018-01-08 10:10:10'),
(819,1,8,1,5,0,554,'HOT0055','1','1214044',0,6,0,0,0,0,NULL,'',0,0,'2017090','2018-01-08 10:10:10'),
(820,1,8,1,1,0,564,'ARC4218','1','2114033',0,8,8,0,0,0,NULL,'',0,0,'2017090','2018-01-08 10:10:10'),
(821,1,8,1,1,0,565,'ARC4263','1','2114002',0,3,0,0,3,0,NULL,'',0,0,'2017090','2018-01-08 10:10:10'),
(822,1,1,1,4,0,3,'UNI1001','1','NULL',0,3,0,0,0,0,NULL,'',0,0,'2017090','2018-01-08 10:10:10'),
(823,1,2,1,5,0,110,'PUN0004','1','NULL',0,4,4,4,0,0,NULL,'',0,0,'2017090','2018-01-08 10:10:10'),
(824,2,6,1,2,0,383,'CEM3221','1','1214044',0,3,3,0,0,0,NULL,'',0,0,'2017090','2018-01-08 10:10:10'),
(825,2,6,1,2,0,381,'CEM3201','1','NULL',0,2,2,0,0,0,NULL,'',0,0,'2017090','2018-01-08 10:10:10'),
(826,2,6,1,2,0,384,'CEM3222','1','2217096',0,3,3,0,0,0,NULL,'',0,0,'2017090','2018-01-08 10:10:10'),
(827,2,6,1,2,0,427,'CEM3411','1','2217057',0,2,2,0,0,0,NULL,'',0,0,'2017090','2018-01-08 10:10:10'),
(828,2,6,1,2,0,382,'CEM3211','1','2117026',0,2,2,0,0,0,NULL,'',0,0,'2017090','2018-01-08 10:10:10'),
(829,2,6,1,2,0,213,'UNC0201','1','1014073',0,2,2,0,0,0,NULL,'',0,0,'2017090','2018-01-08 10:10:10'),
(830,2,6,1,2,0,236,'UNC0202','1','NULL',0,2,2,0,0,0,NULL,'',0,0,'2017090','2018-01-08 10:10:10'),
(831,2,6,1,5,0,438,'HOT0041','1','NULL',0,2,2,0,0,0,NULL,'',0,0,'2017090','2018-01-08 10:10:10'),
(832,2,6,1,5,0,442,'HOT0045','1','NULL',0,2,2,0,0,0,NULL,'',0,0,'2017090','2018-01-08 10:10:10'),
(833,2,6,1,5,0,439,'HOT0042','1','NULL',0,4,4,0,0,0,NULL,'',0,0,'2017090','2018-01-08 10:10:10'),
(834,2,6,1,5,0,236,'UNC0202','1','NULL',0,2,2,0,0,0,NULL,'',0,0,'2017090','2018-01-08 10:10:10'),
(835,2,6,1,5,0,440,'HOT0043','1','NULL',0,2,2,0,0,0,NULL,'',0,0,'2017090','2018-01-08 10:10:10'),
(836,2,6,1,5,0,436,'HOT0039','1','NULL',0,2,2,0,0,0,NULL,'',0,0,'2017090','2018-01-08 10:10:10'),
(837,2,6,1,5,0,437,'HOT0040','1','NULL',0,2,2,0,0,0,NULL,'',0,0,'2017090','2018-01-08 10:10:10'),
(838,2,6,1,5,0,443,'HOT0046','1','NULL',0,2,2,0,0,0,NULL,'',0,0,'2017090','2018-01-08 10:10:10'),
(839,2,6,1,5,0,441,'HOT0044','1','NULL',0,2,2,0,0,0,NULL,'',0,0,'2017090','2018-01-08 10:10:10'),
(840,2,6,1,5,0,444,'HOT0047','1','NULL',0,2,2,0,0,0,NULL,'',0,0,'2017090','2018-01-08 10:10:10'),
(841,2,6,1,5,0,445,'HOT0048','1','NULL',0,2,2,0,0,0,NULL,'',0,0,'2017090','2018-01-08 10:10:10'),
(842,2,6,1,5,0,532,'UNC0201','1','NULL',0,2,2,0,0,0,NULL,'',0,0,'2017090','2018-01-08 10:10:10'),
(843,2,6,1,5,0,550,'HOT0049','1','NULL',0,2,2,0,0,0,NULL,'',0,0,'2017090','2018-01-08 10:10:10'),
(844,2,6,1,5,0,551,'HOT0050','1','NULL',0,2,2,0,0,0,NULL,'',0,0,'2017090','2018-01-08 10:10:10'),
(845,2,6,1,5,0,552,'HOT0051','1','NULL',0,2,2,0,0,0,NULL,'',0,0,'2017090','2018-01-08 10:10:10'),
(846,2,6,1,6,0,555,'LAW3201','1','NULL',0,2,2,0,0,0,NULL,'',0,0,'2017090','2018-01-08 10:10:10'),
(847,2,6,1,6,0,556,'LAW3202','1','NULL',0,2,2,0,0,0,NULL,'',0,0,'2017090','2018-01-08 10:10:10'),
(848,2,6,1,6,0,557,'LAW3203','1','NULL',0,2,2,0,0,0,NULL,'',0,0,'2017090','2018-01-08 10:10:10'),
(849,2,6,1,6,0,558,'LAW3204','1','NULL',0,2,2,0,0,0,NULL,'',0,0,'2017090','2018-01-08 10:10:10'),
(850,2,6,1,6,0,559,'LAW3205','1','NULL',0,2,2,0,0,0,NULL,'',0,0,'2017090','2018-01-08 10:10:10'),
(851,2,6,1,6,0,560,'LAW3206','1','NULL',0,2,2,0,0,0,NULL,'',0,0,'2017090','2018-01-08 10:10:10'),
(852,2,6,1,6,0,561,'LAW3207','1','NULL',0,2,2,0,0,0,NULL,'',0,0,'2017090','2018-01-08 10:10:10'),
(853,2,6,1,6,0,562,'LAW3208','1','NULL',0,2,2,0,0,0,NULL,'',0,0,'2017090','2018-01-08 10:10:10'),
(854,2,6,1,1,0,353,'ARC3216','1','2117058',0,8,0,8,0,0,NULL,'',0,0,'2017090','2018-01-08 10:10:10'),
(855,2,6,1,1,0,354,'ARC3252','1','2516028',0,3,3,0,0,0,NULL,'',0,0,'2017090','2018-01-08 10:10:10'),
(856,2,6,1,1,0,241,'ARC3481','0','2114033',0,3,3,0,0,0,NULL,'',0,0,'2017090','2018-01-08 10:10:10'),
(857,2,6,1,1,0,425,'URP3206','0','2516027',0,2,2,0,0,0,NULL,'',0,0,'2017090','2018-01-08 10:10:10'),
(858,2,6,1,6,0,566,'LAW3168','1','3017098',0,3,3,0,0,0,NULL,'',0,0,'2017090','2018-01-08 10:10:10'),
(859,2,6,1,1,0,425,'URP3206','0','2516027',0,2,2,0,0,0,NULL,'',0,0,'2017090','2018-01-08 10:10:10'),
(860,2,2,1,5,0,110,'PUN0004','1','NULL',0,4,4,0,0,0,NULL,'',0,0,'2017090','2018-01-08 10:10:10'),
(861,3,4,1,11,0,521,'PDP2183','1','2415069',0,5,5,0,0,0,NULL,'',0,0,'2017090','2018-01-08 10:10:10'),
(862,3,4,1,11,0,523,'PDP3202','1','2415069',0,3,3,0,0,0,NULL,'',0,0,'2017090','2018-01-08 10:10:10'),
(863,3,4,1,11,0,522,'PDP3102','1','2415078',0,3,3,0,0,0,NULL,'',0,0,'2017090','2018-01-08 10:10:10'),
(864,3,4,1,11,0,213,'UNC0201','1','NULL',0,2,2,0,0,0,NULL,'',0,0,'2017090','2018-01-08 10:10:10'),
(865,3,4,1,11,0,524,'PDP3203','1','2417037',0,3,3,0,0,0,NULL,'',0,0,'2017090','2018-01-08 10:10:10'),
(866,3,4,1,11,0,525,'PDP2205','1','2417037',0,3,3,0,0,0,NULL,'',0,0,'2017090','2018-01-08 10:10:10'),
(867,3,4,1,8,0,526,'STE2204','1','2317041',0,3,3,0,0,0,NULL,'',0,0,'2017090','2018-01-08 10:10:10'),
(868,3,4,1,8,0,527,'STE2206','1','2317112',0,3,3,0,0,0,NULL,'',0,0,'2017090','2018-01-08 10:10:10'),
(869,3,4,1,8,0,528,'STE2202','1','2317112',0,3,3,0,0,0,NULL,'',0,0,'2017090','2018-01-08 10:10:10'),
(870,3,4,1,8,0,529,'STE2201','1','NULL',0,3,3,0,0,0,NULL,'',0,0,'2017090','2018-01-08 10:10:10'),
(871,3,4,1,8,0,530,'STE2205','1','2316017',0,3,3,0,0,0,NULL,'',0,0,'2017090','2018-01-08 10:10:10'),
(872,3,4,1,8,0,531,'STE2203','1','NULL',0,2,2,0,0,0,NULL,'',0,0,'2017090','2018-01-08 10:10:10'),
(873,3,4,1,8,0,213,'UNC0201','1','1014073',0,2,2,0,0,0,NULL,'',0,0,'2017090','2018-01-08 10:10:10'),
(874,3,4,1,2,0,378,'CEM2222','1','2217015',0,3,3,0,0,0,NULL,'',0,0,'2017090','2018-01-08 10:10:10'),
(875,3,4,1,2,0,379,'CEM2223','1','2317112',0,3,3,0,0,0,NULL,'',0,0,'2017090','2018-01-08 10:10:10'),
(876,3,4,1,2,0,375,'CEM2212','1','2217096',0,3,3,0,0,0,NULL,'',0,0,'2017090','2018-01-08 10:10:10'),
(877,3,4,1,2,0,377,'CEM2221','1','2217015',0,3,3,0,0,0,NULL,'',0,0,'2017090','2018-01-08 10:10:10'),
(878,3,4,1,2,0,374,'CEM2211','1','2217057',0,2,2,0,0,0,NULL,'',0,0,'2017090','2018-01-08 10:10:10'),
(879,3,4,1,2,0,376,'CEM2213','1','NULL',0,3,3,0,0,0,NULL,'',0,0,'2017090','2018-01-08 10:10:10'),
(880,3,4,1,2,0,380,'CEM2224','1','2215017',0,3,3,0,0,0,NULL,'',0,0,'2017090','2018-01-08 10:10:10'),
(881,3,4,1,10,0,542,'ENV2204','1','2616002',0,3,3,0,0,0,NULL,'',0,0,'2017090','2018-01-08 10:10:10'),
(882,3,4,1,10,0,543,'ENV2208','1','NULL',0,2,2,0,0,0,NULL,'',0,0,'2017090','2018-01-08 10:10:10'),
(883,3,4,1,10,0,544,'ENV2207','1','2616007',0,2,2,0,0,0,NULL,'',0,0,'2017090','2018-01-08 10:10:10'),
(884,3,4,1,10,0,545,'ENV2203','1','2616007',0,3,3,0,0,0,NULL,'',0,0,'2017090','2018-01-08 10:10:10'),
(885,3,4,1,10,0,546,'ENV2202','1','2617085',0,3,3,0,0,0,NULL,'',0,0,'2017090','2018-01-08 10:10:10'),
(886,3,4,1,10,0,547,'ENV2201','1','2617083',0,3,3,0,0,0,NULL,'',0,0,'2017090','2018-01-08 10:10:10'),
(887,3,4,1,10,0,548,'ENV2205','1','NULL',0,2,2,0,0,0,NULL,'',0,0,'2017090','2018-01-08 10:10:10'),
(888,3,4,1,10,0,549,'ENV2206','1','NULL',0,2,2,0,0,0,NULL,'',0,0,'2017090','2018-01-08 10:10:10'),
(889,3,4,1,5,0,422,'HOT0023','1','NULL',0,3,3,0,0,0,NULL,'',0,0,'2017090','2018-01-08 10:10:10'),
(890,3,4,1,5,0,111,'PUN0003','1','NULL',0,4,4,0,0,0,NULL,'',0,0,'2017090','2018-01-08 10:10:10'),
(891,3,4,1,5,0,417,'PUN0016','1','NULL',0,3,3,0,0,0,NULL,'',0,0,'2017090','2018-01-08 10:10:10'),
(892,3,4,1,5,0,423,'HOT0022','1','NULL',0,2,2,0,0,0,NULL,'',0,0,'2017090','2018-01-08 10:10:10'),
(893,3,4,1,5,0,418,'PUN0018','1','NULL',0,3,3,0,0,0,NULL,'',0,0,'2017090','2018-01-08 10:10:10'),
(894,3,4,1,5,0,421,'HOT0021','1','NULL',0,2,2,0,0,0,NULL,'',0,0,'2017090','2018-01-08 10:10:10'),
(895,3,4,1,5,0,420,'HOT0019','1','NULL',0,2,2,0,0,0,NULL,'',0,0,'2017090','2018-01-08 10:10:10'),
(896,3,4,1,5,0,419,'HOT0020','1','NULL',0,2,2,0,0,0,NULL,'',0,0,'2017090','2018-01-08 10:10:10'),
(897,3,4,1,1,0,347,'ARC2214','1','2114041',0,6,0,6,0,0,NULL,'',0,0,'2017090','2018-01-08 10:10:10'),
(898,3,4,2,1,0,532,'UNC0201','1','1014073',0,2,2,0,0,0,NULL,'',0,0,'2017090','2018-01-08 10:10:10'),
(899,3,4,2,1,0,236,'UNC0202','1','NULL',0,2,2,0,0,0,NULL,'',0,0,'2017090','2018-01-08 10:10:10'),
(900,3,4,1,1,0,401,'ARC2481','1','2117010',0,3,3,0,0,0,NULL,'',0,0,'2017090','2018-01-08 10:10:10'),
(901,3,4,1,1,0,350,'ARC2473','1','2317041',0,3,3,0,0,0,NULL,'',0,0,'2017090','2018-01-08 10:10:10'),
(902,3,4,1,1,0,349,'ARC2472','1','2114002',0,3,3,0,0,0,NULL,'',0,0,'2017090','2018-01-08 10:10:10'),
(903,3,4,1,1,0,348,'ARC2244','1','2114040',0,3,2,1,0,0,NULL,'',0,0,'2017090','2018-01-08 10:10:10'),
(904,3,4,1,2,0,378,'CEM2222','1','2217015',0,3,3,0,0,0,NULL,'',0,0,'2017090','2018-01-08 10:10:10'),
(905,4,2,1,11,0,360,'PDP1203','1','2415078',0,2,2,0,0,0,NULL,'',0,0,'2017090','2018-01-08 10:10:10'),
(906,4,2,1,11,0,362,'PDP1205','1','2417036',0,5,5,0,0,0,NULL,'',0,0,'2017090','2018-01-08 10:10:10'),
(907,4,2,1,11,0,363,'PDP1206','1','2417036',0,2,2,0,0,0,NULL,'',0,0,'2017090','2018-01-08 10:10:10'),
(908,4,2,1,11,0,361,'PDP1204','1','2416026',0,2,2,0,0,0,NULL,'',0,0,'2017090','2018-01-08 10:10:10'),
(909,4,2,1,11,0,236,'UNC0202','1','NULL',0,2,2,0,0,0,NULL,'',0,0,'2017090','2018-01-08 10:10:10'),
(910,4,2,1,11,0,359,'PDP1201','1','NULL',0,3,3,0,0,0,NULL,'',0,0,'2017090','2018-01-08 10:10:10'),
(911,4,2,1,8,0,333,'ENT1201','1','1117048',0,4,4,0,0,0,NULL,'',0,0,'2017090','2018-01-08 10:10:10'),
(912,4,2,1,8,0,366,'STE1204','1','2317041',0,3,3,0,0,0,NULL,'',0,0,'2017090','2018-01-08 10:10:10'),
(913,4,2,1,8,0,367,'STE1203','1','2316017',0,3,3,0,0,0,NULL,'',0,0,'2017090','2018-01-08 10:10:10'),
(914,4,2,1,8,0,236,'UNC0202','1','NULL',0,2,2,0,0,0,NULL,'',0,0,'2017090','2018-01-08 10:10:10'),
(915,4,2,1,8,0,364,'STE1201','1','2317041',0,3,3,0,0,0,NULL,'',0,0,'2017090','2018-01-08 10:10:10'),
(916,4,2,1,8,0,368,'ENG1201','1','NULL',0,2,2,0,0,0,NULL,'',0,0,'2017090','2018-01-08 10:10:10'),
(917,4,2,1,8,0,365,'STE1202','1','2315075',0,3,3,0,0,0,NULL,'',0,0,'2017090','2018-01-08 10:10:10'),
(918,4,2,1,2,0,333,'ENT1201','1','1117048',0,4,4,0,0,0,NULL,'',0,0,'2017090','2018-01-08 10:10:10'),
(919,4,2,1,2,0,370,'CEM1221','1','2217002',0,3,3,0,0,0,NULL,'',0,0,'2017090','2018-01-08 10:10:10'),
(920,4,2,1,2,0,373,'CEM1203','1','2217002',0,3,3,0,0,0,NULL,'',0,0,'2017090','2018-01-08 10:10:10'),
(921,4,2,1,2,0,369,'CEM1211','1','2217057',0,2,2,0,0,0,NULL,'',0,0,'2017090','2018-01-08 10:10:10'),
(922,4,2,1,2,0,371,'CEM1201','1','NULL',0,3,3,0,0,0,NULL,'',0,0,'2017090','2018-01-08 10:10:10'),
(923,4,2,1,2,0,372,'CEM1202','1','NULL',0,3,3,0,0,0,NULL,'',0,0,'2017090','2018-01-08 10:10:10'),
(924,4,2,1,9,0,537,'URP1202','1','2516018',0,3,3,0,0,0,NULL,'',0,0,'2017090','2018-01-08 10:10:10'),
(925,4,2,1,9,0,333,'ENT1201','1','1117048',0,4,4,0,0,0,NULL,'',0,0,'2017090','2018-01-08 10:10:10'),
(926,4,2,1,9,0,538,'URP1204','1','2516028',0,2,2,0,0,0,NULL,'',0,0,'2017090','2018-01-08 10:10:10'),
(927,4,2,1,9,0,539,'URP1201','1','2516037',0,2,2,0,0,0,NULL,'',0,0,'2017090','2018-01-08 10:10:10'),
(928,4,2,1,9,0,236,'UNC0202','1','3016009',0,2,2,0,0,0,NULL,'',0,0,'2017090','2018-01-08 10:10:10'),
(929,4,2,1,9,0,540,'URP1205','1','2516028',0,3,3,0,0,0,NULL,'',0,0,'2017090','2018-01-08 10:10:10'),
(930,4,2,1,9,0,541,'URP1203','1','2517042',0,3,3,0,0,0,NULL,'',0,0,'2017090','2018-01-08 10:10:10'),
(931,4,2,1,10,0,333,'ENT1201','1','1117048',0,4,4,0,0,0,NULL,'',0,0,'2017090','2018-01-08 10:10:10'),
(932,4,2,1,10,0,358,'ENV1204','1','2617083',0,2,2,0,0,0,NULL,'',0,0,'2017090','2018-01-08 10:10:10'),
(933,4,2,1,10,0,236,'UNC0202','1','3016009',0,2,2,0,0,0,NULL,'',0,0,'2017090','2018-01-08 10:10:10'),
(934,4,2,1,10,0,357,'ENV1203','1','NULL',0,3,3,0,0,0,NULL,'',0,0,'2017090','2018-01-08 10:10:10'),
(935,4,2,1,10,0,355,'ENV1201','1','NULL',0,3,3,0,0,0,NULL,'',0,0,'2017090','2018-01-08 10:10:10'),
(936,4,2,1,10,0,356,'ENV1202','1','2616002',0,3,3,0,0,0,NULL,'',0,0,'2017090','2018-01-08 10:10:10'),
(937,4,2,1,10,0,532,'UNC0201','1','1014073',0,2,2,0,0,0,NULL,'',0,0,'2017090','2018-01-08 10:10:10'),
(938,4,2,1,5,0,110,'PUN0004','1','NULL',0,4,4,0,0,0,NULL,'',0,0,'2017090','2018-01-08 10:10:10'),
(939,4,2,1,5,0,118,'HOT0008','1','NULL',0,2,2,0,0,0,NULL,'',0,0,'2017090','2018-01-08 10:10:10'),
(940,4,2,1,5,0,119,'HOT0009','1','NULL',0,2,2,0,0,0,NULL,'',0,0,'2017090','2018-01-08 10:10:10'),
(941,4,2,1,5,0,124,'HOT0014','1','NULL',0,2,2,0,0,0,NULL,'',0,0,'2017090','2018-01-08 10:10:10'),
(942,4,2,1,5,0,125,'HOT0015','1','NULL',0,2,2,0,0,0,NULL,'',0,0,'2017090','2018-01-08 10:10:10'),
(943,4,2,1,5,0,122,'HOT0012','1','NULL',0,2,2,0,0,0,NULL,'',0,0,'2017090','2018-01-08 10:10:10'),
(944,4,2,1,5,0,123,'HOT0013','1','NULL',0,2,2,0,0,0,NULL,'',0,0,'2017090','2018-01-08 10:10:10'),
(945,4,2,1,5,0,120,'HOT0010','1','NULL',0,2,2,0,0,0,NULL,'',0,0,'2017090','2018-01-08 10:10:10'),
(946,4,2,1,5,0,121,'HOT0011','1','NULL',0,2,2,0,0,0,NULL,'',0,0,'2017090','2018-01-08 10:10:10'),
(947,4,2,1,1,0,343,'ARC1212','1','2114041',0,6,0,6,0,0,NULL,'',0,0,'2017090','2018-01-08 10:10:10'),
(948,4,2,1,1,0,345,'ARC1232','1','2114041',0,3,3,0,0,0,NULL,'',0,0,'2017090','2018-01-08 10:10:10'),
(949,4,2,1,1,0,344,'ARC1222','1','2114045',0,3,2,1,0,0,NULL,'',0,0,'2017090','2018-01-08 10:10:10'),
(950,4,2,1,1,0,333,'ENT1201','1','1114080',0,4,4,0,0,0,NULL,'',0,0,'2017090','2018-01-08 10:10:10'),
(951,4,2,1,1,0,346,'ARC1242','1','2114002',0,3,2,1,0,0,NULL,'',0,0,'2017090','2018-01-08 10:10:10'),
(952,4,3,1,1,1,1,'UNI1004','1','2114002',0,4,0,0,0,1,'0','',1,1,'2017090','2018-02-28 15:00:25'),
(953,5,1,1,1,1,8,'ARC1011','1','1114013',1,4,0,0,0,1,'0','',1,1,'2017090','2018-03-06 14:54:52'),
(954,5,1,1,1,1,9,'ARC1021','1','2117058',0,2,0,0,0,1,'0','',1,1,'2017090','2018-03-06 14:55:24'),
(955,5,2,1,1,1,168,'UNC0101','1','1017080',1,2,0,0,0,1,'0','',0,0,'2017090','2018-03-06 14:56:32'),
(959,5,3,1,1,1,36,'ARC2012','1',NULL,0,5,0,0,0,1,'1','[\"8.ARC1011\"]',1,1,'2017090','2018-03-07 14:10:46'),
(960,5,3,1,1,1,99,'ARC0003','0',NULL,0,9,0,0,0,1,'0','null',0,0,'2017090','2018-03-08 09:34:15'),
(961,5,2,1,2,5,16,'CEM1041','1',NULL,0,4,0,0,0,1,'0','null',0,1,'2017090','2018-03-09 08:19:31'),
(962,5,8,1,1,5,54,'SOC3002','1',NULL,0,4,0,0,0,1,'0','null',1,1,'2017090','2018-03-12 13:40:37'),
(963,5,8,1,1,5,55,'SOC3003','0',NULL,0,2,0,0,0,1,'0','[\"\"]',1,0,'2017090','2018-03-14 11:52:55'),
(964,5,1,1,3,1,1,'UNI1004','0',NULL,0,4,0,0,0,1,'0','null',1,0,'2017090','2018-03-13 16:37:37'),
(965,5,1,1,3,1,2,'UNI1003','1',NULL,0,3,0,0,0,1,'0','[\"\"]',1,1,'2017090','2018-03-13 16:37:54'),
(966,5,2,1,3,1,4,'SOC1001','1',NULL,0,4,0,0,0,1,'0','null',1,0,'2017090','2018-03-13 16:38:18'),
(967,5,2,1,3,1,10,'ARC1031','1',NULL,0,3,0,0,0,1,'0','[\"\"]',0,0,'2017090','2018-03-13 16:38:34'),
(968,5,5,1,1,1,100,'ARC0004','1',NULL,0,3,0,0,0,1,'0','null',1,0,'2017090','2018-03-14 11:42:27'),
(969,5,5,1,1,1,155,'ARC0009','1',NULL,0,3,0,0,0,1,'0','null',0,0,'2017090','2018-03-14 11:43:54'),
(970,5,8,1,2,1,14,'CEM1013','1',NULL,0,4,0,0,0,1,'0','null',0,0,'2017090','2018-03-14 15:00:18'),
(971,5,4,1,1,1,347,'ARC2214','1',NULL,0,6,0,0,0,1,'0','null',0,0,'2017090','2018-03-19 15:51:42');

/*Table structure for table `curriculum_types` */

DROP TABLE IF EXISTS `curriculum_types`;

CREATE TABLE `curriculum_types` (
  `ID` int(11) NOT NULL AUTO_INCREMENT,
  `Name` varchar(100) DEFAULT NULL,
  `UpdateBy` varchar(30) DEFAULT NULL,
  `UpdateAt` datetime DEFAULT NULL,
  PRIMARY KEY (`ID`)
) ENGINE=InnoDB AUTO_INCREMENT=3 DEFAULT CHARSET=latin1;

/*Data for the table `curriculum_types` */

insert  into `curriculum_types`(`ID`,`Name`,`UpdateBy`,`UpdateAt`) values 
(1,'Kurikulum Inti','2017090','2018-01-01 00:17:16'),
(2,'Kurikulum Institusional','2017090','2018-01-02 00:17:24');

/*Table structure for table `days` */

DROP TABLE IF EXISTS `days`;

CREATE TABLE `days` (
  `ID` int(11) NOT NULL AUTO_INCREMENT,
  `Name` varchar(20) DEFAULT NULL,
  `NameEng` varchar(20) DEFAULT NULL,
  PRIMARY KEY (`ID`)
) ENGINE=InnoDB AUTO_INCREMENT=8 DEFAULT CHARSET=latin1;

/*Data for the table `days` */

insert  into `days`(`ID`,`Name`,`NameEng`) values 
(1,'Senin','Monday'),
(2,'Selasa','Tuesday'),
(3,'Rabu','Wednesday'),
(4,'Kamis','Thursday'),
(5,'Jumat','Friday'),
(6,'Sabtu','Saturday'),
(7,'Minggu','Sunday');

/*Table structure for table `education_level` */

DROP TABLE IF EXISTS `education_level`;

CREATE TABLE `education_level` (
  `ID` int(11) NOT NULL AUTO_INCREMENT,
  `EducationLevelID` varchar(2) DEFAULT NULL,
  `Name` varchar(45) DEFAULT NULL,
  PRIMARY KEY (`ID`)
) ENGINE=InnoDB AUTO_INCREMENT=6 DEFAULT CHARSET=latin1;

/*Data for the table `education_level` */

insert  into `education_level`(`ID`,`EducationLevelID`,`Name`) values 
(1,'C','S1'),
(2,'B','S2'),
(3,'A','S3'),
(4,'E','D3'),
(5,'D','D4');

/*Table structure for table `faculty` */

DROP TABLE IF EXISTS `faculty`;

CREATE TABLE `faculty` (
  `ID` int(11) NOT NULL AUTO_INCREMENT,
  `FacultyID` int(11) DEFAULT NULL,
  `Name` varchar(100) DEFAULT NULL,
  PRIMARY KEY (`ID`)
) ENGINE=InnoDB AUTO_INCREMENT=5 DEFAULT CHARSET=latin1;

/*Data for the table `faculty` */

insert  into `faculty`(`ID`,`FacultyID`,`Name`) values 
(1,1,'Sosial'),
(2,2,'Eksakta'),
(3,3,'Hukum'),
(4,4,'Universitas');

/*Table structure for table `grade` */

DROP TABLE IF EXISTS `grade`;

CREATE TABLE `grade` (
  `ID` int(11) NOT NULL AUTO_INCREMENT,
  `Grade` varchar(45) DEFAULT NULL,
  `Score` float(5,2) DEFAULT NULL,
  `StartRange` float(5,2) DEFAULT NULL,
  `EndRange` float(5,2) DEFAULT NULL,
  `Description` varchar(45) DEFAULT NULL,
  `DescriptionEng` varchar(45) DEFAULT NULL,
  `Status` enum('0','1') DEFAULT NULL,
  `UpdateAt` datetime DEFAULT NULL,
  `UpdateBy` varchar(45) DEFAULT NULL,
  PRIMARY KEY (`ID`)
) ENGINE=InnoDB AUTO_INCREMENT=10 DEFAULT CHARSET=latin1;

/*Data for the table `grade` */

insert  into `grade`(`ID`,`Grade`,`Score`,`StartRange`,`EndRange`,`Description`,`DescriptionEng`,`Status`,`UpdateAt`,`UpdateBy`) values 
(1,'A',4.00,85.00,100.00,'Sangat Baik','Very Good','1',NULL,NULL),
(2,'A-',3.70,80.00,84.99,'Sangat Baik','Very Good','1',NULL,NULL),
(3,'B+',3.30,75.00,79.99,'Baik','Good','1',NULL,NULL),
(4,'B',3.00,70.00,74.99,'Baik','Good','1',NULL,NULL),
(5,'B-',2.70,65.00,69.99,'Baik','Good','1',NULL,NULL),
(6,'C+',2.30,60.00,64.99,'Cukup','Enough','1',NULL,NULL),
(7,'C',2.00,56.00,59.99,'Cukup','Enough','1',NULL,NULL),
(8,'D',1.00,40.00,55.99,'Kurang','Less','0',NULL,NULL),
(9,'E',0.00,0.00,39.99,'Sangat Kurang','Very Less','0',NULL,NULL);

/*Table structure for table `lecturers_availability` */

DROP TABLE IF EXISTS `lecturers_availability`;

CREATE TABLE `lecturers_availability` (
  `ID` int(11) NOT NULL AUTO_INCREMENT,
  `SemesterID` int(11) NOT NULL,
  `LecturerID` varchar(45) NOT NULL,
  `MKID` int(11) NOT NULL,
  `MKCode` varchar(45) NOT NULL,
  `UpdateBy` varchar(45) NOT NULL,
  `UpdateAt` datetime NOT NULL,
  PRIMARY KEY (`ID`)
) ENGINE=InnoDB AUTO_INCREMENT=2 DEFAULT CHARSET=latin1;

/*Data for the table `lecturers_availability` */

insert  into `lecturers_availability`(`ID`,`SemesterID`,`LecturerID`,`MKID`,`MKCode`,`UpdateBy`,`UpdateAt`) values 
(1,7,'2516028',74,'CEM0001','2017090','2018-01-31 10:37:01');

/*Table structure for table `lecturers_availability_detail` */

DROP TABLE IF EXISTS `lecturers_availability_detail`;

CREATE TABLE `lecturers_availability_detail` (
  `ID` int(11) NOT NULL AUTO_INCREMENT,
  `LecturersAvailabilityID` int(11) NOT NULL,
  `DayID` int(11) NOT NULL,
  `Start` time DEFAULT NULL,
  `End` time DEFAULT NULL,
  PRIMARY KEY (`ID`)
) ENGINE=InnoDB AUTO_INCREMENT=2 DEFAULT CHARSET=latin1;

/*Data for the table `lecturers_availability_detail` */

insert  into `lecturers_availability_detail`(`ID`,`LecturersAvailabilityID`,`DayID`,`Start`,`End`) values 
(1,1,1,'10:00:00','12:00:00');

/*Table structure for table `mata_kuliah` */

DROP TABLE IF EXISTS `mata_kuliah`;

CREATE TABLE `mata_kuliah` (
  `ID` int(11) NOT NULL AUTO_INCREMENT,
  `MKCode` varchar(45) DEFAULT NULL,
  `Name` varchar(200) DEFAULT NULL,
  `NameEng` varchar(200) DEFAULT NULL,
  `BaseProdiID` int(11) DEFAULT NULL,
  `Status` int(11) DEFAULT NULL,
  `UpdateBy` varchar(25) DEFAULT NULL,
  `UpdateAt` datetime DEFAULT NULL,
  PRIMARY KEY (`ID`)
) ENGINE=InnoDB AUTO_INCREMENT=568 DEFAULT CHARSET=latin1;

/*Data for the table `mata_kuliah` */

insert  into `mata_kuliah`(`ID`,`MKCode`,`Name`,`NameEng`,`BaseProdiID`,`Status`,`UpdateBy`,`UpdateAt`) values 
(1,'UNI1004','Berpikir Kreatif & Kekuatan Simplisitas','Creative Thinking & The Power of Simplicity',3,NULL,'2017090','2017-01-09 10:10:10'),
(2,'UNI1003','Bahasa Inggris dan Retorik 1','Rhetoric 1',3,NULL,'2017090','2017-01-09 10:10:10'),
(3,'UNI1001','Pengantar Bisnis','Thinking and Acting like an Entrepreneurial Leader 1 (TAEL 1)',3,NULL,'2017090','2017-01-09 10:10:10'),
(4,'SOC1001','Analisa Kuantitatif dalam Pengambilan Keputusan 1','Quantitative Methods for Business Analytics 1',3,NULL,'2017090','2017-01-09 10:10:10'),
(5,'UNI1002','Pengantar Akuntansi Keuangan','Introduction to Financial Accounting',4,NULL,'2017090','2017-01-09 10:10:10'),
(8,'ARC1011','Teori dan Sejarah Arsitektur 1','History and Theory of Architecture 1',1,NULL,'2017090','2017-01-09 10:10:10'),
(9,'ARC1021','Teknik Komunikasi Arsitektur 1','Architecture Communication Technique 1',1,NULL,'2017090','2017-01-09 10:10:10'),
(10,'ARC1031','Teknologi Arsitektur dan Lingkungan 1','Architecture Technology and Environment 1',1,NULL,'2017090','2017-01-09 10:10:10'),
(11,'ARC1041','Studio Perancangan Arsitektur 1','Architecture Design Studio 1',1,NULL,'2017090','2017-01-09 10:10:10'),
(12,'CEM1011','Fisika','Physics',2,NULL,'2017090','2017-01-09 10:10:10'),
(13,'CEM1012','Kalkulus','Calculus',2,NULL,'2017090','2017-01-09 10:10:10'),
(14,'CEM1013','Kimia','Chemistry',2,NULL,'2017090','2017-01-09 10:10:10'),
(15,'CEM1031','Hidrologi','Hydrology',2,NULL,'2017090','2017-01-09 10:10:10'),
(16,'CEM1041','Gambar dan Grafik Konstruksi','Construction Drawings & Graphics',2,NULL,'2017090','2017-01-09 10:10:10'),
(17,'HBP1007','Divisi Kamar - Kantor Depan','Room Division - Front Office',5,NULL,'2017090','2017-01-09 10:10:10'),
(18,'HBP1008','Divisi Kamar - Tata Graha','Room Division - House Keeping',5,NULL,'2017090','2017-01-09 10:10:10'),
(19,'HBP1009','Divisi Kamar - Area Publik','Room Division - Public Area',5,NULL,'2017090','2017-01-09 10:10:10'),
(20,'HBP1004','Pengetahuan Alat','Food & Beverage Production - Stewarding',5,NULL,'2017090','2017-01-09 10:10:10'),
(21,'CEM2043','Pengantar Bangunan Konstruksi','Introduction to Construction Building',2,NULL,'2017090','2017-01-09 10:10:10'),
(22,'CEM2042','Pengantar Mekanika Teknik','Introduction to Engineering Mechanics',2,NULL,'2017090','2017-01-09 10:10:10'),
(23,'CEM2011','Statistik Terapan','Applied Statistics',2,NULL,'2017090','2017-01-09 10:10:10'),
(24,'CEM2031','Hidraulika & Drainase','Hydraulics & Drainage',2,NULL,'2017090','2017-01-09 10:10:10'),
(25,'CEM2032','Survei Konstruksi','Construction Surveying',2,NULL,'2017090','2017-01-09 10:10:10'),
(26,'CEM2051','Pengantar Manajemen Proyek Konstruksi','Introduction to Construction Project Management',2,NULL,'2017090','2017-01-09 10:10:10'),
(27,'CEM2052','Manajemen Sumber Daya Manusia dalam Industri Konstruksi','Human Resources Management in Construction Industry',2,NULL,'2017090','2017-01-09 10:10:10'),
(28,'UNI2005','Perilaku Organisasi','Thinking and Acting like an Entrepreneurial Leader 2 (TAEL 2)',3,NULL,'2017090','2017-01-09 10:10:10'),
(29,'SOC2002','Metode Kuantitatif 2','Quantitative Methods for Business Analytics 2',3,NULL,'2017090','2017-01-09 10:10:10'),
(30,'SOC2003','Retorik 2','Rhetoric 2',3,NULL,'2017090','2017-01-09 10:10:10'),
(31,'SOC2004','Kepemimpinan','Virtuous Leadership',3,NULL,'2017090','2017-01-09 10:10:10'),
(32,'SOC2005','Perekonomian Kepulauan','Economy in Archipelago',3,NULL,'2017090','2017-01-09 10:10:10'),
(33,'SOC2006','Sejarah Pemikiran Ekonomi','History of Global Economy Thought',3,NULL,'2017090','2017-01-09 10:10:10'),
(34,'ARC2042','Studio Perancangan Arsitektur 2','Architecture Design Studio 2',1,NULL,'2017090','2017-01-09 10:10:10'),
(35,'ARC2022','Teknik Komunikasi Arsitektur 2','Architecture Communication Technique 2',1,NULL,'2017090','2017-01-09 10:10:10'),
(36,'ARC2012','Teori dan Sejarah Arsitektur 2','History and Theory Architecture 2',1,NULL,'2017090','2017-01-09 10:10:10'),
(37,'ARC2032','Teknologi Arsitektur dan Lingkungan 2','Architecture Technology and Environment 2',1,NULL,'2017090','2017-01-09 10:10:10'),
(38,'ARC2061','Fisika Bangunan','Building Physics',1,NULL,'2017090','2017-01-09 10:10:10'),
(39,'HBP2017T','Bahasa Perancis','French A1-1 Theory',5,NULL,'2017090','2017-01-09 10:10:10'),
(40,'HBP2005T','Tata Hidang','Food & Beverage - Service Theory',5,NULL,'2017090','2017-01-09 10:10:10'),
(41,'HBP2003T','Pengolahan Makanan - Pastry','Food & Beverage Production - Pastry Theory',5,NULL,'2017090','2017-01-09 10:10:10'),
(42,'HBP2001T','Pengolahan Makanan - Dapur','Food & Beverage Production - Kitchen Theory',5,NULL,'2017090','2017-01-09 10:10:10'),
(43,'CEM2041','Analisis Struktur 1','Structural Analysis 1',2,NULL,'2017090','2017-01-09 10:10:10'),
(46,'ACC2101','Praktek Akuntansi','Accounting Practice Set',4,NULL,'2017090','2017-01-09 10:10:10'),
(47,'HBP2017P','Bahasa Perancis A1-1 Praktek','French A1-1 Practical',5,NULL,'2017090','2017-01-09 10:10:10'),
(50,'HBP2005P','Tata Hidang','Food & Beverage - Service Practical',5,NULL,'2017090','2017-01-09 10:10:10'),
(51,'HBP2003P','Pengolahan Makanan - Pastry','Food & Beverage Production - Pastry Practical',5,NULL,'2017090','2017-01-09 10:10:10'),
(52,'HBP2001P','Pengolahan Makanan - Dapur','Food & Beverage Production - Kitchen Practical',5,NULL,'2017090','2017-01-09 10:10:10'),
(53,'SOC3001','Akuntansi Manajerial','Managerial Accounting',4,NULL,'2017090','2017-01-09 10:10:10'),
(54,'SOC3002','Manajemen Operasional','Operations Management',3,NULL,'2017090','2017-01-09 10:10:10'),
(55,'SOC3003','Ekonomi Mikro','Microeconomics',3,NULL,'2017090','2017-01-09 10:10:10'),
(56,'SOC3004','Hukum Bisnis','Business Law',6,NULL,'2017090','2017-01-09 10:10:10'),
(57,'ENT3001','Kewirausahaan dan Usaha-usaha Baru','Entrepreneurship and New Ventures',3,NULL,'2017090','2017-01-09 10:10:10'),
(58,'SOC2107','Solusi Energy Berkelanjutan','Sustainable Energy Solutions',3,NULL,'2017090','2017-01-09 10:10:10'),
(59,'ACC3001','Akuntansi biaya','Cost Accounting',4,NULL,'2017090','2017-01-09 10:10:10'),
(60,'ACC3002','Akuntansi Keuangan Menengah 1','Intermediate 1',4,NULL,'2017090','2017-01-09 10:10:10'),
(61,'HBP3017','Bahasa Perancis A1-2 Praktek','French A1-2 (Practical)',5,NULL,'2017090','2017-01-09 10:10:10'),
(63,'WUN0011','Pengantar Bisnis','Thinking and Acting like an Entrepreneurial Leader 1',3,NULL,'2017090','2017-01-09 10:10:10'),
(64,'WUN0012','Bahasa Inggris dan Retorik 1','Rhetoric 1',3,NULL,'2017090','2017-01-09 10:10:10'),
(65,'PUN0001','Analisa Kuantitatif dalam Pengambilan Keputusan 1','Quantitative Methods for Business Analytics 1',3,NULL,'2017090','2017-01-09 10:10:10'),
(66,'PUN0002','Pengantar Akuntansi Keuangan','Introduction to Financial Accounting',4,NULL,'2017090','2017-01-09 10:10:10'),
(67,'WUN0005','Berpikir Kreatif & Kekuatan Simplisitas','Creative Thinking and The Power of Simplicity',3,NULL,'2017090','2017-01-09 10:10:10'),
(68,'CEM3011','Kekuatan Material','Strength of Material',2,NULL,'2017090','2017-01-09 10:10:10'),
(69,'CEM3031','Matematika Konstruksi','Construction Mathematics',2,NULL,'2017090','2017-01-09 10:10:10'),
(70,'CEM3032','Mekanika Tanah','Soil Mechanics',2,NULL,'2017090','2017-01-09 10:10:10'),
(71,'CEM3042','Material Bangunan','Construction Materials',2,NULL,'2017090','2017-01-09 10:10:10'),
(72,'CEM3043','Pengadaan Konstruksi & Proses Penawaran','Construction Procurement & Bidding Process',2,NULL,'2017090','2017-01-09 10:10:10'),
(73,'CEM3052','Ekonomi Teknik Konstruksi','Construction Engineering Economics',2,NULL,'2017090','2017-01-09 10:10:10'),
(74,'CEM0001','Fisika','Physics',2,NULL,'2017090','2017-01-09 10:10:10'),
(75,'CEM0002','Matematika Konstruksi','Construction Mathematics',2,NULL,'2017090','2017-01-09 10:10:10'),
(76,'CEM0003','Kimia','Chemistry',2,NULL,'2017090','2017-01-09 10:10:10'),
(77,'HBP3017','Bahasa Perancis A1-2 Praktek','French',5,NULL,'2017090','2017-01-09 10:10:10'),
(78,'HBP3012','Praktek Kerja Lapangan','Hospitality Operation Internship',5,NULL,'2017090','2017-01-09 10:10:10'),
(79,'ARC 3013','Teori Arsitektur Kontemporer','Theory of Contemporary Architecture',1,NULL,'2017090','2017-01-09 10:10:10'),
(80,'ARC3023','Digital Arsitektur','Digital Architecture',1,NULL,'2017090','2017-01-09 10:10:10'),
(81,'ARC 3033','Teknologi Arsitektur dan Lingkungan 3','Architecture Technology and Environment 3',1,NULL,'2017090','2017-01-09 10:10:10'),
(82,'ARC 3043','Studio Perancangan Arsitektur 3','Architecture Design Studio 3',1,NULL,'2017090','2017-01-09 10:10:10'),
(83,'MKU004 ','Agama','Religion',7,NULL,'2017090','2017-01-09 10:10:10'),
(85,'LAW0001','Profesi Legal 1','Legal Profession 1',6,NULL,'2017090','2017-01-09 10:10:10'),
(86,'LAW0002','Pengantar Hukum Bisnis','Introduction to Business Law',6,NULL,'2017090','2017-01-09 10:10:10'),
(87,'LAW0003','Pengantar Hukum Indonesia','Introduction to Indonesian Law',6,NULL,'2017090','2017-01-09 10:10:10'),
(88,'LAW0004','Pengantar Ilmu Hukum','Introduction to Science of Law',6,NULL,'2017090','2017-01-09 10:10:10'),
(89,'MKU002','Kewarganegaraan','Citizenship',7,NULL,'2017090','2017-01-09 10:10:10'),
(90,'HOT0001','Divisi Kamar - Kantor Depan Teori','Room Division - Front Office Theory',5,NULL,'2017090','2017-01-09 10:10:10'),
(91,'HOT0002','Divisi Kamar - Kantor Depan Praktek','Room Division - Front Office Practical',5,NULL,'2017090','2017-01-09 10:10:10'),
(92,'HOT0003','Divisi Kamar - Tata Graha Teori','Room Division - House Keeping Theory',5,NULL,'2017090','2017-01-09 10:10:10'),
(93,'HOT0004','Divisi Kamar - Tata Graha Praktek','Room Division - House Keeping Practical',5,NULL,'2017090','2017-01-09 10:10:10'),
(94,'HOT0005','Divisi Kamar - Pengantar Usaha Jasa','Room Division - Intro to Hospitality',5,NULL,'2017090','2017-01-09 10:10:10'),
(95,'HOT0006','Divisi Kamar - Pelayanan Prima','Room Division - Service Excellence',5,NULL,'2017090','2017-01-09 10:10:10'),
(96,'HOT0007','Pengolahan Makanan - Pengetahuan Alat','Food and Beverage Production - Stewarding',5,NULL,'2017090','2017-01-09 10:10:10'),
(97,'ARC0001','Teori dan Sejarah  Arsitektur 1','History and Theory of Architecture 1',1,NULL,'2017090','2017-01-09 10:10:10'),
(98,'ARC0002','Teknik Komunikasi Arsitektur 1','Architecture Communication Technique 1',1,NULL,'2017090','2017-01-09 10:10:10'),
(99,'ARC0003','Teknologi Arsitektur dan Lingkungan 1','Architecture Technology and Environment 1',1,NULL,'2017090','2017-01-09 10:10:10'),
(100,'ARC0004','Studio Perancangan Arsitektur 1','Architecture Design Studio 1',1,NULL,'2017090','2017-01-09 10:10:10'),
(101,'CEM3031','Pengantar Perhitungan Volume Konstruksi','Introduction to Construction Quantification',2,NULL,'2017090','2017-01-09 10:10:10'),
(103,'MKU003','Bahasa Indonesia','Indonesia Language and Academic Writing',7,NULL,'2017090','2017-01-09 10:10:10'),
(104,'SOC4005','Sistem Informasi Manajemen','Information Technology',3,NULL,'2017090','2017-01-09 10:10:10'),
(105,'SOC4006','Manajemen Pemasaran','Principle of Marketing',3,NULL,'2017090','2017-01-09 10:10:10'),
(106,'SOC4007','Manajemen Keuangan','Principle of Finance',3,NULL,'2017090','2017-01-09 10:10:10'),
(107,'SOC4008','Ilmu Pengetahuan Alam dan Teknologi','Natural Science and Technology 2',3,NULL,'2017090','2017-01-09 10:10:10'),
(108,'SOC4009','Pengalaman Manajemen Terintegrasi','SME Integration',3,NULL,'2017090','2017-01-09 10:10:10'),
(109,'ENT4002','Keuangan Kewirausahaan','Entrepreneurial Finance',3,NULL,'2017090','2017-01-09 10:10:10'),
(110,'PUN0004','Perilaku Organisasi','Thinking and Acting Like Entrepreneurial Leader 2',3,NULL,'2017090','2017-01-09 10:10:10'),
(111,'PUN0003','Bahasa Inggris dan Retorik 2','Rhetoric 2',3,NULL,'2017090','2017-01-09 10:10:10'),
(112,'PUN0005','Analisa Kuantitatif dalam Pengambilan Keputusan 2','Quantitative Methods for Business Analytics 2',3,NULL,'2017090','2017-01-09 10:10:10'),
(113,'PUN0006','Kepemimpinan Berbudi Luhur','Virtuous Leadership',3,NULL,'2017090','2017-01-09 10:10:10'),
(114,'PUN0007','Perekonomian Kepulauan','Economy In Archipelago',3,NULL,'2017090','2017-01-09 10:10:10'),
(115,'PUN0008','Sejarah Pemikiran Ekonomi','History of Global Economy Thought',3,NULL,'2017090','2017-01-09 10:10:10'),
(116,'ACC0001','Praktek Akuntansi','Accounting Practice Set',4,NULL,'2017090','2017-01-09 10:10:10'),
(117,'ACC4003','Akuntansi Keuangan Menengah 2','Intermediate 2',4,NULL,'2017090','2017-01-09 10:10:10'),
(118,'HOT0008','Bahasa Perancis A1-1 Teori','French A1-1 Theory',5,NULL,'2017090','2017-01-09 10:10:10'),
(119,'HOT0009','Bahasa Perancis A1-1 Praktek','French A1-1 Practical',5,NULL,'2017090','2017-01-09 10:10:10'),
(120,'HOT0010','Pengolahan Makanan - Dapur Teori','Food and Beverage Production - Kitchen Theory',5,NULL,'2017090','2017-01-09 10:10:10'),
(121,'HOT0011','Pengolahan Makanan - Dapur Teori','Food and Beverage Production - Kitchen Practical',5,NULL,'2017090','2017-01-09 10:10:10'),
(122,'HOT0012','Pengolahan Makanan - Pastry Teori','Food and Beverage Production - Pastry Theory',5,NULL,'2017090','2017-01-09 10:10:10'),
(123,'HOT0013','Pengolahan Makanan - Pastry Praktek','Food and Beverage Production - Pastry Practical',5,NULL,'2017090','2017-01-09 10:10:10'),
(124,'HOT0014','Tata Hidang - Teori','Food and Beverage - Service Theory',5,NULL,'2017090','2017-01-09 10:10:10'),
(125,'HOT0015','Tata Hidang - Praktek','Food and Beverage - Service Practical',5,NULL,'2017090','2017-01-09 10:10:10'),
(126,'HBP4017T','Bahasa Perancis A2-1 Teori','French A2-1 Theory',5,NULL,'2017090','2017-01-09 10:10:10'),
(127,'HBP4017P','Bahasa Perancis A2-1 Praktek','French A2-1 Practical',5,NULL,'2017090','2017-01-09 10:10:10'),
(128,'HBP4013','Dasar SDM','HR in Hospitality',5,NULL,'2017090','2017-01-09 10:10:10'),
(129,'HBP4014','Manajemen Organisasi','Organizational Management',5,NULL,'2017090','2017-01-09 10:10:10'),
(130,'HBP4011','Kesehatan & Keselamatan Kerja','Workplace Hygiene, Work Safety & Security',5,NULL,'2017090','2017-01-09 10:10:10'),
(132,'LAW0006','Hukum Dagang','Commercial Law',6,NULL,'2017090','2017-01-09 10:10:10'),
(133,'LAW0007','Hukum Negara','Theories of the State',6,NULL,'2017090','2017-01-09 10:10:10'),
(134,'LAW0008','Ilmu Perundang-Undangan','Theories of Regulation',6,NULL,'2017090','2017-01-09 10:10:10'),
(135,'LAW0009','Hukum Perdata','Private Law',6,NULL,'2017090','2017-01-09 10:10:10'),
(136,'LAW0010','Hukum Pidana','Criminal Law',6,NULL,'2017090','2017-01-09 10:10:10'),
(137,'LAW0011','Hukum Adat','Customary Law',6,NULL,'2017090','2017-01-09 10:10:10'),
(138,'CEM0004','Hidrologi','Hydrology',2,NULL,'2017090','2017-01-09 10:10:10'),
(139,'CEM0005','Survey Konstruksi','Construction Surveying',2,NULL,'2017090','2017-01-09 10:10:10'),
(140,'CEM0006','Gambar & Grafik Konstruksi','Construction Drawing & Graphics',2,NULL,'2017090','2017-01-09 10:10:10'),
(141,'CEM0007','Pengantar Bangunan konstruksi','Introduction to Construction Building',2,NULL,'2017090','2017-01-09 10:10:10'),
(142,'CEM0008','Statika & Kekuatan Material','Statics and Strength of Material',2,NULL,'2017090','2017-01-09 10:10:10'),
(143,'CEM0009','Pengantar Manajemen Proyek Konstruksi','Introduction to Construction Project Management',2,NULL,'2017090','2017-01-09 10:10:10'),
(144,'CEM4041','Analisis Struktur 2','Structural Analysis 2',2,NULL,'2017090','2017-01-09 10:10:10'),
(145,'CEM4042','Teknik Pondasi','Foundation Engineering',2,NULL,'2017090','2017-01-09 10:10:10'),
(146,'CEM4051','Rekayasa Biaya Konstruksi','Construction Cost Engineering',2,NULL,'2017090','2017-01-09 10:10:10'),
(147,'CEM4052','Perhitungan Volume Konstruksi','Construction Quantification',2,NULL,'2017090','2017-01-09 10:10:10'),
(148,'CEM3051','Manajemen Waktu Konstruksi','Construction Time Management',2,NULL,'2017090','2017-01-09 10:10:10'),
(149,'CEM4054','Manajemen Mutu Konstruksi','Construction Quality Management',2,NULL,'2017090','2017-01-09 10:10:10'),
(150,'CEM4055','Manajemen Kontrak Konstruksi','Construction Contract Management',2,NULL,'2017090','2017-01-09 10:10:10'),
(151,'ARC0005','Sejarah dan Teori Arsitektur 2','History and Theory of Architecture 2',1,NULL,'2017090','2017-01-09 10:10:10'),
(152,'ARC0006','Teknik Komunikasi Arsitektur 2','Architecture Communication Technique 2',1,NULL,'2017090','2017-01-09 10:10:10'),
(153,'ARC0007','Teknologi Arsitektur dan Lingkungan 2','Architecture Technology and Environment 2',1,NULL,'2017090','2017-01-09 10:10:10'),
(154,'ARC0008','Studio Perancangan Arsitektur 2','Architecture Design Studio 2',1,NULL,'2017090','2017-01-09 10:10:10'),
(155,'ARC0009','Fisika Bangunan','Building Physics',1,NULL,'2017090','2017-01-09 10:10:10'),
(156,'ARC4051','Pengantar Arsitektur Lanskap','Introduction to Landscape Architecture',1,NULL,'2017090','2017-01-09 10:10:10'),
(157,'ARC4034','Teknologi Arsitektur dan Lingkungan 4','Architecture Technology and Environment 4',1,NULL,'2017090','2017-01-09 10:10:10'),
(158,'ARC4044','Studio Perancangan Arsitektur 4','Architecture Design Studio 4',1,NULL,'2017090','2017-01-09 10:10:10'),
(159,'ARC4081','Desain Interior','Interior Design',1,NULL,'2017090','2017-01-09 10:10:10'),
(160,'ARC4024','Modeling dan Simulasi Arsitektur ','Architecture Modelling and Simulation',1,NULL,'2017090','2017-01-09 10:10:10'),
(161,'CEM6051','Manajemen Proyek & Resiko','Project & Risk Management',2,NULL,'2017090','2017-01-09 10:10:10'),
(162,'LAW0005','Metode Penelitian dan Penulisan Hukum 1','Legal Method and Writing 1',6,NULL,'2017090','2017-01-09 10:10:10'),
(163,'CEM0009A','Pengantar Manajemen Proyek Konstruksi','Introduction to Construction Project',2,NULL,'2017090','2017-01-09 10:10:10'),
(164,'ACC6006','Audit 1','Auditing 1',4,NULL,'2017090','2017-01-09 10:10:10'),
(165,'ENG1101','Kalkulus','Calculus',8,NULL,'2017090','2017-01-09 10:10:10'),
(166,'ENG1103','Fisika','Physics',8,NULL,'2017090','2017-01-09 10:10:10'),
(167,'ENG1106','Kimia','Chemistry',10,NULL,'2017090','2017-01-09 10:10:10'),
(168,'UNC0101','Pancasila','Pancasila',7,NULL,'2017090','2017-01-09 10:10:10'),
(169,'ENT1101','Berpikir dan Bertindak sebagai Pemimpin Kewirausahaan 1','Thinking and Acting like an Entrepreneurial Leader 1',3,NULL,'2017090','2017-01-09 10:10:10'),
(170,'UGC0101','Berpikir Kreatif dan Kekuatan Berpikir Lugas','Creative Thinking and The Power of Simplicity',7,NULL,'2017090','2017-01-09 10:10:10'),
(171,'UNC0102','Agama','Religion',7,NULL,'2017090','2017-01-09 10:10:10'),
(172,'ENV1101','Pengantar Teknik Lingkungan','Introduction to Environmental Engineering',10,NULL,'2017090','2017-01-09 10:10:10'),
(173,'ARC1111','Studio Perancangan Arsitektur 1','Architecture Design Studio 1',1,NULL,'2017090','2017-01-09 10:10:10'),
(174,'ARC1121','Teori dan Sejarah Arsitektur 1','History and Theory of Architecture 1',1,NULL,'2017090','2017-01-09 10:10:10'),
(175,'ARC1131','Teknik Komunikasi Arsitektur 1','Architecture Communication Technique 1',1,NULL,'2017090','2017-01-09 10:10:10'),
(176,'ARC1141','Teknologi Arsitektur dan Lingkungan 1','Architecture Technology and Environment 1',1,NULL,'2017090','2017-01-09 10:10:10'),
(177,'CEM1101','Pengantar Bangunan Konstruksi','Introduction to Construction Buildings',2,NULL,'2017090','2017-01-09 10:10:10'),
(178,'CEM1102','Hidrologi','Hydrology',2,NULL,'2017090','2017-01-09 10:10:10'),
(179,'CEM1112','Pengantar Manajemen Proyek Konstruksi','Introduction to Construction Project Management',2,NULL,'2017090','2017-01-09 10:10:10'),
(180,'LAW1101','Profesi Hukum 1','Legal Profession 1',6,NULL,'2017090','2017-01-09 10:10:10'),
(181,'LAW1102','Pengantar Hukum Bisnis','Introduction to Business Law',6,NULL,'2017090','2017-01-09 10:10:10'),
(182,'LAW1103','Pengantar Hukum Indonesia','Introduction to Indonesian Law',6,NULL,'2017090','2017-01-09 10:10:10'),
(183,'LAW1104','Pengantar Ilmu Hukum','Introduction to Science of Law',6,NULL,'2017090','2017-01-09 10:10:10'),
(184,'ARC2113','Studio Perancangan Arsitektur 3','Architecture Design Studio 3',1,NULL,'2017090','2017-01-09 10:10:10'),
(185,'ARC2123','Teori Arsitektur Kontemporer','Theory of Contemporary Architecture',1,NULL,'2017090','2017-01-09 10:10:10'),
(186,'ARC2133','Digital Arsitektur','Digital Architecture',1,NULL,'2017090','2017-01-09 10:10:10'),
(187,'ARC2143','Teknologi Arsitektur dan Lingkungan 3','Architecture Technology and Environment 3',1,NULL,'2017090','2017-01-09 10:10:10'),
(188,'ARC2471','Fisika Bangunan','Building Physics',1,NULL,'2017090','2017-01-09 10:10:10'),
(189,'UGC0102','Retorika dalam Bahasa Inggris','Rhetoric in English Language',3,NULL,'2017090','2017-01-09 10:10:10'),
(190,'ARC3151','Teori Perencanaan dan Perancangan Kota 1','Theory of Urban Planning and Design 1',1,NULL,'2017090','2017-01-09 10:10:10'),
(191,'ARC3115','Studio Perancangan Arsitektur 5','Architecture Design Studio 5',1,NULL,'2017090','2017-01-09 10:10:10'),
(192,'ARC3161','Program Magang 1','Internship 1',1,NULL,'2017090','2017-01-09 10:10:10'),
(194,'ARC2483','Strategi Perancangan Arsitektur Ramah Lingkungan','Strategics for Green Building Design',1,NULL,'2017090','2017-01-09 10:10:10'),
(195,'-----','Pengantar Fengshui','Introduction to Fengshui',1,NULL,'2017090','2017-01-09 10:10:10'),
(196,'STE1101','Statika & Mekanika Bahan','Statics & Mechanics of Material',8,NULL,'2017090','2017-01-09 10:10:10'),
(197,'ACC3111','Akuntansi Keuangan Lanjutan 1','Advanced Accounting 1',4,NULL,'2017090','2017-01-09 10:10:10'),
(198,'PDP1102','Sains Terapan','Applied Science',11,NULL,'2017090','2017-01-09 10:10:10'),
(199,'ENG2101','Statistika Terapan','Applied Statistics',10,NULL,'2017090','2017-01-09 10:10:10'),
(203,'HBP3510','Pengolahan Makanan - Praktek','Art Food Production Practical',5,NULL,'2017090','2017-01-09 10:10:10'),
(204,'HBP3509','Pengolahan Makanan - Teori','Art of Food Production Theory',5,NULL,'2017090','2017-01-09 10:10:10'),
(206,'HBP3512','Seni Pengolahan Bakery - Praktek','Art of Pastry Bakery Practical',5,NULL,'2017090','2017-01-09 10:10:10'),
(207,'HBP3511','Seni Pengolahan Bakery - Teori','Art of Pastry Bakery Theory',5,NULL,'2017090','2017-01-09 10:10:10'),
(208,'ACC4110','Audit 2','Auditing 2',4,NULL,'2017090','2017-01-09 10:10:10'),
(210,'LAW2103','Hukum Badan Usaha','Business Entities Law',6,NULL,'2017090','2017-01-09 10:10:10'),
(211,'ACC2162','Hukum bisnis','Business Law',1,NULL,'2017090','2017-01-09 10:10:10'),
(212,'ENG1105','Kimia','Chemistry',10,NULL,'2017090','2017-01-09 10:10:10'),
(213,'UNC0201','Kewarganegaraan','Citizenship',7,NULL,'2017090','2017-01-09 10:10:10'),
(214,'URP1104','Teknik Presentasi & Komunikasi Perencanaan Kota','Communication and Presentation Technic in Urban Planing',9,NULL,'2017090','2017-01-09 10:10:10'),
(215,'CEM3122','Rekayasa Konstruksi Beton','Concrete Construction Engineering',2,NULL,'2017090','2017-01-09 10:10:10'),
(216,'LAW2104','Hukum Tata Negara','Constitutional Law',6,NULL,'2017090','2017-01-09 10:10:10'),
(217,'CEM2111','Ekonomi Teknik Konstruksi','Construction Engineering Economics',2,NULL,'2017090','2017-01-09 10:10:10'),
(218,'CEM3112','Aspek Hukum Konstruksi dan Penyelesaian Sengketa','Construction Legal Aspects and Dispute Resolution',2,NULL,'2017090','2017-01-09 10:10:10'),
(219,'CEM3123','Metode Konstruksi','Construction Methods',2,NULL,'2017090','2017-01-09 10:10:10'),
(220,'CEM2113','Pengadaan Konstruksi & Proses Penawaran','Construction Procurement & Bidding Process',2,NULL,'2017090','2017-01-09 10:10:10'),
(221,'CEM2112','Perhitungan Volume Konstruksi','Construction Quantification',2,NULL,'2017090','2017-01-09 10:10:10'),
(222,'ACC2103','Akuntansi Biaya','Cost Accounting',4,NULL,'2017090','2017-01-09 10:10:10'),
(223,'ACC1153','Creative Thinking and The Power of Simplicity','Berpikir Kreatif & Kekuatan Simplisitas',4,NULL,'2017090','2017-01-09 10:10:10'),
(224,'LAW2107','Hukum Acara Pidana','Criminal Procedure Law',6,NULL,'2017090','2017-01-09 10:10:10'),
(225,'HBP3515','Desain dan Produksi Acara','Design & Production',5,NULL,'2017090','2017-01-09 10:10:10'),
(227,'PDP1103','Presentasi Desain 1','Design Presentation 1',11,NULL,'2017090','2017-01-09 10:10:10'),
(229,'HBP1108','Pengolahan Makanan - Pengetahuan Alat','Food & Beverage Production - Stewarding',5,NULL,'2017090','2017-01-09 10:10:10'),
(230,'HBP3513','Sanitasi Pengolahan Makanan','Food Hygiene & Sanitation',5,NULL,'2017090','2017-01-09 10:10:10'),
(231,'HBP2302','Bahasa Perancis A1-2 Praktek','French A1-2 Practical',5,NULL,'2017090','2017-01-09 10:10:10'),
(232,'HBP2301','Bahasa Perancis A1-2 Theori','French A1-2 Theory',5,NULL,'2017090','2017-01-09 10:10:10'),
(233,'HBP3503','Bahasa Perancis A2-2 Praktek','French A2-2 Practical',5,NULL,'2017090','2017-01-09 10:10:10'),
(234,'HBP3502','Bahasa Perancis A2-2 Teori','French A2-2 Theory',5,NULL,'2017090','2017-01-09 10:10:10'),
(235,'HBP2309','Praktek Kerja Lapangan','Hospitality Operation Intership',5,NULL,'2017090','2017-01-09 10:10:10'),
(236,'UNC0202','Bahasa Indonesia','Indonesian Language',7,NULL,'2017090','2017-01-09 10:10:10'),
(237,'ACC2104','Akuntansi Keuangan Menengah 1','Intermediate 1',4,NULL,'2017090','2017-01-09 10:10:10'),
(238,'LAW2108','Hukum Internasional ','International Law',6,NULL,'2017090','2017-01-09 10:10:10'),
(240,'CEM3481','Program Magang 1','Internship 1',2,NULL,'2017090','2017-01-09 10:10:10'),
(241,'ARC3481','Pengantar Fengshui','Introduction to Fengshui',1,NULL,'2017090','2017-01-09 10:10:10'),
(242,'ACC1101','Pengantar Akuntansi Keuangan','Introduction to Financial Accounting',4,NULL,'2017090','2017-01-09 10:10:10'),
(243,'HBP3501','Pengantar Akuntansi Keuangan','Introduction to Financial Accounting',5,NULL,'2017090','2017-01-09 10:10:10'),
(244,'PDP1101','Pengantar Desain Produk','Introduction to Product Design Engineering',11,NULL,'2017090','2017-01-09 10:10:10'),
(245,'URP1101','Pengantar Ekonomi Wilayah & Kota','Introduction to Regional and Urban Economics',9,NULL,'2017090','2017-01-09 10:10:10'),
(246,'URP1102','Pengantar Perencanaan dan Perancangan Kota','Introduction to Urban Planning and Urban Design',9,NULL,'2017090','2017-01-09 10:10:10'),
(247,'LAW2101','Hukum dan Bahasa Belanda & Bahasa Latin','Law and Dutch & Latin Languages',6,NULL,'2017090','2017-01-09 10:10:10'),
(248,'LAW2102','Hukum dan Bahasa Inggris 1','Law and English Language 1',6,NULL,'2017090','2017-01-09 10:10:10'),
(249,'HBP3517','Manajemen Acara - Praktek','MICE Management Practical',5,NULL,'2017090','2017-01-09 10:10:10'),
(250,'HBP3516','Manajemen Acara - Teori','MICE Management Theory',5,NULL,'2017090','2017-01-09 10:10:10'),
(251,'ACC2160','Manajemen Operasional','Operations Management',4,NULL,'2017090','2017-01-09 10:10:10'),
(252,'ENG1102','Fisika','Physics',11,NULL,'2017090','2017-01-09 10:10:10'),
(253,'ACC2105','Pengantar Ekonomi Mikro','Principle of Microeconomy',3,NULL,'2017090','2017-01-09 10:10:10'),
(254,'ACC3112','Pengantar Ekonomi Makro','Principles of Macroeconomy',3,NULL,'2017090','2017-01-09 10:10:10'),
(255,'LAW2106','Hukum Acara Perdata','Private Procedure Law',6,NULL,'2017090','2017-01-09 10:10:10'),
(256,'ACC3113','Akuntansi Sektor Publik','Public Sector (GOVT & NFP) Accounting',4,NULL,'2017090','2017-01-09 10:10:10'),
(257,'ACC1155','Analisa Kuantitatif dalam Pengambilan Keputusan 1','Quantitative Methods for Business Analytics 1',4,NULL,'2017090','2017-01-09 10:10:10'),
(259,'HBP3506','Operasional Bar & Resto Praktek','Restaurant & Bar Operation Practical',5,NULL,'2017090','2017-01-09 10:10:10'),
(260,'HBP3505','Operasional Bar & Resto Teori','Restaurant & Bar Operation Theory',5,NULL,'2017090','2017-01-09 10:10:10'),
(261,'ACC1151','Bahasa Inggris dan Retorik 1','Rhetoric 1',4,NULL,'2017090','2017-01-09 10:10:10'),
(263,'HBP3507','Divisi Kamar - Teori','Room Division Theory ',5,NULL,'2017090','2017-01-09 10:10:10'),
(264,'HBP1102','Divisi Kamar - Kantor Depan','Room Division-Front Office Practical',5,NULL,'2017090','2017-01-09 10:10:10'),
(265,'HBP1101','Divisi Kamar - Kantor Depan','Room Division-Front Office Theory',5,NULL,'2017090','2017-01-09 10:10:10'),
(266,'HBP1105','Divisi Kamar - Tata Graha Praktek','Room Division-House Keeping Practical',5,NULL,'2017090','2017-01-09 10:10:10'),
(267,'HBP1103','Divisi Kamar - Tata Graha Teori','Room Division-House Keeping Theory',5,NULL,'2017090','2017-01-09 10:10:10'),
(268,'HBP1106','Divisi Kamar - Pengantar Usaha Jasa','Room Division-Introduction to Hospitality',5,NULL,'2017090','2017-01-09 10:10:10'),
(269,'HBP1107','Divisi Kamar - Pelayanan Prima','Room Division-Service Excellence',5,NULL,'2017090','2017-01-09 10:10:10'),
(270,'HBP3508','Divisi Kamar - Praktek','Room Divison Practical',5,NULL,'2017090','2017-01-09 10:10:10'),
(271,'CEM2101','Mekanika Tanah','Soil Mechanics',2,NULL,'2017090','2017-01-09 10:10:10'),
(272,'LAW2105','Hukum Administrasi Negara','State Administrative Law',6,NULL,'2017090','2017-01-09 10:10:10'),
(274,'CEM3121','Rekayasa Konstruksi Baja','Steel Construction Engineering',2,NULL,'2017090','2017-01-09 10:10:10'),
(276,'CEM2121','Analisis Struktur 1','Structural Analysis 1',2,NULL,'2017090','2017-01-09 10:10:10'),
(277,'ACC2161','Solusi Energi Berkelanjutan','Sustainable Energy Solutions',4,NULL,'2017090','2017-01-09 10:10:10'),
(278,'ARC2123','Teori Arsitektur Kontemporer','Theory of Cotemporary Architecture',1,NULL,'2017090','2017-01-09 10:10:10'),
(279,'ENT0201','Berpikir dan Bertindak sebagai Pemimpin Kewirausahaan 2','Thinking and Acting like an Entrepreneurial Leader 2',3,NULL,'2017090','2017-01-09 10:10:10'),
(280,'URP1103','Real Estate dan Pembangunan Kota','Urban Development and Real Estate',9,NULL,'2017090','2017-01-09 10:10:10'),
(282,'ACC1153','Berpikir Kreatif & Kekuatan Simplisitas','Creative Thinking and The Power of Simplicity',4,NULL,'2017090','2017-01-09 10:10:10'),
(283,'ACC0002','Akuntansi Biaya','Cost Accounting',4,NULL,'2017090','2017-01-09 10:10:10'),
(284,'PUN0012','Manajemen Operasional','Operations Management',3,NULL,'2017090','2017-01-09 10:10:10'),
(285,'PUN0013','Solusi Energi Berkelanjutan','Sustainable Energy Solutions',3,NULL,'2017090','2017-01-09 10:10:10'),
(286,'PUN0014','Hukum Bisnis','Business Law',3,NULL,'2017090','2017-01-09 10:10:10'),
(287,'ACC0003','Akuntansi Keuangan Menengah 1','Intermediate 1',4,NULL,'2017090','2017-01-09 10:10:10'),
(288,'PUN0010','Pengantar Ekonomi Mikro','Principle of Microeconomy',4,NULL,'2017090','2017-01-09 10:10:10'),
(289,'ACC5001','Akuntansi Keuangan Lanjutan 1','Advanced Accounting 1',4,NULL,'2017090','2017-01-09 10:10:10'),
(290,'SOC5001','Pengantar Ekonomi Makro','Principles of Macroeconomics',3,NULL,'2017090','2017-01-09 10:10:10'),
(291,'ACC5002','Akuntansi Sektor Publik','Public Sector (GOVT & NFP) Accounting',4,NULL,'2017090','2017-01-09 10:10:10'),
(292,'ACC5003','Manajemen Stratejik','Strategic Management',4,NULL,'2017090','2017-01-09 10:10:10'),
(293,'ACC3147','Komputer Akuntansi','Application Accounting Programme',4,NULL,'2017090','2017-01-09 10:10:10'),
(294,'ENT0001','Kewirausahaan dan Usaha-usaha Baru','Entrepreneurship and New Ventures',3,NULL,'2017090','2017-01-09 10:10:10'),
(295,'ENT5004','Perilaku Konsumen','Consumer Behavior',3,NULL,'2017090','2017-01-09 10:10:10'),
(296,'ACC7001','Audit 2','Auditing 2',4,NULL,'2017090','2017-01-09 10:10:10'),
(297,'UNI5002','Pengantar Akuntansi Keuangan','Introduction to Financial Accounting',5,NULL,'2017090','2017-01-09 10:10:10'),
(298,'HBP5017T','Bahasa Perancis A2-2 Teori','French A2-2 Theory',5,NULL,'2017090','2017-01-09 10:10:10'),
(299,'HBP5017P','Bahasa Perancis A2-2 Praktek','French A2-2 Practical',5,NULL,'2017090','2017-01-09 10:10:10'),
(300,'ELC5001T','Operasional Bar & Resto Teori','Restaurant & Bar Operation Theory',5,NULL,'2017090','2017-01-09 10:10:10'),
(301,'ELC5001P','Operasional Bar & Resto Praktek','Restaurant & Bar Operation Practical',5,NULL,'2017090','2017-01-09 10:10:10'),
(302,'ELC5002T','Divisi Kamar Teori','Room Division Theory',5,NULL,'2017090','2017-01-09 10:10:10'),
(303,'ELC5002P','Divisi Kamar Praktek','Room Division Practical',5,NULL,'2017090','2017-01-09 10:10:10'),
(304,'ELC5003T','Pengolahan Makanan 2 - Teori','Art of Food Production Theory',5,NULL,'2017090','2017-01-09 10:10:10'),
(305,'ELC5003P','Pengolahan Makanan - Praktek','Art of Food Production Practical',5,NULL,'2017090','2017-01-09 10:10:10'),
(306,'ELC5004T','Seni Pengolahan - Pastry & Bakery Teori','Art of Pastry Bakery Theory',5,NULL,'2017090','2017-01-09 10:10:10'),
(307,'ELC5004P','Seni Pengolahan - Pastry & Bakery Practical','Art of Pastry Bakery Practical',5,NULL,'2017090','2017-01-09 10:10:10'),
(308,'ELC5005','Sanitasi Pengolahan Makanan','Food Hygiene & Sanitation',5,NULL,'2017090','2017-01-09 10:10:10'),
(309,'HOT0016','Bahasa Perancis A1-2 Teori','French A1-2 Theory',5,NULL,'2017090','2017-01-09 10:10:10'),
(310,'HOT0017','Bahasa Perancis A1-2 Praktek','French A1-2 Practical',5,NULL,'2017090','2017-01-09 10:10:10'),
(311,'HOT0018','Praktek Kerja Lapangan','Hospitality Operation Internship',5,NULL,'2017090','2017-01-09 10:10:10'),
(312,'LAW0012','Pengantar Lawyerpreneur','Introduction to Lawyerpreneur',6,NULL,'2017090','2017-01-09 10:10:10'),
(313,'LAW0013','Keterampilan Hukum','Legal Skills',6,NULL,'2017090','2017-01-09 10:10:10'),
(314,'LAW0014','Hukum Badan Usaha','Business Entities Law',6,NULL,'2017090','2017-01-09 10:10:10'),
(315,'LAW0015','Hukum Tata Negara','Constitutional Law',6,NULL,'2017090','2017-01-09 10:10:10'),
(316,'LAW0016','Hukum Administrasi Negara','State Administrative Law',6,NULL,'2017090','2017-01-09 10:10:10'),
(317,'LAW0017','Hukum Acara Perdata','Private Procedure Law',6,NULL,'2017090','2017-01-09 10:10:10'),
(318,'LAW0018','Hukum Acara Pidana','Criminal Procedure Law',6,NULL,'2017090','2017-01-09 10:10:10'),
(319,'LAW0019','Hukum Internasional','International Law',6,NULL,'2017090','2017-01-09 10:10:10'),
(320,'PUN0011','Akuntansi Manajerial','Managerial Accounting',3,NULL,'2017090','2017-01-09 10:10:10'),
(321,'ENT5001','Mengelola Pertumbuhan Bisnis','Managing a Growing Business',3,NULL,'2017090','2017-01-09 10:10:10'),
(322,'ENT5003','Magang 1','Internship 1',3,NULL,'2017090','2017-01-09 10:10:10'),
(323,'ENT6002','Pemasaran untuk Pelaku Usaha','Marketing for Entrepreneurs',3,NULL,'2017090','2017-01-09 10:10:10'),
(324,'ENT7003','Pengalaman di Bisnis Keluarga','Living the Family Business/Social Entrepreneurship Experience',3,NULL,'2017090','2017-01-09 10:10:10'),
(325,'ENT0006','Pemasaran untuk Pelaku Usaha','Marketing for Entrepreneurs',3,NULL,'2017090','2017-01-09 10:10:10'),
(326,'PUN0022','Pengantar Ekonomi Makro','Principles of Macroeconomy',3,NULL,'2017090','2017-01-09 10:10:10'),
(327,'ACC1150','Pengantar Bisnis','Thinking and Acting like an Entrepreneurial Leader 1',4,NULL,'2017090','2017-01-09 10:10:10'),
(328,'ENT1120','Metode Kuantitatif dalam Analisa Bisnis 1','Quantitative Methods for Business Analytics 1',3,NULL,'2017090','2017-01-09 10:10:10'),
(329,'UGC1102','Retorik 1','Rhetoric 1',3,NULL,'2017090','2017-01-09 10:10:10'),
(330,'ENT1104','Pengantar Akuntansi Keuangan','Introduction to Financial Accounting',3,NULL,'2017090','2017-01-09 10:10:10'),
(331,'UGC1101','Berpikir Kreatif dan Kekuatan Berpikir Simplisitas','Creative Thinking and The Power of Simplicity',3,NULL,'2017090','2017-01-09 10:10:10'),
(332,'ACC8005','Magang','Internship',4,NULL,'2017090','2017-01-09 10:10:10'),
(333,'ENT1201','Berpikir dan Bertindak sebagai Pemimpin Kewirausahaan 2','Thinking and Acting like an Entrepreneurial Leader 2',3,NULL,'2017090','2017-01-09 10:10:10'),
(334,'UGC1202','Retorik 2','Rhetoric 2',3,NULL,'2017090','2017-01-09 10:10:10'),
(335,'ACC1256','Analisa Kuantitatif dalam Pengambilan Keputusan 2','Quantitative Methods for Business Analytics 2',4,NULL,'2017090','2017-01-09 10:10:10'),
(336,'ENT1220','Metode Kuantitatif Dalam Analisa Bisnis 2','Quantitative Methods for Business Analytics 2',3,NULL,'2017090','2017-01-09 10:10:10'),
(337,'ENT1233','Kepemimpinan Berbudi Luhur','Virtuous Leadership',3,NULL,'2017090','2017-01-09 10:10:10'),
(338,'ACC1257','Kepemimpinan Berbudi Luhur','Virtuous Leadership',4,NULL,'2017090','2017-01-09 10:10:10'),
(339,'ACC1258','Perekonomian Kepulauan','Economy in Archipelago',4,NULL,'2017090','2017-01-09 10:10:10'),
(340,'ENT1234','Perekonomian Kepulauan','Economy in Archipelago',3,NULL,'2017090','2017-01-09 10:10:10'),
(341,'ACC1259','Sejarah Pemikiran Ekonomi','History of Global Economy Thought',4,NULL,'2017090','2017-01-09 10:10:10'),
(342,'ENT1235','Sejarah Pemikiran Ekonomi','History of Global Economy Thought',3,NULL,'2017090','2017-01-09 10:10:10'),
(343,'ARC1212','Studio Perancangan Arsitektur 2','Architecture Design Studio 2',1,NULL,'2017090','2017-01-09 10:10:10'),
(344,'ARC1222','Teori dan Sejarah Arsitektur 2','History and Theory of Architecture 2',1,NULL,'2017090','2017-01-09 10:10:10'),
(345,'ARC1232','Teknik Komunikasi Arsitektur 2','Architecture Communication Technique 2',1,NULL,'2017090','2017-01-09 10:10:10'),
(346,'ARC1242','Teknologi Arsitektur dan Lingkungan 2','Architecture Technology and Environment 2',1,NULL,'2017090','2017-01-09 10:10:10'),
(347,'ARC2214','Studio Perancangan Arsitektur 4','Architecture Design Studio 4',1,NULL,'2017090','2017-01-09 10:10:10'),
(348,'ARC2244','Teknologi Arsitektur dan Lingkungan 4','Architecture Technology and Environment 4',1,NULL,'2017090','2017-01-09 10:10:10'),
(349,'ARC2472','Pengantar Arsitektur Lanskap','Introduction to Landscape Architecture',1,NULL,'2017090','2017-01-09 10:10:10'),
(350,'ARC2473','Manajemen Proyek','Project Management',1,NULL,'2017090','2017-01-09 10:10:10'),
(351,'ARC2482','Desain Interior','Interior Design ',1,NULL,'2017090','2017-01-09 10:10:10'),
(352,'ARC3482','Metodologi Riset Arsitektur','Architecture Research Methodologies',1,NULL,'2017090','2017-01-09 10:10:10'),
(353,'ARC3216','Studio Perancangan Arsitektur 6','Architecture Design Studio 6',1,NULL,'2017090','2017-01-09 10:10:10'),
(354,'ARC3252','Teori Perencanaan dan Perancangan Kota 2','Theory of Urban Planning and Design 2',1,NULL,'2017090','2017-01-09 10:10:10'),
(355,'ENV1201','Matematika Rekayasa','Engineering Mathematics',10,NULL,'2017090','2017-01-09 10:10:10'),
(356,'ENV1202','Menggambar Teknik','Engineering Drawing',10,NULL,'2017090','2017-01-09 10:10:10'),
(357,'ENV1203','Mikrobiologi Lingkungan','Environmental Microbiology',1,NULL,'2017090','2017-01-09 10:10:10'),
(358,'ENV1204','Pengantar Lingkungan Perkotaan','Introduction to Urban Environment',10,NULL,'2017090','2017-01-09 10:10:10'),
(359,'PDP1201','Matematika Teknik','Engineering Mathematics',11,NULL,'2017090','2017-01-09 10:10:10'),
(360,'PDP1203','Proses dan Bahan','Process & Materials ',11,NULL,'2017090','2017-01-09 10:10:10'),
(361,'PDP1204','Mekanika Terapan','Applied Mechanics',11,NULL,'2017090','2017-01-09 10:10:10'),
(362,'PDP1205','Presentasi Desain 2','Design Presentation 2',11,NULL,'2017090','2017-01-09 10:10:10'),
(363,'PDP1206','Praktikum Proses dan Material ','Process & Materials Laboratorium',11,NULL,'2017090','2017-01-09 10:10:10'),
(364,'STE1201','Mekanika Fluida & Hidrolika','Fluid Mechanics & Hidraulics',8,NULL,'2017090','2017-01-09 10:10:10'),
(365,'STE1202','Matematika Rekayasa','Engineering Mathematics',8,NULL,'2017090','2017-01-09 10:10:10'),
(366,'STE1204','Analisis Struktur Statis Tertentu','Structural Analysis of Determinate Structures',8,NULL,'2017090','2017-01-09 10:10:10'),
(367,'STE1203','Pengantar Pemrograman Komputer','Introduction to Computer Programming',8,NULL,'2017090','2017-01-09 10:10:10'),
(368,'ENG1201','Ilmu Lingkungan','Environmental Science',8,NULL,'2017090','2017-01-09 10:10:10'),
(369,'CEM1211','Manajemen Sumber Daya Manusia dalam Industri Konstruksi','Human Resources Management in Construction Industry',2,NULL,'2017090','2017-01-09 10:10:10'),
(370,'CEM1221','Statika & Kekuatan Material','Statics and Strength of Material',2,NULL,'2017090','2017-01-09 10:10:10'),
(371,'CEM1201','Survei Konstruksi','Construction Surveying',2,NULL,'2017090','2017-01-09 10:10:10'),
(372,'CEM1202','Gambar & Grafik Konstruksi','Construction Drawings & Graphics',2,NULL,'2017090','2017-01-09 10:10:10'),
(373,'CEM1203','Hidraulika & Drainase','Hydraulics & Drainage',2,NULL,'2017090','2017-01-09 10:10:10'),
(374,'CEM2211','Rekayasa Biaya Konstruksi','Construction Cost Engineering',2,NULL,'2017090','2017-01-09 10:10:10'),
(375,'CEM2212','Manajemen Waktu Konstruksi','Construction Time Management',2,NULL,'2017090','2017-01-09 10:10:10'),
(376,'CEM2213','Manajemen Kontrak Konstruksi','Construction Contract Management',2,NULL,'2017090','2017-01-09 10:10:10'),
(377,'CEM2221','Material Bangunan','Construction Materials',2,NULL,'2017090','2017-01-09 10:10:10'),
(378,'CEM2222','Analisis Struktur 2','Structural Analysis 2',2,NULL,'2017090','2017-01-09 10:10:10'),
(379,'CEM2223','Teknik Pondasi','Foundation Engineering',2,NULL,'2017090','2017-01-09 10:10:10'),
(380,'CEM2224','Peralatan Bangunan & Konstruksi','Building & Construction Equipments',2,NULL,'2017090','2017-01-09 10:10:10'),
(381,'CEM3201','Metodologi Penelitian','Research Methodology',2,NULL,'2017090','2017-01-09 10:10:10'),
(382,'CEM3211','Manajemen Klaim Konstruksi','Construction Claims Management',2,NULL,'2017090','2017-01-09 10:10:10'),
(383,'CEM3221','Perhitungan Struktur','Structural Calculations',2,NULL,'2017090','2017-01-09 10:10:10'),
(384,'CEM3222','Pengujian Mutu Konstruksi','Construction Quality',2,NULL,'2017090','2017-01-09 10:10:10'),
(385,'LAW1201','Metode Penelitian dan Penulisan Hukum 1','Legal Method and Writing 1 ',6,NULL,'2017090','2017-01-09 10:10:10'),
(386,'LAW1202','Hukum Dagang','Commercial Law',2,NULL,'2017090','2017-01-09 10:10:10'),
(387,'LAW1203','Ilmu Negara','Theories of the State',6,NULL,'2017090','2017-01-09 10:10:10'),
(388,'LAW1204','Ilmu Perundang-Undangan','Theories of Regulation',2,NULL,'2017090','2017-01-09 10:10:10'),
(389,'LAW1205','Hukum Perdata','Private Law',6,NULL,'2017090','2017-01-09 10:10:10'),
(390,'LAW1206','Hukum Pidana','Criminal Law',6,NULL,'2017090','2017-01-09 10:10:10'),
(391,'LAW1207','Hukum Adat','Customary Law',6,NULL,'2017090','2017-01-09 10:10:10'),
(392,'LAW2201','Hukum Penanaman Modal Asing','Foreign Investment Law',6,NULL,'2017090','2017-01-09 10:10:10'),
(393,'LAW2202','Hukum Lingkungan','Environmental Law',6,NULL,'2017090','2017-01-09 10:10:10'),
(394,'LAW2203','Hukum Ketenagakerjaan','Employment Law',6,NULL,'2017090','2017-01-09 10:10:10'),
(395,'LAW2204','Hukum Arbitrase','Arbitration Law',6,NULL,'2017090','2017-01-09 10:10:10'),
(396,'LAW2205','Negosiasi dan Mediasi','Negotiation and Mediation Law',6,NULL,'2017090','2017-01-09 10:10:10'),
(397,'LAW2206','Hukum Agraria','Agrarian Law',6,NULL,'2017090','2017-01-09 10:10:10'),
(398,'LAW2207','Hukum Islam','Islamic Law',6,NULL,'2017090','2017-01-09 10:10:10'),
(399,'LAW2208','Hukum Acara Peradilan Tata Usaha Negara','Administrative Court Procedure Law',6,NULL,'2017090','2017-01-09 10:10:10'),
(400,'ACC1202','Praktek Akuntansi','Accounting Practice Set',4,NULL,'2017090','2017-01-09 10:10:10'),
(401,'ARC2481','Modeling dan Simulasi Arsitektur','Architecture Modelling and Simulation',1,NULL,'2017090','2017-01-09 10:10:10'),
(402,'ENT2221','Manajemen Operasional','Operations Management',3,NULL,'2017090','2017-01-09 10:10:10'),
(403,'ENT2214','Manajemen Keuangan','Principle of Finance',3,NULL,'2017090','2017-01-09 10:10:10'),
(404,'ENT2240','Manajemen Pemasaran','Principle of Marketing',3,NULL,'2017090','2017-01-09 10:10:10'),
(405,'ENT2239','Pengalaman Manajemen Terintegrasi','SME Integration',3,NULL,'2017090','2017-01-09 10:10:10'),
(406,'ENT2260','Teknologi Informasi','Information Technology',3,NULL,'2017090','2017-01-09 10:10:10'),
(407,'ENT2238','Ilmu Pengetahuan Alam dan Teknologi','Natural Science and Technology 2',3,NULL,'2017090','2017-01-09 10:10:10'),
(408,'ENT2215','Keuangan Kewirausahaan','Entrepreneurial Finance',3,NULL,'2017090','2017-01-09 10:10:10'),
(409,'ACC2207','Akuntansi Keuangan Menengah 2','Intermediate 2 ',4,NULL,'2017090','2017-01-09 10:10:10'),
(410,'ACC2208','Akuntansi Manajerial','Managerial Accounting',4,NULL,'2017090','2017-01-09 10:10:10'),
(411,'ACC2209','Audit 1','Auditing 1',4,NULL,'2017090','2017-01-09 10:10:10'),
(412,'ACC2206','Manajemen Keuangan','Principle of Finance',4,NULL,'2017090','2017-01-09 10:10:10'),
(413,'ACC2264','Manajemen Pemasaran','Principle of Marketing',4,NULL,'2017090','2017-01-09 10:10:10'),
(414,'ACC2265','Pengalaman Manajemen Terintegrasi','SME Integration',4,NULL,'2017090','2017-01-09 10:10:10'),
(415,'ACC2263','Sistem Informasi Manajemen','Information Technology',4,NULL,'2017090','2017-01-09 10:10:10'),
(416,'ACC3216','Akuntansi Keuangan Lanjutan 2','Advanced Accounting 2',4,NULL,'2017090','2017-01-09 10:10:10'),
(417,'PUN0016','Manajemen Pemasaran','Principles of Marketing',5,NULL,'2017090','2017-01-09 10:10:10'),
(418,'PUN0018','Sistem Informasi Manajemen','Information Technology',5,NULL,'2017090','2017-01-09 10:10:10'),
(419,'HOT0020','Bahasa Perancis A2-1 Praktek','French A2-1 Practical',5,NULL,'2017090','2017-01-09 10:10:10'),
(420,'HOT0019','Bahasa Perancis A2-1 Teori','French A2-1 Theory',5,NULL,'2017090','2017-01-09 10:10:10'),
(421,'HOT0021','Dasar-dasar SDM','Human Resources In Hospitality',5,NULL,'2017090','2017-01-09 10:10:10'),
(422,'HOT0023','Kesehatan dan Keselamatan Kerja','Workplace Hygiene,Work Safety & Security',5,NULL,'2017090','2017-01-09 10:10:10'),
(423,'HOT0022','Manajemen Organisasi','Organizational Management',5,NULL,'2017090','2017-01-09 10:10:10'),
(424,'LAW2257','Hukum,Debat dan Kompetisi 1 ','Law, Debate, and Competition 2',6,NULL,'2017090','2017-01-09 10:10:10'),
(425,'URP3206','Rencana Bisnis  Pembangunan Properti','Property Development Business Plan',1,NULL,'2017090','2017-01-09 10:10:10'),
(426,'CEM3414','Kewirausahaan dan Manajemen Bisnis Konstruksi','Construction Entrepreneurship and Business Management',2,NULL,'2017090','2017-01-09 10:10:10'),
(427,'CEM3411','Manajemen Logistik Konstruksi','Construction Logistics Management',2,NULL,'2017090','2017-01-09 10:10:10'),
(428,'ENT3233','Kehidupan Bisnis Kepulauan','Living in the Archipelago Business Experience',3,NULL,'2017090','2017-01-09 10:10:10'),
(429,'ENT3380','Magang 1','Internship 1',3,NULL,'2017090','2017-01-09 10:10:10'),
(430,'ENT3232','Menciptakan Budaya Wirausaha dalam Organisasi','Creating an Enterprising Culture in Your Organization',3,NULL,'2017090','2017-01-09 10:10:10'),
(431,'ENT3222','Metode Penelitian Bisnis','Business Research Methods',3,NULL,'2017090','2017-01-09 10:10:10'),
(432,'ACC3114','Manajemen Strategik','Strategic Management',4,NULL,'2017090','2017-01-09 10:10:10'),
(433,'ACC3218','Perpajakan 1','Taxation 1',4,NULL,'2017090','2017-01-09 10:10:10'),
(434,'ACC3220','Sistem Informasi Akuntansi','Accounting Information System',4,NULL,'2017090','2017-01-09 10:10:10'),
(435,'ACC3217','Sistem Pengendalian Manajemen','Financial Planning & Cost Control',4,NULL,'2017090','2017-01-09 10:10:10'),
(436,'HOT0039','Bahasa Perancis B1-1 Teori','French B1-1 Theory',5,NULL,'2017090','2017-01-09 10:10:10'),
(437,'HOT0040','Bahasa Perancis B1-1 Praktek','French B1-1 Practical',5,NULL,'2017090','2017-01-09 10:10:10'),
(438,'HOT0041','Tehnik Supervisi','Supervisory Technique',5,NULL,'2017090','2017-01-09 10:10:10'),
(439,'HOT0042','Metode Kuantitatif Hospitaliti','Quantitative Methods for Hospitality',5,NULL,'2017090','2017-01-09 10:10:10'),
(440,'HOT0043','Desain dan Arsitektur Hotel','Hotel Architecture & Design',5,NULL,'2017090','2017-01-09 10:10:10'),
(441,'HOT0044','Manajemen Tata Hidang','FB Management',5,NULL,'2017090','2017-01-09 10:10:10'),
(442,'HOT0045','Divisi Kamar dan Manajemen Teknik Hotel','Room Division & Engineering Management',5,NULL,'2017090','2017-01-09 10:10:10'),
(443,'HOT0046','Pengetahuan Nutrisi','Food Nutrition',5,NULL,'2017090','2017-01-09 10:10:10'),
(444,'HOT0047','Seni Kuliner - Teori','Culinary Art Theory',5,NULL,'2017090','2017-01-09 10:10:10'),
(445,'HOT0048','Seni Kuliner - Praktek','Culinary Art Practical',5,NULL,'2017090','2017-01-09 10:10:10'),
(446,'ACC4145','Audit Investigasi','Forensic Audit',4,NULL,'2017090','2017-01-09 10:10:10'),
(447,'ACC4121','Teori Akuntansi','Accounting Theory',4,NULL,'2017090','2017-01-09 10:10:10'),
(448,'ENT4290','Proyek Kegiatan','Action Project',3,NULL,'2017090','2017-01-09 10:10:10'),
(449,'ARC4117','Studio Perancangan Arsitektur 7 ','Architecture Design Studio 7',11,NULL,'2017090','2017-01-09 10:10:10'),
(450,'ACC4122','Metode Penelitian Bisnis','Business Research Method',4,NULL,'2017090','2017-01-09 10:10:10'),
(451,'ACC4144','Simulasi Bisnis','Business  Plan',4,NULL,'2017090','2017-01-09 10:10:10'),
(452,'CEM3422','Aplikasi Komputer untuk Konstruksi','Computer Application in Construction',2,NULL,'2017090','2017-01-09 10:10:10'),
(453,'CEM4113','Simulasi Proyek Konstruksi','Construction Project Simulation',2,NULL,'2017090','2017-01-09 10:10:10'),
(454,'HBP4707','Studi Kelayakan','Feasibility Study',5,NULL,'2017090','2017-01-09 10:10:10'),
(455,'CEM4481','Proyek Akhir 1','Final Project 1',2,NULL,'2017090','2017-01-09 10:10:10'),
(456,'HBP4706','French B1-2 Praktek','French B1-2 Practical',5,NULL,'2017090','2017-01-09 10:10:10'),
(457,'HBP4705','French B1-2 Teori','French B1-2 Theory',5,NULL,'2017090','2017-01-09 10:10:10'),
(458,'CEM4111','Kesehatan, Keselamatan Kerja dan Lingkungan','Health, Work Safety and Environment',2,NULL,'2017090','2017-01-09 10:10:10'),
(459,'HBP4703','Hukum Industri Hospitaliti','Hospitality Law',6,NULL,'2017090','2017-01-09 10:10:10'),
(460,'CEM4112','Penyelenggaraan Proyek Terintegrasi','Integrated Project Delivery',2,NULL,'2017090','2017-01-09 10:10:10'),
(461,'CEM4480','Program Magang 2','Internship 2',2,NULL,'2017090','2017-01-09 10:10:10'),
(462,'ARC4162','Program Magang 2 (Simulasi Proyek )','Internship 2 (Project Simulation)',1,NULL,'2017090','2017-01-09 10:10:10'),
(463,'ENT4135','Analisis Investasi dan Permodalan','Investment Analysis and Business Capital',3,NULL,'2017090','2017-01-09 10:10:10'),
(464,'HBP4701','Pengantar Ekonomi Makro','Principles of Micro & Macro',5,NULL,'2017090','2017-01-09 10:10:10'),
(465,'ACC4147','Praktek Perpajakan','Tax Practicum',4,NULL,'2017090','2017-01-09 10:10:10'),
(466,'ACC4119','Perpajakan 2','Taxation 2',4,NULL,'2017090','2017-01-09 10:10:10'),
(467,'CEM3415','Manajemen & Rekayasa Nilai','Value Engineering and Management',2,NULL,'2017090','2017-01-09 10:10:10'),
(468,'PDP2105','Metodologi Riset Desain','Research Method in Design',11,NULL,'2017090','2017-01-09 10:10:10'),
(469,'PDP2104','Ergonomi 1','Ergonomic 1',11,NULL,'2017090','2017-01-09 10:10:10'),
(470,'PDP3102','Berpikir Desain','Design Thinking',11,NULL,'2017090','2017-01-09 10:10:10'),
(471,'STE2101','Teknologi Bahan Konstruksi','Construction Materials Technology',8,NULL,'2017090','2017-01-09 10:10:10'),
(472,'STE2102','Gambar Rekayasa','Engineering Drawing',8,NULL,'2017090','2017-01-09 10:10:10'),
(473,'STE2103','Analisis Statistik & Probabilitas','Statistics Analysis & Probability',8,NULL,'2017090','2017-01-09 10:10:10'),
(474,'STE2104','Perpetaan & Pengukuran dalam Konstruksi','Surveying for Construction',8,NULL,'2017090','2017-01-09 10:10:10'),
(475,'STE2106','Analisis Struktur Statis Tak Tentu','Structural Analysis of Indeterminate Structures',8,NULL,'2017090','2017-01-09 10:10:10'),
(476,'ENV2101','Mekanika Fluida 1','Fluid Mechanics 1',10,NULL,'2017090','2017-01-09 10:10:10'),
(477,'ENV2102','Perpetaan','Surveying',10,NULL,'2017090','2017-01-09 10:10:10'),
(478,'ENV2103','Kimia Lingkungan','Environmental Chemistry',10,NULL,'2017090','2017-01-09 10:10:10'),
(479,'ENV2104','Kesehatan Lingkungan dan Epidemiologi','Environmental Health and Epidemiology',10,NULL,'2017090','2017-01-09 10:10:10'),
(480,'ENV2105','Mekanika Teknik dan Pengetahuan Struktur','Engineering Mechanics and Structural Knowledge',10,NULL,'2017090','2017-01-09 10:10:10'),
(481,'HBP4702','Akuntansi Manajerial','Managerial Accounting',5,NULL,'2017090','2017-01-09 10:10:10'),
(482,'CEM3111','Manajemen Proyek & Risiko','Project & Risk Management',2,NULL,'2017090','2017-01-09 10:10:10'),
(483,'ENT4120','Metode Penelitian','Research Methods',3,NULL,'2017090','2017-01-09 10:10:10'),
(484,'ENT3141','Perilaku Konsumen','Consumer Behaviour',3,NULL,'2017090','2017-01-09 10:10:10'),
(485,'ENT3131','Kehidupan Bisnis Keluarga/Pengalaman Kewirausahaan Sosial','Living the Family Business/Social Entrepreneurship Experience',3,NULL,'2017090','2017-01-09 10:10:10'),
(486,'ENT3130','Mengelola Pertumbuhan Bisnis','Managing a Growing Business',3,NULL,'2017090','2017-01-09 10:10:10'),
(487,'ENT3142','Pemasaran untuk Wirausahawan','Marketing for Entrepreneurs',3,NULL,'2017090','2017-01-09 10:10:10'),
(488,'ENT3116','Pengantar Ekonomi Makro','Principles of Macroeconomics',3,NULL,'2017090','2017-01-09 10:10:10'),
(489,'ENT2136','Kewirausahaan dan Usaha-usaha Baru','Entrepreneurship and New Ventures',3,NULL,'2017090','2017-01-09 10:10:10'),
(490,'ENT2112','Pengantar Ekonomi Mikro','Principle of Microeconomy',3,NULL,'2017090','2017-01-09 10:10:10'),
(491,'ENT2137','Solusi Energi Berkelanjutan','Sustainable Energy Solutions',3,NULL,'2017090','2017-01-09 10:10:10'),
(492,'HOT0034','Sanitasi Pengolahan Makanan','Food Hygiene & Sanitation',5,NULL,'2017090','2017-01-09 10:10:10'),
(493,'HOT0033','Seni Pengolahan Bakery - Praktek','Art of Pastry Bakery Practical',5,NULL,'2017090','2017-01-09 10:10:10'),
(494,'HOT0032','Seni Pengolahan Bakery - Teori','Art of Pastry Bakery Theory',5,NULL,'2017090','2017-01-09 10:10:10'),
(495,'HOT0024','Bahasa Perancis A2-2 Teori','French A2-2 Theory',5,NULL,'2017090','2017-01-09 10:10:10'),
(496,'HOT0025','Bahasa Perancis A2-2 Praktek','French A2-2 Practical',5,NULL,'2017090','2017-01-09 10:10:10'),
(497,'HOT0029','Divisi Kamar - Praktek','Room Division Operation Practical',5,NULL,'2017090','2017-01-09 10:10:10'),
(498,'HOT0030','Pengolahan Makanan - Teori','Art of Food Production Theory',5,NULL,'2017090','2017-01-09 10:10:10'),
(499,'HOT0035','Desain dan Produksi Acara','Design & Production',5,NULL,'2017090','2017-01-09 10:10:10'),
(500,'HOT0028','Divisi Kamar - Teori','Room Division Operation Theory',5,NULL,'2017090','2017-01-09 10:10:10'),
(501,'HOT0027','Operasional Bar & Resto Praktek','Restaurant & Bar Operation Practical',5,NULL,'2017090','2017-01-09 10:10:10'),
(502,'HOT0026','Operasional Bar & Resto Teori','Restaurant & Bar Operation Theory',5,NULL,'2017090','2017-01-09 10:10:10'),
(503,'HOT0031','Pengolahan Makanan - Praktek','Art of Food Production Practical',5,NULL,'2017090','2017-01-09 10:10:10'),
(504,'HOT0037','Manajemen Acara - Praktek','MICE Management Practical',5,NULL,'2017090','2017-01-09 10:10:10'),
(505,'HOT0036','Manajemen Acara - Teori','MICE Management Theory',5,NULL,'2017090','2017-01-09 10:10:10'),
(506,'LAW2255','Hukum Perbankan','Banking Law',6,NULL,'2017090','2017-01-09 10:10:10'),
(507,'LAW3105','Hukum Pasar Modal','Capital Market Law',6,NULL,'2017090','2017-01-09 10:10:10'),
(508,'LAW3106','Perancangan Kontrak','Contract Drafting',6,NULL,'2017090','2017-01-09 10:10:10'),
(509,'LAW3103','Mentor Eksternal-1','External Mentor-1',6,NULL,'2017090','2017-01-09 10:10:10'),
(510,'LAW3101','Hukum dan Teknologi','Law and Technology',6,NULL,'2017090','2017-01-09 10:10:10'),
(511,'LAW3104','Pendapat Hukum dan Praktik Konsultasi Hukum 1','Legal Opinion and Legal Consulting in Practice 1',6,NULL,'2017090','2017-01-09 10:10:10'),
(512,'LAW3102','Hukum Merger dan Akuisisi','Mergers and Acquisitions Law',6,NULL,'2017090','2017-01-09 10:10:10'),
(513,'PDP3103','Pemodelan Digital 1','Digital Modeling 1',11,NULL,'2017090','2017-01-09 10:10:10'),
(514,'PDP2181','Product Design Studio 1','Product Design Studio 1',11,NULL,'2017090','2017-01-09 10:10:10'),
(515,'STE2105','Mekanika Tanah','Soil Mechanics',8,NULL,'2017090','2017-01-09 10:10:10'),
(516,'ENT2111','Akuntansi Manajemen','Managerial Accounting',3,NULL,'2017090','2017-01-09 10:10:10'),
(517,'ENT4181','Magang 2','Internship 2',3,NULL,'2017090','2017-01-09 10:10:10'),
(518,'ENT4291','Proyek Akhir/ Skripsi','Final Project',3,NULL,'2017090','2017-01-09 10:10:10'),
(519,'ACC4223','Skripsi','Final Project',4,NULL,'2017090','2017-01-09 10:10:10'),
(520,'ACC4224','Magang','Internship',4,NULL,'2017090','2017-01-09 10:10:10'),
(521,'PDP2183','Studio Desain Produk 2','Product Design Studio 2',11,NULL,'2017090','2017-01-09 10:10:10'),
(522,'PDP3102','Manajemen Desain ','Design Management ',11,NULL,'2017090','2017-01-09 10:10:10'),
(523,'PDP3202','Pemodelan Digital 2','Digital Modeling 2',11,NULL,'2017090','2017-01-09 10:10:10'),
(524,'PDP3203','Ergonomi 2','Ergonomic 2',11,NULL,'2017090','2017-01-09 10:10:10'),
(525,'PDP2205','Desain Interaksi','Interaction Design',11,NULL,'2017090','2017-01-09 10:10:10'),
(526,'STE2204','Desain Baja Elemen-elemen Struktur','Steel Design of Structural Elements',8,NULL,'2017090','2017-01-09 10:10:10'),
(527,'STE2206','Penurunan & Stabilitas Tanah','Soil Settlement & Stability',8,NULL,'2017090','2017-01-09 10:10:10'),
(528,'STE2202','Desain Beton Bertulang  Elemen-elemen Struktur','Reinforced Concrete Design of Structural Element',8,NULL,'2017090','2017-01-09 10:10:10'),
(529,'STE2201','Manajemen Proyek','Project Management',8,NULL,'2017090','2017-01-09 10:10:10'),
(530,'STE2205','Metode Numerik dalam Rekayasa Struktur','Numerikal Method in Structural Engineering',8,NULL,'2017090','2017-01-09 10:10:10'),
(531,'STE2203','Rekayasa Hidrologi','Engineering Hydrology',8,NULL,'2017090','2017-01-09 10:10:10'),
(532,'UNC0201','Kewarganegaraan','Citizenship',8,NULL,'2017090','2017-01-09 10:10:10'),
(533,'CEM4211','Konstruksi Berkelanjutan','Sustainability in Construction',2,NULL,'2017090','2017-01-09 10:10:10'),
(534,'CEM3416','Riset Operasi','Research Operation',2,NULL,'2017090','2017-01-09 10:10:10'),
(535,'CEM4212','Perencanaan dan Pengelolaan Lokasi Proyek','Project Site Planning & Management',2,NULL,'2017090','2017-01-09 10:10:10'),
(536,'CEM4482','Proyek Akhir 2','Final Project 2',2,NULL,'2017090','2017-01-09 10:10:10'),
(537,'URP1202','Rancang Kota 1 (Morfologi Kota)','Urban Design 1 (Urban Morphology)',9,NULL,'2017090','2017-01-09 10:10:10'),
(538,'URP1204','Tata Guna Lahan','Land Use Planning',9,NULL,'2017090','2017-01-09 10:10:10'),
(539,'URP1201','Pengantar Lingkungan Perkotaan','Introduction to Urban Environment',9,NULL,'2017090','2017-01-09 10:10:10'),
(540,'URP1205','GIS 1 (Perpetaan dengan GIS)','GIS 1 (Mapping with GIS)',9,NULL,'2017090','2017-01-09 10:10:10'),
(541,'URP1203','Sistem Sosial dan Demografi','Demographic and Social system',9,NULL,'2017090','2017-01-09 10:10:10'),
(542,'ENV2204','Satuan Proses','Unit Process',10,NULL,'2017090','2017-01-09 10:10:10'),
(543,'ENV2208','Mekanika Tanah dan Fondasi','Soil Mechanics and Foundation',10,NULL,'2017090','2017-01-09 10:10:10'),
(544,'ENV2207','Metodologi Penelitian','Research Methodology',10,NULL,'2017090','2017-01-09 10:10:10'),
(545,'ENV2203','Plambing dan Instrumentasi','Plumbing and Instrumentation',10,NULL,'2017090','2017-01-09 10:10:10'),
(546,'ENV2202','Mekanika Fluida 2','Fluid Mechanics 2',10,NULL,'2017090','2017-01-09 10:10:10'),
(547,'ENV2201','Laboratorium Lingkungan 1','Environmental Laboratory 1',10,NULL,'2017090','2017-01-09 10:10:10'),
(548,'ENV2205','Hidrologi Lingkungan','Environmental Hydrology',10,NULL,'2017090','2017-01-09 10:10:10'),
(549,'ENV2206','Fisika Bangunan','Building Physics',10,NULL,'2017090','2017-01-09 10:10:10'),
(550,'HOT0049','Manajemen Acara','MICE Management',5,NULL,'2017090','2017-01-09 10:10:10'),
(551,'HOT0050','Impresario Acara - Teori','Impressarion & Event Management Theory',5,NULL,'2017090','2017-01-09 10:10:10'),
(552,'HOT0051','Impresario Acara - Praktek','Impressarion & Event Management Practical',5,NULL,'2017090','2017-01-09 10:10:10'),
(553,'HOT0054','Magang','Management Internship',5,NULL,'2017090','2017-01-09 10:10:10'),
(554,'HOT0055','Proyek Akhir','Final Project',5,NULL,'2017090','2017-01-09 10:10:10'),
(555,'LAW3201','Hukum Properti 1 ','Property Law 1',6,NULL,'2017090','2017-01-09 10:10:10'),
(556,'LAW3202','Kantor Hukum: Rencana Bisnis dan Manajemen','Law Office- Business Plan & Management',6,NULL,'2017090','2017-01-09 10:10:10'),
(557,'LAW3203','Hukum & Kebijakan Masyarakat Ekonomi ASEAN','The Law & Policy of ASEAN Economic Community',6,NULL,'2017090','2017-01-09 10:10:10'),
(558,'LAW3204','Perancangan Peraturan','Regulatory Drafting',6,NULL,'2017090','2017-01-09 10:10:10'),
(559,'LAW3205','Praktik Arbitrase','Arbitration in Practice',6,NULL,'2017090','2017-01-09 10:10:10'),
(560,'LAW3206','Praktik Peradilan Pidana','Criminal Court in Practice',6,NULL,'2017090','2017-01-09 10:10:10'),
(561,'LAW3207','Praktik Peradilan Perdata','Private Court in Practice',6,NULL,'2017090','2017-01-09 10:10:10'),
(562,'LAW3208','Praktik Peradilan TUN','Administrative Court in Practice',6,NULL,'2017090','2017-01-09 10:10:10'),
(563,'LAW3177','Hukum dan Tata Kelola Korporasi','Law & Corporate Governance',6,NULL,'2017090','2017-01-09 10:10:10'),
(564,'ARC4218','Tugas Akhir','Final Project',1,NULL,'2017090','2017-01-09 10:10:10'),
(565,'ARC4263','Program Magang 3','Internship 3',1,NULL,'2017090','2017-01-09 10:10:10'),
(566,'LAW3168','Kekayaan Intelektual','Intellectual Property',6,NULL,'2017090','2017-01-09 10:10:10'),
(567,'LAW3206','Praktik Peradilan Pidana','Criminal Court in Practice',6,NULL,'2017090','2017-01-09 10:10:10');

/*Table structure for table `precondition` */

DROP TABLE IF EXISTS `precondition`;

CREATE TABLE `precondition` (
  `ID` int(11) NOT NULL AUTO_INCREMENT,
  `CurriculumDetailID` int(11) NOT NULL,
  `MKID` int(11) DEFAULT NULL,
  `MKCode` varchar(30) DEFAULT NULL,
  PRIMARY KEY (`ID`)
) ENGINE=InnoDB DEFAULT CHARSET=latin1;

/*Data for the table `precondition` */

/*Table structure for table `program_study` */

DROP TABLE IF EXISTS `program_study`;

CREATE TABLE `program_study` (
  `ID` int(11) NOT NULL AUTO_INCREMENT,
  `EducationLevelID` int(11) DEFAULT NULL,
  `FacultyID` int(11) DEFAULT NULL,
  `KaprodiID` varchar(20) DEFAULT NULL,
  `DiktiID` varchar(20) DEFAULT NULL,
  `CodeID` int(11) DEFAULT NULL,
  `Code` varchar(45) DEFAULT NULL,
  `Name` varchar(200) DEFAULT NULL,
  `NameEng` varchar(200) DEFAULT NULL,
  `Akreditasi` varchar(45) DEFAULT NULL,
  `AkreditasiDate` date DEFAULT NULL,
  `NoSK` varchar(45) DEFAULT NULL,
  `SKDate` date DEFAULT NULL,
  `TotalSKS` int(11) DEFAULT NULL,
  `Email` varchar(200) DEFAULT NULL,
  `NoAkreditasiBANPT` varchar(20) DEFAULT NULL,
  `AkreditasiBANPTDate` date DEFAULT NULL,
  `NoSKBANPT` varchar(20) DEFAULT NULL,
  `SKBANPTDate` date DEFAULT NULL,
  `Visi` text,
  `VisiEng` text,
  `Misi` text,
  `MisiEng` text,
  `Status` int(11) DEFAULT NULL,
  PRIMARY KEY (`ID`)
) ENGINE=InnoDB AUTO_INCREMENT=12 DEFAULT CHARSET=latin1;

/*Data for the table `program_study` */

insert  into `program_study`(`ID`,`EducationLevelID`,`FacultyID`,`KaprodiID`,`DiktiID`,`CodeID`,`Code`,`Name`,`NameEng`,`Akreditasi`,`AkreditasiDate`,`NoSK`,`SKDate`,`TotalSKS`,`Email`,`NoAkreditasiBANPT`,`AkreditasiBANPTDate`,`NoSKBANPT`,`SKBANPTDate`,`Visi`,`VisiEng`,`Misi`,`MisiEng`,`Status`) values 
(1,1,2,'2114002','62201',21,'ARC','Arsitektur','Architecture','','2013-09-01','271/E/O/2013','2013-07-17',149,'architecture@podomorouniv',NULL,'0000-00-00','N/A','0000-00-00','Visi \n\n\"Pada tahun 2020 Program Studi Arsitektur Universitas Agung Podomoro akan menjadi Program Studi Unggulan dalam menciptakan lingkungan binaan yang berkualitas melalui sistem pendidikan terintegrasi teori dan praktek profesi dan industri, berwawasan global dan menghasilkan lulusan berjiwa wirausaha\"',NULL,'Misi \n\n1. Menyelenggarakan pendidikan tinggi Arsitektur yang mengajarkan Arsitektur dan keterampilan merancang lingkungan binaan dan lintas disiplin secara terintegrasi dengan pengalaman praktek profesi dan industri.\n2. Menyelenggarakan kegiatan penelitian dan pengabdian masyarakat yang berwawasan Global sebagai wujud tanggung jawab sosial program studi.\n3. Membangun kebanggaan dan keunggulan program studi melalui kerjasama pengajaran, penelitian dan pengabdian masyarakat melalui jejaring internal maupun eksternal, berskala regional maupun internasional.\n4. Menyelenggarakan pengendalian mutu proses pembelajaran dan penyediaan sarana/prasarana yang lengkap dengan aksesyang mudah bagi setiap mhasiswanya.\n5. Menghasilkan lulusan yang memiliki kompetensi dalam ilmu arsitektur, keterampilan merancang, bertanggung jawab, serta berjiwa wirausaha dan berwawasan Global.',NULL,1),
(2,5,2,'2215017','22302',22,'CEM','Manajemen Rekayasa dan Konstruksi','Construction Engineering and Management','','2014-09-01','271/E/0/2013','2013-07-17',150,'',NULL,'0000-00-00','','0000-00-00','Visi Program Studi D4 Manajemen dan Rekayasa Konstruksi adalah:\n\nMenjadi program studi yang menghasilkan pemimpin masa depan di bidang manajemen konstruksi yang diakui secara nasional dan internasional dengan mengusung nilai inovatif dan kewirausahaan.\n',NULL,'Misi yang dijalankan oleh Program Studi D4 Manajemen dan Rekayasa Konstruksi adalah:\n\n1.	Menyelenggarakan pendidikan Manajemen dan Rekayasa Konstruksi yang \n        menghasilkan lulusan dengan pengetahuan dan keterampilan teknik, manajerial dan \n        bisnis untuk menghadapi tantangan masa kini dan mendatang di tingkat nasional \n        maupun internasional.\n2.	Melakukan kegiatan pendidikan multi disiplin, penelitian kreatif dan pengabdian \n        masyarakat untuk meningkatkan nilai kehidupan secara berkelanjutan melalui \n        pemberdayaan dosen dan mahasiswa.\n3.	Menerapkan suasana belajar mengajar yang kondusif untuk mendorong terciptanya \n        sivitas akademika yang memiliki standar profesionalisme tinggi; komitmen pada \n        kualitas; perilaku etis serta keinginan belajar sepanjang hayat.\n ',NULL,1),
(3,1,1,'1116066','94201',11,'ENT','Kewirausahaan','Entrepreneurship','','2014-09-01','271/E/0/2013','2013-07-17',144,'entrepreneurship@podomoro',NULL,'0000-00-00','','0000-00-00','Visi \n\nMenjadi Program Studi berbasis experiental learning yang mencetak lulusan berjiwa kewirausahaan, yang mampu menciptakan nilai (value creation) bagi masyarakat dan individu, berpikir analitis, serta mampu berkompetisi dan memimpin pada ajang nasional dan global.',NULL,'Misi \n\na. Mengembangkan pendidikan kewirausahaan berbasis experiental learning yang membangun pengetahuan, keterampilan dan karakter kewirausahaan.\nb. Berkontribusi dalam penelitian, pengembangan dan desimenasi ilmu kewirausahaan, serta mengembangkan inovasi yang bermanfaat bagi dunia kewirausahaan.\nc. Berkontribusi dalam menyelesaikan masalah sosial masyarakat indonesia melalui kegiatan yang berorientasi pada kewirausahaan.',NULL,1),
(4,1,1,'1217099','62201',12,'ACC','Akuntansi','Accounting','','2014-09-01','271/E/0/2013','2013-07-17',0,'accounting@podomorouniver',NULL,'0000-00-00','','0000-00-00','Visi Program Studi Akuntansi\n\nMenghasilkan sarjana akuntansi yang handal, sanggup bersaing secara global dan memiliki jiwa kewirausahaan pada tahun 2018.',NULL,'Misi Program Studi Akuntansi\n\n1.	Meningkatkan pendidikan akuntansi berstandar internasional melalui pendekatan pendidikan lintas disiplin, komprehensif dan diperkuat fondasinya dengan pendidikan LIBERAL ARTS.\n2.	Mendidik para mahasiswa agar memiliki jiwa entrepreneur, mampu menerapkan keahliannya dalam berbagai bidang usaha dan organisasi dan berdaya saing global.\n3.	Menerapkan metode pendidikan yang interaktif.\n4.	Mendidik mahasiswa agar mampu berkomunikasi, berpikir kritis, beretika dan mampu mengambil keputusan.\n5.	Meningkatkan kualitas penelitian untuk pengembangan ilmu dan teknologi pada bidang akuntansi.\n6.	Mendorong kontribusi yang lebih baik bagi maasyarakat dan profesi sebagai pengabdian kepada masyarakat guna peningkatan kesejahteraan.\n',NULL,1),
(5,5,1,'3114016','93302',31,'HBP','Bisnis Perhotelan','Hotel Business Program','','2014-02-04','271/E/0/','2014-02-04',0,'',NULL,'0000-00-00','','0000-00-00','Visi Program Studi Bisnis Perhotelan\n\nTerus bertumbuh menjadi Program Studi terpadu dalam mempersiapkan dan mendekatkan mahasiswa dengan pengetahuan, keterampilan, dan kemampuan mengelola bisnis perhotelan dan berkomitmen penuh untuk menghasilkan nilai optimal pada lulusan yang memiliki jiwa entrepreneurship, berbudaya Indonesia dan berkualitas Internasional.\n\nVision\nTo expand as Integrated Program which capable of develop and educate student on knowledge, skill and ability of managing hotel business and fully committed to generate optimal value on graduates who have the soul and spirit of entrepreneurship, Indonesian culture and International quality.\n',NULL,'Misi Program Studi Bisnis Perhotelan\n\nMisi Program Studi\n1. Menghasilkan Sarjana Terapan dalam bidang hospitaliti dengan orientasi pada kebutuhan dunia usaha, bisnis dan masyarakat,\n2. Mengoptimalkan kegiatan belajar mengajar untuk menghasilkan lulusan dengan jiwa entrepreneurship,\n3. Menjadi Program Studi yang mampu memberikan nilai lebih kepada mahasiswa, para dosen dan masyarakat.\n4. Berperan aktif untuk mendukung program pemerintah dalam pengembangan ilmu pengetahuan dan teknologi, serta ilmu terapan untuk kepentingan masyarakat dalam meningkatkan kualitas sumber daya manusia.\n\nMission\n1.       Develop the graduates of Applied Bachelor\'s degree (Professional Bachelor) in the field of the Hotel Business with the orientation on the needs of the industry, business and society.\n2.       Optimizing the teaching and learning activities to educate graduates with the soul of entrepreneurship. \n3.       Become a course which capable of delivering  added value to students, faculty and the community. \n4.       Play an active role to support the Government in developing science and technology as well as the application of science for the benefit of the community in improving the quality of human resources.\n',NULL,1),
(6,1,3,'3017098','94201',41,'LAW','Hukum Bisnis','Business Law','','2015-04-01','','2015-04-01',144,'businesslaw@podomorounive',NULL,'0000-00-00','','0000-00-00','Visi \n\nMenjadi pusat studi hukum bisnis terbaik di Indonesia dan berkualitas internasional\n',NULL,'Misi\n1.	Menyelenggarakan pendidikan, penelitian, dan pengabdian masyarakat di bidang hukum bisnis dengan pendekatan teori dan praktik\n2.	Menghasilkan lulusan berjiwa lawyerpreneur yang berwawasan Indonesia secara khusus, serta ASEAN dan internasional secara umum yang menguasai hukum bisnis. \n3.	Membangun karakter sivitas  akademika yang profesional, kompeten, berintegritas,  berbudaya Indonesia, dan mampu bersaing menghadapi tantangan global di bidang hukum bisnis.\n4.	Memenuhi kebutuhan dan harapan Universitas dengan penerapan standar mutu pembelajaran yang mengacu pada standar internasional serta penguasaan ilmu pengetahuan dan teknologi (IPTEK).\n',NULL,1),
(7,1,4,'61','123',NULL,'UNIV','Universitas','Universitas','','2015-07-01','','2015-07-01',144,'',NULL,'0000-00-00','','0000-00-00','',NULL,'',NULL,0),
(8,5,2,'2316017','123',26,'STE','Teknik Konstruksi Bangunan','Structural Engineering','','2015-11-02','','2015-11-02',144,'',NULL,'0000-00-00','','0000-00-00','Menjadi program studi Teknik Konstruksi Bangunan terkemuka di Indonesia \nyang juga diakui secara internasional dengan mengusung nilai inovatif dan\nkewirausahaan.',NULL,'1. Menyelenggarakan pendidikan Teknik Konstruksi Bangunan yang \nmenghasilkan lulusan dengan pengetahuan dan keterampilan teknik,\nmanajerial dan bisnis untuk menghadapi tantangan masa kini dan\nmendatang di tingkat nasional maupun internasional. \n2. Melakukan kegiatan pendidikan multi disiplin, penelitian kreatif dan\npengabdian Menyelenggarakan pendidikan Teknik Konstruksi Bangunan\nyang berkualitas untuk menghasilkan lulusan dengan pengetahuan dan\nketerampilan guna menghadapi tantangan global dan memiliki jiwa\nkewirausahaan. \n3. Menerapkan suasana belajar mengajar yang kondusif dan berkualitas\nguna mendorong terciptanya sivitas akademika yang tangguh, inovatif,\nhandal, dan profesional melalui proses pembelajaran sepanjang hayat \n4. Melaksanakan proses pendidikan, penelitian terapan, dan pengabdian\nmasyarakat yang berdaya guna bagi dunia konstruksi, bangsa dan\nsesama. \n5. Penyelenggaraan pendidikan sarjana terapan Teknik Konstruksi\nBangunan yang berfokus pada sistem konstruksi bangunan terkini\ndengan penerapan teknologi terdepan dan berkelanjutan. ',NULL,1),
(9,1,2,'2516037','25',25,'URP','Perencanaan Wilayah dan Kota','Urban Regional Planning','','2015-11-01','','2015-11-01',20,'',NULL,'0000-00-00','','0000-00-00','Menjadi program studi yang diakui secara nasional dan internasional  dengan mengusung  nilai-nilai inovatif dan kewirausahaan dalam perencanaan wilayah dan kota, khususnya di bidang real estate dan properti.\n',NULL,'1. Menyelenggarakan pendidikan sarjana perencanaan wilayah dan kota yang berbasis pada keunggulan ilmu pengetahuan dan teknologi di bidang perencanaan real estate dan properti\n2. Menyelenggarakan program pendidikan PWK yang bermutu untuk menghasilkan lulusan dengan penguasaan teori dan ilmu terapan yang tanggap terhadap tantangan lokal maupun global\n3. Menerapkan suasana belajar mengajar yang kondusif guna mendorong terciptanya sivitas akademika yang profesional, berdaya saing, bersikap etis, serta memiliki keinginan belajar sepanjang hayat\n4. Melakukan kegiatan pendidikan, penelitian, serta pengabdian kepada masyarakat yang implementatif dan bernilai guna\n',NULL,1),
(10,1,2,'2616007','24',24,'ENV','Teknik Lingkungan','Environmental Engineering','','2015-11-01','','2015-11-01',20,'',NULL,'0000-00-00','','0000-00-00','',NULL,'',NULL,1),
(11,1,2,'2416026','23',23,'PDP','Desain Produk','Produck Design','','2015-11-01','','2015-11-01',20,'',NULL,'0000-00-00','','0000-00-00','',NULL,'',NULL,1);

/*Table structure for table `programs_campus` */

DROP TABLE IF EXISTS `programs_campus`;

CREATE TABLE `programs_campus` (
  `ID` int(11) NOT NULL AUTO_INCREMENT,
  `Name` varchar(200) DEFAULT NULL,
  `UpdateBy` varchar(20) DEFAULT NULL,
  `UpdateAt` datetime DEFAULT NULL,
  PRIMARY KEY (`ID`)
) ENGINE=InnoDB AUTO_INCREMENT=2 DEFAULT CHARSET=latin1;

/*Data for the table `programs_campus` */

insert  into `programs_campus`(`ID`,`Name`,`UpdateBy`,`UpdateAt`) values 
(1,'Program Reguler','2017090','2018-01-25 11:10:05');

/*Table structure for table `range_credits` */

DROP TABLE IF EXISTS `range_credits`;

CREATE TABLE `range_credits` (
  `ID` int(11) NOT NULL AUTO_INCREMENT,
  `IPSStart` float(5,2) DEFAULT NULL,
  `IPSEnd` float(5,2) DEFAULT NULL,
  `Credit` int(11) DEFAULT NULL,
  PRIMARY KEY (`ID`)
) ENGINE=InnoDB AUTO_INCREMENT=5 DEFAULT CHARSET=latin1;

/*Data for the table `range_credits` */

insert  into `range_credits`(`ID`,`IPSStart`,`IPSEnd`,`Credit`) values 
(1,0.00,1.99,16),
(2,2.00,2.50,19),
(3,2.51,3.00,22),
(4,3.01,4.00,24);

/*Table structure for table `schedule` */

DROP TABLE IF EXISTS `schedule`;

CREATE TABLE `schedule` (
  `ID` int(11) NOT NULL AUTO_INCREMENT,
  `SemesterID` int(11) NOT NULL,
  `ProgramsCampusID` int(11) NOT NULL,
  `ProdiID` int(11) DEFAULT NULL,
  `CombinedClasses` enum('0','1') NOT NULL,
  `MKID` int(11) NOT NULL,
  `MKCode` varchar(45) NOT NULL,
  `ClassGroup` varchar(100) NOT NULL,
  `Coordinator` varchar(45) NOT NULL,
  `TeamTeaching` enum('0','1') NOT NULL,
  `SubSesi` enum('0','1') DEFAULT NULL,
  `UpdateBy` varchar(100) NOT NULL,
  `UpdateAt` datetime NOT NULL,
  PRIMARY KEY (`ID`)
) ENGINE=InnoDB AUTO_INCREMENT=19 DEFAULT CHARSET=latin1;

/*Data for the table `schedule` */

insert  into `schedule`(`ID`,`SemesterID`,`ProgramsCampusID`,`ProdiID`,`CombinedClasses`,`MKID`,`MKCode`,`ClassGroup`,`Coordinator`,`TeamTeaching`,`SubSesi`,`UpdateBy`,`UpdateAt`) values 
(1,11,1,0,'1',168,'UNC0101','ZO-1','2214036','1','0','2017090','2018-03-02 09:58:26'),
(2,11,1,1,'0',175,'ARC1131','ARC-1','2214036','0','0','2017090','2018-03-05 14:26:15'),
(3,11,1,1,'0',344,'ARC1222','ARC-2','2114002','1','0','2017090','2018-03-05 15:53:38'),
(4,11,1,1,'0',343,'ARC1212','ARC-3','1114053','1','1','2017090','2018-03-06 13:13:44'),
(7,13,1,1,'0',9,'ARC1021','ARC-1','3114016','0','0','2017090','2018-03-08 13:53:38'),
(10,13,1,2,'0',16,'CEM1041','CEM-1','1114013','1','1','2017090','2018-03-12 08:17:03'),
(12,13,1,1,'0',99,'ARC0003','ARC-3','1114013','1','1','2017090','2018-03-12 13:44:47'),
(13,13,1,1,'0',55,'SOC3003','ARC-4','2114002','0','0','2017090','2018-03-12 13:42:26'),
(15,13,1,1,'0',54,'SOC3002','ARC-5','1114005','0','1','2017090','2018-03-12 15:05:35'),
(16,13,1,0,'1',168,'UNC0101','ZO-1','3116015','0','0','2017090','2018-03-12 16:43:04'),
(17,13,1,2,'0',14,'CEM1013','CEM-2','2215008','0','0','2017090','2018-03-14 15:01:14'),
(18,13,1,1,'0',347,'ARC2214','ARC-5','2415078','0','0','2017090','2018-03-19 15:52:47');

/*Table structure for table `schedule_class_group` */

DROP TABLE IF EXISTS `schedule_class_group`;

CREATE TABLE `schedule_class_group` (
  `ID` int(11) NOT NULL AUTO_INCREMENT,
  `ScheduleID` int(11) NOT NULL,
  `ProgramsCampusID` int(11) NOT NULL,
  `SemesterID` int(11) NOT NULL,
  `ProdiCode` varchar(10) DEFAULT NULL,
  `Group` varchar(10) NOT NULL,
  PRIMARY KEY (`ID`)
) ENGINE=InnoDB AUTO_INCREMENT=19 DEFAULT CHARSET=latin1;

/*Data for the table `schedule_class_group` */

insert  into `schedule_class_group`(`ID`,`ScheduleID`,`ProgramsCampusID`,`SemesterID`,`ProdiCode`,`Group`) values 
(1,1,1,11,'ZO','ZO-1'),
(2,2,1,11,'ARC','ARC-1'),
(3,3,1,11,'ARC','ARC-2'),
(4,4,1,11,'ARC','ARC-3'),
(7,7,1,13,'ARC','ARC-1'),
(10,10,1,13,'CEM','CEM-1'),
(12,12,1,13,'ARC','ARC-3'),
(13,13,1,13,'ARC','ARC-4'),
(15,15,1,13,'ARC','ARC-5'),
(16,16,1,13,'ZO','ZO-1'),
(17,17,1,13,'CEM','CEM-2'),
(18,18,1,13,'ARC','ARC-5');

/*Table structure for table `schedule_details` */

DROP TABLE IF EXISTS `schedule_details`;

CREATE TABLE `schedule_details` (
  `ID` int(11) NOT NULL AUTO_INCREMENT,
  `ScheduleID` int(11) NOT NULL,
  `ClassroomID` int(11) NOT NULL,
  `Credit` int(11) NOT NULL,
  `DayID` int(11) NOT NULL,
  `TimePerCredit` int(11) NOT NULL,
  `StartSessions` time NOT NULL,
  `EndSessions` time NOT NULL,
  PRIMARY KEY (`ID`)
) ENGINE=InnoDB AUTO_INCREMENT=38 DEFAULT CHARSET=latin1;

/*Data for the table `schedule_details` */

insert  into `schedule_details`(`ID`,`ScheduleID`,`ClassroomID`,`Credit`,`DayID`,`TimePerCredit`,`StartSessions`,`EndSessions`) values 
(1,1,1,2,1,50,'08:00:00','09:40:00'),
(2,2,1,3,1,50,'09:45:00','12:15:00'),
(3,3,1,3,3,50,'08:00:00','10:30:00'),
(4,4,4,2,1,50,'08:00:00','09:40:00'),
(5,4,4,2,2,50,'08:00:00','09:40:00'),
(6,4,4,2,5,50,'08:00:00','09:40:00'),
(9,7,1,2,1,50,'09:45:00','11:25:00'),
(24,12,1,3,3,50,'09:20:00','11:50:00'),
(26,12,1,2,4,50,'09:20:00','11:00:00'),
(27,10,1,2,1,50,'13:05:00','14:45:00'),
(28,12,1,3,5,50,'09:00:00','11:30:00'),
(29,10,1,2,3,50,'12:00:00','13:40:00'),
(30,13,1,2,1,50,'08:00:00','09:40:00'),
(33,15,1,2,1,50,'14:50:00','16:30:00'),
(34,15,1,2,3,50,'14:50:00','16:30:00'),
(35,16,1,2,5,50,'07:15:00','08:55:00'),
(36,17,1,4,2,50,'09:00:00','12:20:00'),
(37,18,2,6,1,50,'09:00:00','14:00:00');

/*Table structure for table `schedule_team_teaching` */

DROP TABLE IF EXISTS `schedule_team_teaching`;

CREATE TABLE `schedule_team_teaching` (
  `ID` int(11) NOT NULL AUTO_INCREMENT,
  `ScheduleID` int(11) NOT NULL,
  `NIP` varchar(45) NOT NULL,
  `Status` enum('0','1') DEFAULT NULL,
  PRIMARY KEY (`ID`)
) ENGINE=InnoDB AUTO_INCREMENT=22 DEFAULT CHARSET=latin1;

/*Data for the table `schedule_team_teaching` */

insert  into `schedule_team_teaching`(`ID`,`ScheduleID`,`NIP`,`Status`) values 
(1,1,'3114016','0'),
(2,1,'1114053','0'),
(3,3,'3114016','0'),
(4,3,'2214036','0'),
(5,4,'3115061','0'),
(6,4,'3114039','0'),
(7,4,'2516028','0'),
(13,0,'3114014','0'),
(14,0,'3114038','0'),
(15,0,'1114058','0'),
(18,10,'1114005','0'),
(19,10,'3114014','0'),
(20,12,'1214044','0'),
(21,12,'2117058','0');

/*Table structure for table `semester` */

DROP TABLE IF EXISTS `semester`;

CREATE TABLE `semester` (
  `ID` int(11) NOT NULL AUTO_INCREMENT,
  `ProgramCampusID` int(11) NOT NULL,
  `CurriculumID` int(11) NOT NULL,
  `YearCode` int(11) DEFAULT NULL,
  `Name` varchar(100) DEFAULT NULL,
  `Status` int(11) DEFAULT NULL,
  `UpdateBy` varchar(45) DEFAULT NULL,
  `UpdateAt` datetime DEFAULT NULL,
  PRIMARY KEY (`ID`)
) ENGINE=InnoDB AUTO_INCREMENT=14 DEFAULT CHARSET=latin1;

/*Data for the table `semester` */

insert  into `semester`(`ID`,`ProgramCampusID`,`CurriculumID`,`YearCode`,`Name`,`Status`,`UpdateBy`,`UpdateAt`) values 
(3,1,1,20141,'2014/2015 Ganjil',0,'2017090','2018-01-30 22:35:12'),
(4,1,1,20142,'2014/2015 Genap',0,'2017090','2018-01-30 22:35:24'),
(5,1,2,20151,'2015/2016 Ganjil',0,'2017090','2018-01-30 22:35:34'),
(6,1,2,20152,'2015/2016 Genap',0,'2017090','2018-01-30 22:35:43'),
(7,1,3,20161,'2016/2017 Ganjil',0,'2017090','2018-01-30 22:35:54'),
(8,1,3,20162,'2016/2017 Genap',0,'2017090','2018-01-30 22:36:13'),
(11,1,4,20171,'2017/2018 Ganjil',0,'2017090','2018-01-30 22:36:27'),
(12,1,4,20172,'2017/2018 Genap',0,'2017090','2018-03-06 14:20:41'),
(13,1,5,20181,'2018/2019 Ganjil',1,'2017090','2018-03-06 14:56:56');

/*Table structure for table `status_student` */

DROP TABLE IF EXISTS `status_student`;

CREATE TABLE `status_student` (
  `ID` int(11) NOT NULL AUTO_INCREMENT,
  `CodeStatus` int(11) DEFAULT NULL,
  `Description` varchar(45) DEFAULT NULL,
  `CodeDikti` varchar(2) DEFAULT NULL,
  PRIMARY KEY (`ID`)
) ENGINE=InnoDB AUTO_INCREMENT=10 DEFAULT CHARSET=latin1;

/*Data for the table `status_student` */

insert  into `status_student`(`ID`,`CodeStatus`,`Description`,`CodeDikti`) values 
(1,1,'LULUS','L'),
(2,2,'CUTI','C'),
(3,3,'AKTIF','A'),
(4,4,'DO','D'),
(6,5,'NON-AKTIF','E'),
(7,6,'MENGUNDURKAN DIRI','M'),
(8,7,'CUTI PAKSA',NULL),
(9,8,'PINDAHAN',NULL);

/*Table structure for table `std_krs` */

DROP TABLE IF EXISTS `std_krs`;

CREATE TABLE `std_krs` (
  `ID` int(11) NOT NULL AUTO_INCREMENT,
  `SemesterID` int(11) NOT NULL,
  `NPM` varchar(30) NOT NULL,
  `ScheduleID` int(11) NOT NULL,
  `Status` enum('0','1','2','3') NOT NULL COMMENT '0 = Masih Planning, 1 = Bimbingan sama PA, 2 = Approval PA, 3 = Approval Kaprodi',
  `InputAt` datetime NOT NULL,
  `ApprovalPAAt` datetime DEFAULT NULL,
  `ApprovalKaprodiAt` datetime DEFAULT NULL,
  PRIMARY KEY (`ID`)
) ENGINE=InnoDB AUTO_INCREMENT=5 DEFAULT CHARSET=latin1;

/*Data for the table `std_krs` */

/*Table structure for table `std_schedule` */

DROP TABLE IF EXISTS `std_schedule`;

CREATE TABLE `std_schedule` (
  `ID` int(11) NOT NULL AUTO_INCREMENT,
  `SemesterID` int(11) DEFAULT NULL,
  `ProgramsCampusID` int(11) DEFAULT NULL,
  `BaseProdiID` int(11) DEFAULT NULL,
  `MKID` int(11) DEFAULT NULL,
  `MKCode` varchar(50) DEFAULT NULL,
  `Teacher` varchar(50) DEFAULT NULL,
  `TeamTeaching` int(11) DEFAULT NULL,
  `DayID` int(11) DEFAULT NULL,
  `ClassroomID` int(11) DEFAULT NULL,
  `ClassGroup` varchar(10) DEFAULT NULL,
  `StartSessions` time DEFAULT NULL,
  `EndSessions` time DEFAULT NULL,
  `UpdateBy` varchar(20) DEFAULT NULL,
  `UpdateAt` datetime DEFAULT NULL,
  PRIMARY KEY (`ID`)
) ENGINE=InnoDB DEFAULT CHARSET=latin1;

/*Data for the table `std_schedule` */

/*Table structure for table `std_semester_del` */

DROP TABLE IF EXISTS `std_semester_del`;

CREATE TABLE `std_semester_del` (
  `ID` int(11) NOT NULL AUTO_INCREMENT,
  `Semester` int(11) NOT NULL,
  PRIMARY KEY (`ID`)
) ENGINE=InnoDB AUTO_INCREMENT=9 DEFAULT CHARSET=latin1;

/*Data for the table `std_semester_del` */

insert  into `std_semester_del`(`ID`,`Semester`) values 
(1,1),
(2,2),
(3,3),
(4,4),
(5,5),
(6,6),
(7,7),
(8,8);

/*Table structure for table `time_per_credits` */

DROP TABLE IF EXISTS `time_per_credits`;

CREATE TABLE `time_per_credits` (
  `ID` int(11) NOT NULL AUTO_INCREMENT,
  `Time` int(11) DEFAULT NULL,
  `UpdateBy` varchar(20) DEFAULT NULL,
  `UpdateAt` datetime DEFAULT NULL,
  PRIMARY KEY (`ID`)
) ENGINE=InnoDB AUTO_INCREMENT=9 DEFAULT CHARSET=latin1;

/*Data for the table `time_per_credits` */

insert  into `time_per_credits`(`ID`,`Time`,`UpdateBy`,`UpdateAt`) values 
(3,25,'2017090','2018-02-26 15:10:54'),
(8,50,'2017090','2018-02-26 16:51:29');

/*!40101 SET SQL_MODE=@OLD_SQL_MODE */;
/*!40014 SET FOREIGN_KEY_CHECKS=@OLD_FOREIGN_KEY_CHECKS */;
/*!40014 SET UNIQUE_CHECKS=@OLD_UNIQUE_CHECKS */;
/*!40111 SET SQL_NOTES=@OLD_SQL_NOTES */;
