/*
SQLyog Community v12.4.3 (64 bit)
MySQL - 10.1.25-MariaDB : Database - db_employees
*********************************************************************
*/

/*!40101 SET NAMES utf8 */;

/*!40101 SET SQL_MODE=''*/;

/*!40014 SET @OLD_UNIQUE_CHECKS=@@UNIQUE_CHECKS, UNIQUE_CHECKS=0 */;
/*!40014 SET @OLD_FOREIGN_KEY_CHECKS=@@FOREIGN_KEY_CHECKS, FOREIGN_KEY_CHECKS=0 */;
/*!40101 SET @OLD_SQL_MODE=@@SQL_MODE, SQL_MODE='NO_AUTO_VALUE_ON_ZERO' */;
/*!40111 SET @OLD_SQL_NOTES=@@SQL_NOTES, SQL_NOTES=0 */;
CREATE DATABASE /*!32312 IF NOT EXISTS*/`db_employees` /*!40100 DEFAULT CHARACTER SET latin1 */;

USE `db_employees`;

/*Table structure for table `data_city` */

DROP TABLE IF EXISTS `data_city`;

CREATE TABLE `data_city` (
  `IDCity` int(11) NOT NULL,
  `ProvinceID` int(11) DEFAULT NULL,
  `Name` varchar(45) DEFAULT NULL,
  PRIMARY KEY (`IDCity`)
) ENGINE=InnoDB DEFAULT CHARSET=latin1;

/*Data for the table `data_city` */

insert  into `data_city`(`IDCity`,`ProvinceID`,`Name`) values 
(1,1,'KAB. ACEH SELATAN'),
(2,1,'KAB. ACEH TENGGARA\n'),
(3,1,'KAB. ACEH TIMUR\n'),
(4,1,'KAB. TENGAH *)\n'),
(5,1,'KAB. ACEH BARAT\n'),
(6,1,'KAB. ACEH BESAR\n'),
(7,1,'KAB. PIDIE\n'),
(8,1,'KAB. ACEH UTARA\n'),
(9,1,'KAB. SIMEULUE\n'),
(10,1,'KAB. ACEH SINGKIL\n'),
(11,1,'KAB. BIREUN\n'),
(12,1,'KAB. ACEH BARAT DAYA\n'),
(13,1,'KAB. GAYO LUES\n'),
(14,1,'KAB. ACEH JAYA\n'),
(15,1,'KAB. NAGAN JAYA\n'),
(16,1,'KAB. ACEH TAMIANG\n'),
(17,1,'KAB. BENER MERIAH*)\n'),
(18,1,'KOTA BANDA ACEH'),
(19,1,'KOTA SABANG'),
(20,1,'KOTA LHOKSEUMAWE'),
(21,1,'KOTA LANGSA'),
(22,2,'KAB. TAPANULI TENGAH\n'),
(23,2,'KAB. TAPANULI UTARA\n'),
(24,2,'KAB. TAPANULI SELATAN\n'),
(25,2,'KAB. NIAS\n'),
(26,2,'KAB. LANGKAT\n'),
(27,2,'KAB. KARO\n'),
(28,2,'KAB. DELI SERDANG\n'),
(29,2,'KAB. SIMALUNGUN\n'),
(30,2,'KAB. ASAHAN\n'),
(31,2,'KAB. LABUHAN BATU\n'),
(32,2,'KAB. DAIRI\n'),
(33,2,'KAB. TOBA SAMOSIR\n'),
(34,2,'KAB. MANDAILING NATAL\n'),
(35,2,'KAB. NIAS SELATAN\n'),
(36,2,'KAB. PAKPAK BARAT\n'),
(37,2,'KAB. HUMBANG HASUNDUTAN'),
(38,2,'KAB. SAMOSIR *)\n'),
(39,2,'KAB. SERDANG BEDAGAI *)'),
(40,2,'KOTA MEDAN'),
(41,2,'KOTA PEMATANG SIANT'),
(42,2,'KOTA SIBOLGA'),
(43,2,'KOTA TANJUNG BALAI'),
(44,2,'KOTA BINJAI'),
(45,2,'KOTA TEBING TINGGI'),
(46,2,'KOTA PADANG SIDEMPU'),
(47,3,'KAB.PESISIR SELATAN\n'),
(48,3,'KAB. SOLOK*)\n'),
(49,3,'KAB. SW.LUNTO\n'),
(50,3,'KAB. TANAH DATAR\n'),
(51,3,'KAB. PADANG PARIAMAN\n'),
(52,3,'KAB. AGAM\n'),
(53,3,'KAB. LIMA PULUH kab_kot'),
(54,3,'KAB. PASAMAN *)\n'),
(55,3,'KAB. KEPULAUAN MENTAWAI'),
(56,3,'KAB. DHARMASRAYA*)\n'),
(57,3,'KAB. SOLOK SELATAN *)\n'),
(58,3,'KAB. PASAMAN BARAT *)\n'),
(59,3,'KOTA PADANG'),
(60,3,'KOTA SOLOK'),
(61,3,'KOTA SAWHLUNTO'),
(62,3,'KOTA PADANG PANJANG'),
(63,3,'KOTA BUKITTINGGI'),
(64,3,'KOTA PAYAKUMBUH'),
(65,3,'KOTA PARIAMAN'),
(66,4,'KAB. KAMPAR\n'),
(67,4,'KAB. INDRAGIRI HULU\n'),
(68,4,'KAB. BENGKALIS\n'),
(69,4,'KAB. INDRAGIRI HILIR\n'),
(70,4,'KAB. PELALAWAN\n'),
(71,4,'KAB. ROKAN HULU\n'),
(72,4,'KAB. ROKAN HILIR\n'),
(73,4,'KAB. SIAK\n'),
(74,4,'KAB. KUANTAN SINGINGI\n'),
(75,4,'KOTA PEKAN BARU'),
(76,4,'KOTA DUMAI'),
(77,5,'KAB. KERINCI\n'),
(78,5,'KAB. MEANGIN\n'),
(79,5,'KAB. SAROLANGUN\n'),
(80,5,'KAB. BATANGHARI\n'),
(81,5,'KAB. MUARO JAMBI\n'),
(82,5,'KAB. TANJUNG JABUNG BAR'),
(83,5,'KAB. TANJUNG JABUNG TIM'),
(84,5,'KAB. BUNGO\n'),
(85,5,'KAB. TEBO\n'),
(86,5,'KOTA JAMBI'),
(87,6,'KAB. OGAN KOMERING ULU '),
(88,6,'KAB. OGAN KOMERING ILIR'),
(89,6,'KAB. MUARA ENIM\n'),
(90,6,'KAB. LAHAT\n'),
(91,6,'KAB. MUSI RAWAS\n'),
(92,6,'KAB. MUSI BANYUASIN\n'),
(93,6,'KAB. BANYUASIN\n'),
(94,6,'KAB. OKU TIMUR *)\n'),
(95,6,'KAB. OKU SELATAN *)\n'),
(96,6,'KAB. OGAN ILIR *)\n'),
(97,6,'KOTA PALEMBANG'),
(98,6,'KOTA PAGAR ALAM'),
(99,6,'KOTA LUBUK LINGGAU'),
(100,6,'KOTA PRABUMULIH'),
(101,7,'KAB. BENGKULU SELATAN\n'),
(102,7,'KAB. REJANG LEBONG *)\n'),
(103,7,'KAB. BENGKULU UTARA\n'),
(104,7,'KAB. KAUR\n'),
(105,7,'KAB. SELUMA\n'),
(106,7,'KAB. MUKO MUKO\n'),
(107,7,'KAB. LEBONG *)\n'),
(108,7,'KAB. KEPAHIANG *)\n'),
(109,7,'KOTA BENGKULU'),
(110,8,'KAB. LAMPUNG SELATAN\n'),
(111,8,'KAB. LAMPUNG TENGAH\n'),
(112,8,'KAB. LAMPUNG UTARA\n'),
(113,8,'KAB. LAMPUNG BARAT\n'),
(114,8,'KAB. TULANG BAWANG\n'),
(115,8,'KAB. TANGGAMUS\n'),
(116,8,'KAB. LAMPUNG TIMUR\n'),
(117,8,'KAB. WAY KANAN\n'),
(118,8,'KOTA BANDAR LAMPUNG'),
(119,8,'KOTA METRO'),
(120,9,'KAB. BANGKA\n'),
(121,9,'KAB. BELITUNG\n'),
(122,9,'KAB. BANGKA SELATAN\n'),
(123,9,'KAB. BANGKA TENGAH\n'),
(124,9,'KAB. BANGKA BARAT\n'),
(125,9,'KAB. BANGKA TIMUR\n'),
(126,9,'KOTA PANGKAL PINANG'),
(127,10,'KAB. KEPULAUAN RIAU *)\n'),
(128,10,'KAB. KARIMUN\n'),
(129,10,'KAB. NATUNA\n'),
(130,10,'KAB. LINGGA *)\n'),
(131,10,'KOTA BATAM'),
(132,10,'KOTA TANJUNG PINANG'),
(133,11,'KAB.ADM.KEP.SERIBU***)\n'),
(134,11,'KODYA JAKARTA PUSAT***)'),
(135,11,'KODYA JAKARTA UTARA***)'),
(136,11,'KODYA JAKARTA BARAT***)'),
(137,11,'KODYA JAKARTA SELATAN**'),
(138,11,'KODYA JAKARTA TIMUR***)'),
(139,12,'KAB. BOGOR\n'),
(140,12,'KAB. SUKABUMI\n'),
(141,12,'KAB. CIANJUR\n'),
(142,12,'KAB. BANDUNG\n'),
(143,12,'KAB. GARUT\n'),
(144,12,'KAB. TASIKMALAYA\n'),
(145,12,'KAB. CIAMIS\n'),
(146,12,'KAB. KUNINGAN\n'),
(147,12,'KAB. CIREBON\n'),
(148,12,'KAB. MAJALENGKA\n'),
(149,12,'KAB. SUMEDANG\n'),
(150,12,'KAB. INDRAMAYU\n'),
(151,12,'KAB. SUBANG\n'),
(152,12,'KAB. PURWAKARTA\n'),
(153,12,'KAB. KARAWANG\n'),
(154,12,'KAB. BEKASI\n'),
(155,12,'KOTA BOGOR'),
(156,12,'KOTA SUKABUMI'),
(157,12,'KOTA BANDUNG'),
(158,12,'KOTA CIREBON'),
(159,12,'KOTA BEKASI'),
(160,12,'KOTA DEPOK'),
(161,12,'KOTA CIMAHI'),
(162,12,'KOTA TASIKMALAYA'),
(163,12,'KOTA BANJAR'),
(164,13,'KAB. CILACAP\n'),
(165,13,'KAB. BANYUMAS\n'),
(166,13,'KAB. PURBALINGGA\n'),
(167,13,'KAB. BANJARNEGARA\n'),
(168,13,'KAB. KEBUMEN\n'),
(169,13,'KAB. PURWOREJO\n'),
(170,13,'KAB. WONOSOBO\n'),
(171,13,'KAB. MAGELANG\n'),
(172,13,'KAB. BOYOLALI\n'),
(173,13,'KAB. KLATEN\n'),
(174,13,'KAB. SUKOHARJO\n'),
(175,13,'KAB. WONOGIRI\n'),
(176,13,'KAB. KARANGANYAR\n'),
(177,13,'KAB. SRAGEN\n'),
(178,13,'KAB. GROBOGAN\n'),
(179,13,'KAB. BLORA\n'),
(180,13,'KAB. REMBANG\n'),
(181,13,'KAB. PATI\n'),
(182,13,'KAB. KUDUS\n'),
(183,13,'KAB. JEPARA\n'),
(184,13,'KAB. DEMAK\n'),
(185,13,'KAB. SEMARANG\n'),
(186,13,'KAB. TEMANGGUNG\n'),
(187,13,'KAB. KENDAL\n'),
(188,13,'KAB. BATANG\n'),
(189,13,'KAB. PEKALONGAN\n'),
(190,13,'KAB. PEMALANG\n'),
(191,13,'KAB. TEGAL\n'),
(192,13,'KAB. BREBES\n'),
(193,13,'KOTA MAGELANG'),
(194,13,'KOTA SURAKARTA'),
(195,13,'KOTA SALATIGA'),
(196,13,'KOTA SEMARANG'),
(197,13,'KOTA PEKALONGAN'),
(198,13,'KOTA TEGAL'),
(199,14,'KAB. KULON PROGO\n'),
(200,14,'KAB. BANTUL\n'),
(201,14,'KAB. GUNUNG KIDUL\n'),
(202,14,'KAB. SLEMAN\n'),
(203,14,'KOTA YOGYAKARTA'),
(204,15,'KAB. PACITAN\n'),
(205,15,'KAB. PONOROGO\n'),
(206,15,'KAB. TRENGGALEK\n'),
(207,15,'KAB. TULUNGAGUNG\n'),
(208,15,'KAB. BLITAR\n'),
(209,15,'KAB. KEDIRI\n'),
(210,15,'KAB. MALANG\n'),
(211,15,'KAB. LUMAJANG\n'),
(212,15,'KAB. JEMBER\n'),
(213,15,'KAB. BANYUWANGI\n'),
(214,15,'KAB. BONDOWOSO\n'),
(215,15,'KAB. SITUBONDO\n'),
(216,15,'KAB. PROBOLINGGO\n'),
(217,15,'KAB. PASURUAN\n'),
(218,15,'KAB. SIDOARJO\n'),
(219,15,'KAB. MOJOKERTO\n'),
(220,15,'KAB. JOMBANG\n'),
(221,15,'KAB. NGANJUK\n'),
(222,15,'KAB. MADIUN\n'),
(223,15,'KAB. MAGETAN\n'),
(224,15,'KAB. NGAWI\n'),
(225,15,'KAB. BOJONEGORO\n'),
(226,15,'KAB. TUBAN\n'),
(227,15,'KAB. LAMONGAN\n'),
(228,15,'KAB. GRESIK\n'),
(229,15,'KAB. BANGKALAN\n'),
(230,15,'KAB. SAMPANG\n'),
(231,15,'KAB. PAMEKASAN\n'),
(232,15,'KAB. SUMENEP\n'),
(233,15,'KOTA KEDIRI'),
(234,15,'KOTA BLITAR'),
(235,15,'KOTA MALANG'),
(236,15,'KOTA PROBOLINGGO'),
(237,15,'KOTA PASURUAN'),
(238,15,'KOTA MOJOKERTO'),
(239,15,'KOTA MADIUN'),
(240,15,'KOTA SURABAYA'),
(241,15,'BATU\n'),
(242,16,'KAB. PANDEGLANG\n'),
(243,16,'KAB. LEBAK\n'),
(244,16,'KAB. TANGERANG\n'),
(245,16,'KAB. SERANG\n'),
(246,16,'KOTA TANGERANG'),
(247,16,'KOTA CILEGON'),
(248,17,'KAB. JEMBARANA\n'),
(249,17,'KAB. TABANAN\n'),
(250,17,'KAB. BADUNG\n'),
(251,17,'KAB. GIANYAR\n'),
(252,17,'KAB. KLUNGKUNG\n'),
(253,17,'KAB. BANGLI\n'),
(254,17,'KAB. KARANGASEM\n'),
(255,17,'KAB. BULELENG\n'),
(256,17,'KOTA DENPASAR'),
(257,18,'KAB. LOMBOK BARAT\n'),
(258,18,'KAB. LOMBOK TENGAH\n'),
(259,18,'KAB. LOMBOK TIMUR\n'),
(260,18,'KAB. SUMBAWA *)\n'),
(261,18,'KAB. DOMPU\n'),
(262,18,'KAB. BIMA\n'),
(263,18,'KAB. SUMBAWA BARAT*)\n'),
(264,18,'KOTA MATARAM'),
(265,18,'KOTA BIMA'),
(266,19,'KAB. KUPANG\n'),
(267,19,'KAB. TIMOR TENGAH SELAT'),
(268,19,'KAB. TIMOR TENGAH UTARA'),
(269,19,'KAB. BELU\n'),
(270,19,'KAB. ALOR\n'),
(271,19,'KAB. FLORES TIMUR\n'),
(272,19,'KAB. SIKKA\n'),
(273,19,'KAB. ENDE\n'),
(274,19,'KAB. NGADA\n'),
(275,19,'KAB. MANGGARAI\n'),
(276,19,'KAB. SUMBA TIMUR\n'),
(277,19,'KAB. SUMBA BARAT\n'),
(278,19,'KAB. LEMBATA\n'),
(279,19,'KAB. ROTE NDAO\n'),
(280,19,'KAB. MANGGARAI BARAT\n'),
(281,19,'KOTA KUPANG'),
(282,20,'KAB. SAMBAS\n'),
(283,20,'KAB. PONTIANAK\n'),
(284,20,'KAB. SANGGAU *)\n'),
(285,20,'KAB. KETAPANG\n'),
(286,20,'KAB. SINTANG *)\n'),
(287,20,'KAB. KAPUAS HULU\n'),
(288,20,'KAB. BENGKAYANG\n'),
(289,20,'KAB. LANDAK\n'),
(290,20,'KAB. MELAWI *)\n'),
(291,20,'KAB. SEKADAU *)\n'),
(292,20,'KOTA PONTIANAK'),
(293,20,'KOTA SINGKAWANG'),
(294,21,'KAB. KOTAWARINGIN B'),
(295,21,'KAB. KOTAWARINGIN T'),
(296,21,'KAB. KAPUAS\n'),
(297,21,'KAB. BARITO SELATAN\n'),
(298,21,'KAB. BARITO UTARA\n'),
(299,21,'KAB. KATINGIN\n'),
(300,21,'KAB. SERUYAN\n'),
(301,21,'KAB. SUKAMARA\n'),
(302,21,'KAB. LAMANDAU\n'),
(303,21,'KAB. GUNUNG MAS\n'),
(304,21,'KAB. PULANG PISAU\n'),
(305,21,'KAB. MURUNG RAYA\n'),
(306,21,'KAB. BARITO TIMUR\n'),
(307,21,'KOTA PALANGKARAYA'),
(308,22,'KAB. TANAH LAUT\n'),
(309,22,'KAB. KOTABARU'),
(310,22,'KAB. BANJAR\n'),
(311,22,'KAB. BARITO KUALA\n'),
(312,22,'KAB. TAPIN\n'),
(313,22,'KAB. HULU SUNGAI SELATA'),
(314,22,'KAB. HULU SUNGAI TENGAH'),
(315,22,'KAB. HULU SUNGAI UTARA\n'),
(316,22,'KAB. TABALONG\n'),
(317,22,'KAB. TANAH BAMBU\n'),
(318,22,'KAB. BALANGAN\n'),
(319,22,'KOTA BANJARMASIN'),
(320,22,'KOTA BANJARBARU'),
(321,23,'KAB. PASIR\n'),
(322,23,'KAB. KUTAI KERTANEGARA\n'),
(323,23,'KAB. BERAU\n'),
(324,23,'KAB. BULUNGAN\n'),
(325,23,'KAB. NUNUKAN\n'),
(326,23,'KAB. MALINAU\n'),
(327,23,'KAB. KUTAI BARAT\n'),
(328,23,'KAB. KUTAI TIMUR\n'),
(329,23,'KAB. PENAJAM PASER UTAR'),
(330,23,'KOTA BALIKPAPAN'),
(331,23,'KOTA SAMARINDA'),
(332,23,'KOTA TARAKAN'),
(333,23,'KOTA BONTANG'),
(334,24,'KAB. BOLAANG MANGONDOW\n'),
(335,24,'KAB. MINAHASA *)\n'),
(336,24,'KAB. KEPULAUAN SANGIHE\n'),
(337,24,'KAB. KEPULAUAN TALAUD\n'),
(338,24,'KAB. MINAHASA SELATAN\n'),
(339,24,'KAB. MINAHASA UTARA*)\n'),
(340,24,'KOTA MANADO'),
(341,24,'KOTA BITUNG'),
(342,24,'KOTA TOMOHON'),
(343,25,'KAB. BANGGAI\n'),
(344,25,'KAB. POSO *)\n'),
(345,25,'KAB. DONGGALA\n'),
(346,25,'KAB. TOLOI TOLI\n'),
(347,25,'KAB. BUOL\n'),
(348,25,'KAB. MOROWALI\n'),
(349,25,'KAB. BANGGAI KEPULAUAN\n'),
(350,25,'KAB. PARIGI MOUTONG\n'),
(351,25,'KAB. TOJO UNA UNA*)'),
(352,25,'KOTA PALU'),
(353,26,'KAB. SELAYAR'),
(354,26,'KAB. BULUKUMBA'),
(355,26,'KAB. BANTAENG'),
(356,26,'KAB. JENEPONTO.'),
(357,26,'KAB. TAKALAR'),
(358,26,'KAB. GOWA'),
(359,26,'KAB. SINJAI'),
(360,26,'KAB. BONE'),
(361,26,'KAB. MAROS'),
(362,26,'KAB. PANGKAJENE KEP.'),
(363,26,'KAB. BARRU'),
(364,26,'KAB. SOPPENG'),
(365,26,'KAB. WAJO'),
(366,26,'KAB. SIDENRENG RAPANG'),
(367,26,'KAB. PINRANG'),
(368,26,'KAB. ENREKANG'),
(369,26,'KAB. LUWU'),
(370,26,'KAB. TANA TORAJA'),
(371,26,'KAB. LUWU UTARA'),
(372,26,'KAB. LUWU TIMUR'),
(373,26,'KOTA MAKASAR'),
(374,26,'KOTA PARE PARE'),
(375,26,'KOTA PALOPO'),
(376,27,'KAB. KOLAKA*)'),
(377,27,'KAB. KONAWE'),
(378,27,'KAB. MUNA'),
(379,27,'KAB. BUTON*)'),
(380,27,'KAB. KONAWE SELATAN'),
(381,27,'KAB. BOMBANA*)'),
(382,27,'KAB. WAKATOBI*)'),
(383,27,'KAB. KOLAKA UTARA*)'),
(384,27,'KOTA KENDARI'),
(385,27,'KOTA BAU BAU'),
(386,28,'KAB. GORONTALO'),
(387,28,'KAB. BOALEMO'),
(388,28,'KAB. BONE BOLANGO'),
(389,28,'KAB. PAHUWATO'),
(390,28,'KOTA GORONTALO'),
(391,29,'KAB. MAMUJU UTARA'),
(392,29,'KAB. MAMUJU'),
(393,29,'KAB. MAMASA'),
(394,29,'KAB. POLOWALI MAMASA'),
(395,29,'KAB. MAJENE'),
(396,30,'KAB. MALUKU TENGAH *)'),
(397,30,'KAB. MALUKU TENGGARA *)'),
(398,30,'KAB. MALUKU TENGGARA BR'),
(399,30,'KAB. BURU'),
(400,30,'KAB. SERAM BAGIAN TIMUR'),
(401,30,'KAB. SERAM BAGIAN BARAT'),
(402,30,'KAB. KEPULAUAN ARU*)'),
(403,30,'KOTA AMBON'),
(404,31,'KAB. HALMAHERA BARAT'),
(405,31,'KAB. HALMAHERA TENGAH'),
(406,31,'KAB. HALMAHERA UTARA'),
(407,31,'KAB. HALMAHERA SELATAN'),
(408,31,'KAB. KEPULAUAN SULA'),
(409,31,'KAB. HALMAHERA TIMUR'),
(410,31,'KOTA TERNATE'),
(411,31,'KOTA TIDORE KEPULAU'),
(412,32,'KAB. MERAUKE'),
(413,32,'KAB. JAYAWIJAYA'),
(414,32,'KAB. JAYAPURA'),
(415,32,'KAB. NABIRE'),
(416,32,'KAB. YAPEN WAROPEN'),
(417,32,'KAB. BIAK NUMFOR*)'),
(418,32,'KAB. PUNCAK JAYA'),
(419,32,'KAB. PANIAI'),
(420,32,'KAB. MIMIKA'),
(421,32,'KAB. SARMI'),
(422,32,'KAB. KEEROM'),
(423,32,'KAB. PEGUNUNGAN BINTANG'),
(424,32,'KAB. YAHUKIMO'),
(425,32,'KAB. TOLIKARA'),
(426,32,'KAB. WAROPEN'),
(427,32,'KAB. BOVEN DIGOEL'),
(428,32,'KABUPATEN. MAPPI'),
(429,32,'KAB. ASMAT'),
(430,32,'KAB. SUPIORI*)'),
(431,32,'KOTA JAYAPURA'),
(432,32,'KAB. SORONG'),
(433,32,'KAB. MANOKWARI'),
(434,32,'KAB. FAK FAK'),
(435,32,'KAB. SORONG SELATAN'),
(436,32,'KAB. RAJA AMPAT'),
(437,32,'KAB. TELUK BENTUNI'),
(438,32,'KAB. TELUK WONDAMA'),
(439,32,'KAB. KAIMA'),
(440,32,'KOTA SORONG'),
(442,16,'Tangerang Selatan'),
(443,11,'Tangerang'),
(444,11,'Tangerang Selatan'),
(445,11,'Banten'),
(446,NULL,'Kota Jakarta Utara'),
(447,NULL,'Kota Jakarta Barat'),
(448,NULL,'Kabupaten Brebes'),
(449,NULL,'Kabupaten Tangerang'),
(450,NULL,'Kabupaten Karawang'),
(451,NULL,'Kabupaten Bogor'),
(452,NULL,'Kota Jakarta Timur'),
(453,NULL,'Kabupaten Sidoarjo'),
(454,NULL,'Kota Jakarta Pusat'),
(455,NULL,'Kota Jakarta Selatan'),
(456,NULL,'Kabupaten Bekasi'),
(457,NULL,'Kabupaten Semarang'),
(458,NULL,'Kabupaten Ende'),
(459,NULL,'Kabupaten Buleleng'),
(460,NULL,'Kota Makassar'),
(461,NULL,'Kabupaten Jayapura'),
(462,NULL,'Kabupaten Bangka'),
(463,NULL,'Kota Pekanbaru'),
(464,NULL,'Kabupaten Bandung'),
(465,NULL,'Kota Pematangsiantar'),
(466,NULL,'Kabupaten Pontianak'),
(467,NULL,'Kota Tangerang Selatan');

/*Table structure for table `data_province` */

DROP TABLE IF EXISTS `data_province`;

CREATE TABLE `data_province` (
  `IDProvince` int(11) NOT NULL AUTO_INCREMENT,
  `Name` varchar(45) DEFAULT NULL,
  `ProvinceCode` int(11) DEFAULT NULL,
  PRIMARY KEY (`IDProvince`)
) ENGINE=InnoDB AUTO_INCREMENT=38 DEFAULT CHARSET=latin1;

/*Data for the table `data_province` */

insert  into `data_province`(`IDProvince`,`Name`,`ProvinceCode`) values 
(1,'NANGGROE ACEH DARUSSALAM',1),
(2,'SUMATERA UTARA',33),
(3,'SUMATERA BARAT',31),
(4,'RIAU',25),
(5,'JAMBI',7),
(6,'SUMATERA SELATAN',27),
(7,'BENGKULU',4),
(8,'LAMPUNG',18),
(9,'KEP BANGKA BELITUNG',0),
(10,'KEP RIAU',0),
(11,'DKI JAKARTA',6),
(12,'JAWA BARAT',8),
(13,'JAWA TENGAH',9),
(14,'DI JOGJAKARTA',34),
(15,'JAWA TIMUR',10),
(16,'BANTEN',3),
(17,'BALI',2),
(18,'NUSA TENGGARA BARAT',21),
(19,'NUSA TENGGARA TIMUR',22),
(20,'KALIMANTAN BARAT',11),
(21,'KALIMANTAN TENGAH',13),
(22,'KALIMANTAN SELATAN',12),
(23,'KALIMANTAN TIMUR',14),
(24,'SULAWESI UTARA',30),
(25,'SULAWESI TENGAH',28),
(26,'SULAWESI SELATAN',27),
(27,'SULAWESI TENGGARA',29),
(28,'GORONTALO     ',5),
(29,'SULAWESI BARAT',26),
(30,'MALUKU',19),
(31,'MALUKU UTARA',20),
(32,'PAPUA',23),
(33,'PAPUA BARAT',24),
(34,'BANDUNG',0),
(35,'Jakarta',0),
(36,'Kepulauan Bangka Belitung',0),
(37,'Kepulauan Riau',0);

/*Table structure for table `division` */

DROP TABLE IF EXISTS `division`;

CREATE TABLE `division` (
  `ID` int(11) NOT NULL AUTO_INCREMENT,
  `Division` varchar(45) DEFAULT NULL,
  `Description` text,
  `MenuNavigation` varchar(200) DEFAULT NULL,
  PRIMARY KEY (`ID`)
) ENGINE=InnoDB AUTO_INCREMENT=15 DEFAULT CHARSET=latin1;

/*Data for the table `division` */

insert  into `division`(`ID`,`Division`,`Description`,`MenuNavigation`) values 
(1,'Yayasan','Yayasan',NULL),
(2,'Rectorate','Rectorate',NULL),
(3,'SPMI','Sistem Jaminan Mutu Internal',NULL),
(4,'LPM','Lembaga Pengabdian Masyarakat',NULL),
(5,'LPPM','Lembaga Penelitian dan Pengabdian Masyarakat',NULL),
(6,'Academic Service','Adak','academic'),
(7,'Institutional Reation','Kerjasama','cooperation'),
(8,'General Affair','Adum','general-affair'),
(9,'Finance','Finance','finance'),
(10,'Marketing & Admission','Marketing & Admission','admission'),
(11,'Library','Library',NULL),
(12,'IT','Information Technology','academic'),
(13,'Human Resource','HR','human-resources'),
(14,'Lecturer','Tenaga Pengajar',NULL);

/*Table structure for table `employees` */

DROP TABLE IF EXISTS `employees`;

CREATE TABLE `employees` (
  `ID` int(11) NOT NULL AUTO_INCREMENT,
  `ReligionID` int(11) DEFAULT NULL,
  `JobGradeID` int(11) DEFAULT NULL,
  `PositionMain` varchar(10) DEFAULT NULL,
  `ProdiID` int(11) DEFAULT NULL,
  `CityID` int(11) DEFAULT NULL,
  `ProvinceID` int(11) DEFAULT NULL,
  `NIP` varchar(20) DEFAULT NULL,
  `NIDN` varchar(45) DEFAULT NULL,
  `KTP` varchar(30) DEFAULT NULL,
  `Name` varchar(200) DEFAULT NULL,
  `TitleAhead` varchar(10) DEFAULT NULL,
  `TitleBehind` varchar(10) DEFAULT NULL,
  `Gender` varchar(2) DEFAULT NULL,
  `PlaceOfBirth` varchar(45) DEFAULT NULL,
  `DateOfBirth` varchar(45) DEFAULT NULL,
  `Phone` varchar(20) DEFAULT NULL,
  `HP` varchar(20) DEFAULT NULL,
  `Email` varchar(45) DEFAULT NULL,
  `EmailPU` varchar(45) DEFAULT NULL,
  `Password` varchar(255) DEFAULT NULL,
  `Address` text,
  `Photo` varchar(45) DEFAULT NULL,
  `PositionOther1` varchar(10) DEFAULT NULL,
  `PositionOther2` varchar(10) DEFAULT NULL,
  `PositionOther3` varchar(10) DEFAULT NULL,
  `StatusEmployeeID` int(11) DEFAULT NULL,
  PRIMARY KEY (`ID`)
) ENGINE=InnoDB AUTO_INCREMENT=328 DEFAULT CHARSET=latin1;

/*Data for the table `employees` */

insert  into `employees`(`ID`,`ReligionID`,`JobGradeID`,`PositionMain`,`ProdiID`,`CityID`,`ProvinceID`,`NIP`,`NIDN`,`KTP`,`Name`,`TitleAhead`,`TitleBehind`,`Gender`,`PlaceOfBirth`,`DateOfBirth`,`Phone`,`HP`,`Email`,`EmailPU`,`Password`,`Address`,`Photo`,`PositionOther1`,`PositionOther2`,`PositionOther3`,`StatusEmployeeID`) values 
(1,3,NULL,'',NULL,136,11,'1014028',NULL,'367112630671000','Yuniarwati','','SE, MM, Ak','P','Kuningan','1971-06-23','5418657',',,',',,','','4ce271887a3d19e283f7e34c7a61070051e7d5c4','									Citra Garden II Blok D2 No. 3, Jakarta Barat 11830\n																						','Yuniarwati_1.jpg',NULL,NULL,NULL,NULL),
(2,3,NULL,'',NULL,136,11,'1014052',NULL,'317302221289000','Daniel Kristian','','S.Psi','P','JAKARTA','1989-12-22','56972503',',,',',,','','e89482eb110244eb8a3339366bcfce900a3d1a02','									JL. Latumeten III Barat No. 16, Jelambar, Jakarta Barat - 11460																		','11.jpg',NULL,NULL,NULL,NULL),
(3,3,NULL,'',NULL,136,11,'2014024',NULL,'095305530385013','Sandra Dewi','','','P','JAKARTA','1985-03-13','021-5854323',',,',',,','','4dc18cc6d21f6b4e0e80d6473eb80c34159b43ec','Taman Aries Blk B2 /54 RT/RW 002/009, Kel Meruya Utara					','Sandra_Dewi_1.jpg',NULL,NULL,NULL,NULL),
(4,1,NULL,'',NULL,154,12,'2014047',NULL,'327504020175002','Andrian Supriyadi','','','L','JAKARTA','1975-02-01','820 7259',',,',',,','','726d7b98f7637e47fb65a35663c98f612c4cfd6d','Komp Mas Niaga, Jl. Barito IV Blok F/780\nrt 006/007 Jakamulya, Bekasi 17146\n','Andrian_Supriyadi.JPG',NULL,NULL,NULL,NULL),
(5,1,NULL,'',NULL,136,11,'1014026',NULL,'317307450577000','Sovie Liestiyani','','','P','','1977-05-05','',',,',',,','','9d9e51ca7b7549bbfb153089d323663fc9225eae','Kemanggisan RT 005 RW 012 Palmerah, Palmerah, Jakarta Barat\n				','Sovie_Liestiyani_1.jpg',NULL,NULL,NULL,NULL),
(6,1,NULL,'',NULL,138,11,'1014027',NULL,'','Muzahid Akbar','S.Si','M.Si','L','JAKARTA','1985-03-08','',',,',',,','','855fdea1175b5c811ce5263464fa278035772da1','Jakarta Timur														','Akbar.jpg',NULL,NULL,NULL,NULL),
(7,1,NULL,'',NULL,139,12,'1014050',NULL,'327605200774000','Rismi Juliadi','','ST., M.Si','L','JAKARTA','1974-07-20','',',,',',,','','17e09fbac36e739022e572fbad698978044c09ab','Jl. Ebony III No. 4 Perumahan Bumi Payawangan, Cileunyi, Bandung												','Rismi.jpg',NULL,NULL,NULL,NULL),
(8,1,NULL,'',NULL,195,13,'1014023',NULL,'337302660387000','Puji Rahayuningtyas','','S.Pd, MM','P','Salatiga','1987-03-26','(0298) 32786',',,',',,','','2b6635ba46107817e4ad8eda5ae181d1978d3f4e','Jl. Residen Indarjo 25A, Rt 01 RW 005 Gendongan Timur - Salatiga							','Puji_Rahayuningtyas_1.jpg',NULL,NULL,NULL,NULL),
(9,3,NULL,'',NULL,136,11,'1014034',NULL,'317305260445000','Muljono','Prof. Dr','','L','Jember','1945-04-26','',',,',',,','','53a039611682a2d8d30adc0e44c06f96a772d24c','												Jl. Duri Mas II/V-470, rt/rw 005/012, Duri Kepa											','Muljono.jpg',NULL,NULL,NULL,NULL),
(10,1,NULL,'',NULL,138,11,'1014043',NULL,'317510230295000','Ferdia Ramadhan','','','L','','1995-02-23','',',,',',,','','2cfa1def2f73b5d2c3c85257d4f3039207c70cfd','Lubang Buaya rt/rw 001/010, Cipayung, Jakarta Timur								','Ferdia_Ramadhan1.jpg',NULL,NULL,NULL,NULL),
(11,1,NULL,'',NULL,133,11,'2014010',NULL,'317304140389000','Maria Sari Dewi','','SE, M.Sc','P','Serang','2014-07-18','',',,',',,','','4e94a13f9dc9e4c9035460231408e69634e1c44e','						Jl. Delima Raya GV No. 12, Tanjung Duren\nJakarta 11470				','Maria.jpg',NULL,NULL,NULL,NULL),
(12,1,NULL,'',NULL,133,11,'2014008',NULL,'317304140389000','Yusuf Gunawan','','','L','Jakarta','1989-03-14','',',,',',,','','ec7d267461537e78a2428df72e3fed10ecd684a7','Jl. Samarasa I RT 008 RW 005 Angke, Tambora						','Yusuf.jpg',NULL,NULL,NULL,NULL),
(13,4,NULL,'',NULL,133,11,'2014025',NULL,'367113680790000','Kristen Salomina Metekohy','','','P','Jakarta','1990-07-28','',',,',',,','','b39955b3d4fa35f213e114df29d00875ef39e900','Jl. Kedaung III No. 27 RT 003 RW 002, Larangan Indah, Larangan, Tangerang								','Kristen.jpg',NULL,NULL,NULL,NULL),
(14,1,NULL,'',NULL,244,16,'2014049',NULL,'367109610490000','Anindya Sekar','','','P','','1990-04-21','',',,',',,','','da6d6c826222bd6cf1c937e96814225abed1103d','			Jl. Hayam wuruk no.14 RT/RW : 007/007 cibodas karawaci tangerang									','sekar.jpg',NULL,NULL,NULL,NULL),
(15,4,NULL,'',NULL,135,11,'2014018',NULL,'317206581074000','Minar Theodora','','','P','Jakarta','1974-10-18','',',,',',,','','b293317b6db472e6f578306523dc5754d8577d9d','Jl. Pulo Gadung RT 004 RW 005, Pegangsaan Dua, Kelapa Gading				','Theodora.jpg',NULL,NULL,NULL,NULL),
(16,3,NULL,'',NULL,138,11,'1014035',NULL,'317503040466001','Wahyu Indriyo','','','L','Banjarmasin','1966-04-04','',',,',',,','','f501f0c61663640134008620acf4299e66c3979b','Jl. Mustika no. 11 rt 004/011, Bidara Cina\nJatinegara - Jakarta Timur 13330\n				','12111.jpg',NULL,NULL,NULL,NULL),
(17,4,NULL,'',NULL,135,11,'2014009',NULL,'317205201188000','Ridwan Chijaya','','','L','Jakarta','1988-11-20','',',,',',,','','33f40013861414648f724ec8deb1b9ad1361458a','Jl. Budi Mulya Raya RT 015/ RW 011 Pademangan Barat, Jakarta Utara								','Ridwan.jpg',NULL,NULL,NULL,NULL),
(18,4,NULL,'',NULL,135,11,'2014011',NULL,'317202120988000','William Darius','','','L','Pontianak','1988-09-12','',',,',',,','','2760446595344a0292e432eb9c8c796a68d34f74','Jl. Bisma 22 Blok C 7 No. 12A RT 012 RW 009 Papanggo, Tanjung Priok							','William.jpg',NULL,NULL,NULL,NULL),
(19,1,NULL,'',NULL,135,11,'2014015',NULL,'317201251288001','Jimmy','','','L','Medan','1988-12-25','',',,',',,','','f3d967fdd4b5972d799f0c1577889036d0fda80b','Teluk Gong GG. W No. 37 RT 007 RW 017 Pejagalan, Penjaringan, Jakarta Utara						','Jimmy.jpg',NULL,NULL,NULL,NULL),
(20,6,NULL,'',NULL,136,11,'2014006',NULL,'317305531030100','Vienna Chandra','','','P','Lahat','1990-10-13','',',,',',,','','6816387ef9d50b8fe50a9d435c727dfc21ed232c','Jl. Mangga 24 Blok F/140 A RT 010 RW 004 Duri Kepa, Kebon Jeruk										','Vienna.jpg',NULL,NULL,NULL,NULL),
(21,1,NULL,'',NULL,138,11,'2014007',NULL,'317507570585000','Meity Indah Wurdini','','','P','Jakarta','1985-05-17','',',,',',,','','02088eeace78f19c268d1b581809729ceef65b2b','Blok Duku RT 011 RW 010 Cibubur, Ciracas, Jakarta Timur						','Meiti.jpg',NULL,NULL,NULL,NULL),
(22,4,NULL,'',NULL,135,11,'2014004',NULL,'317206630191000','Giovanni Jana','','','P','Jakarta','1991-01-23','',',,',',,','','269ef90717d7560fd9ee4652d878d8dc8305a00b','Jl. Klp. Puan Timur IV NC-4/ 14 RT 004 RW 012 Pegangsaan Dua, Kelapa Gading								','Giovanni.jpg',NULL,NULL,NULL,NULL),
(23,6,NULL,'',NULL,77,5,'2014019',NULL,'157107520591002','Angela Setyani Yulia','','','P','Jambi','1991-05-12','',',,',',,','','3b172c459ad55cea35544f0e8189b481ad843fd0','Jl. Sunan Giri No. 67 RT 005, Simpang Tiga Sipin, Kota Baru, Jambi						','Angel.jpg',NULL,NULL,NULL,NULL),
(24,3,NULL,'',NULL,444,11,'2014022',NULL,'340216680387000','Pinta Cahyaningsih','','','P','Yogyakarta','1987-03-28','',',,',',,','','81d12d5f9b15ae7f3af263f88012e33613ee3e5c','Perum. The Green Park Blok A No. 9								','Pinta.jpg',NULL,NULL,NULL,NULL),
(25,3,NULL,'',NULL,135,11,'2014074',NULL,'197104101092000','Okky Kumala','','','L','Tanjung Pinang','1992-10-10','',',,',',,','','bd4039067277086df739656cdec99192741e5c85','															Jl. Ampera 5 no. 24A, Jakarta Utara																										','Okky1.jpg',NULL,NULL,NULL,NULL),
(26,3,NULL,'',NULL,136,11,'1014072',NULL,'327402160582000','Christian Tanuwijaya','Psikolog','M.Psi','L','Cirebon','1982-05-16','',',,',',,','','a07c232590dd0f9fe11d522041f2715f7d67d54e','																					Mediterania Garden Residence 2, Tower Flamboyan, lt. 16 F/G																															','1014072.jpg',NULL,NULL,NULL,NULL),
(27,3,NULL,'',NULL,134,11,'1014073',NULL,'327506040682001','Junius Wijaya','','','L','Jakarta','1982-06-04','08121234567',',,',',,','','03883c4d3293a7a6be82c658e7ec10123ac91b8c','						Jl. Mangga Besar 13A / 36\nJakarta Pusat						','1014073.JPG',NULL,NULL,NULL,NULL),
(28,6,NULL,'',NULL,164,13,'2014060',NULL,'337603121291000','Ananda Wondo','','','L','','1991-12-12','',',,',',,','','1b0272860f078154a23acff7058c61ba0c00eb95','Jl. AR. Hakim No. 120, rt/rw 001/008, Randugunting\nTegal Selatan				','Ananda.jpg',NULL,NULL,NULL,NULL),
(29,3,NULL,'',NULL,133,11,'2014061',NULL,'317302560392000','Marcella Rahardja','','','P','','1992-03-16','(021) 5688 2',',,',',,','','5ab1158ff65b0c55ac63b01e4b37ad01d945943c','Jl. Dukuh Barat I/16, rt/rw 008/007\nTanjung Duren Utara, Grogol Petamburan					','Marcella.jpg',NULL,NULL,NULL,NULL),
(30,3,NULL,'',NULL,136,11,'2014070',NULL,'317305590589000','Thea Merilla Widjaja','','','P','','1989-05-19','566 9037',',,',',,','','03867c4748f03e52a00ba034ae036748f0450516','												','',NULL,NULL,NULL,NULL),
(31,3,NULL,'',NULL,133,11,'2014020',NULL,'340407251288000','Andreas Whisnu','','','L','','1988-12-25','',',,',',,','','5205aa0a4ce27e8eca29a4c3b9d5147fe37cd833','							','Andreas.jpg',NULL,NULL,NULL,NULL),
(32,1,NULL,'',NULL,133,11,'2014069',NULL,'360317610386000','Putri Megawati Suhendi','','','P','','1986-03-21','',',,',',,','','4924056430e78a19e121eb42c987836bdc7d44d1','							','Putri.jpg',NULL,NULL,NULL,NULL),
(33,1,NULL,'',NULL,133,11,'1014059',NULL,'327601550878001','Sri Sulastri','','','P','','1978-08-15','(021) 777 39',',,',',,','','8a74efd6f6441c6cd5fe7a989305c0de5fca406e','							','Sri_Sulastri_1.jpg',NULL,NULL,NULL,NULL),
(34,3,NULL,'',NULL,139,12,'1014056',NULL,'327605670280001','Mayuma Sri Supriani','','','P','Jakarta','1980-02-27','',',,',',,','','e71efcc0251dc8969cfc7e4c32dfaf0f676f375f','			\"Jl. Gede Raya 166, rt/rw 001/009\nAbadijaya, Sukmajaya, Depok II Timur - 16417\"\n		','Mayuma_Sri_Supriani.jpg',NULL,NULL,NULL,NULL),
(35,3,NULL,'',NULL,133,11,'1014057',NULL,'317103060266000','J. Budhi Susetiyo','Ir','','L','Jakarta','1966-02-06','',',,',',,','','63d35a2db52709085a2e0c6e5030a575449a72dd','					Jl. Cempaka Baru IX / 54 rt/rw 005/007\nCempaka Baru, Kemayoran\"\n		','JBS.jpg',NULL,NULL,NULL,NULL),
(36,4,NULL,'',NULL,136,11,'1014071',NULL,'317308510990000','Dian Putri Rahardjo','','','P','Jakarta','1990-09-11','',',,',',,','','6dc10ae849d55f92f75eb128474bc777030cee5f','							\"Kav DKI Kembangan, Jakarta Barat\"					','1014071.jpg',NULL,NULL,NULL,NULL),
(37,1,NULL,'',NULL,138,11,'1014075',NULL,'317510431290000','Priska Martha Wijaya','','','P','Jakarta','1990-12-03','',',,',',,','','106d302089805cffcba5074151199cd0c9475a08','										Jl. Palem Kartika VII No. 15, rt/rw 010/003, Bambu Apus, Cipayung																	','Priska_Martha2.jpg',NULL,NULL,NULL,NULL),
(38,3,NULL,'',NULL,133,11,'1014076',NULL,'','Anastasia Wirdaningsih','','','P','Jakarta','1984-02-05','',',,',',,','','5108ab6d26c0c1db5f77267290617dc7be60b601','							','Anastasia_Wirdaningsih.JPG',NULL,NULL,NULL,NULL),
(39,3,NULL,'',NULL,136,11,'2014077',NULL,'617105301289000','Fendi','','','L','Pontianak','1989-12-30','',',,','fendi@podomorouniversity.com,,','','3b591c44969cbbb0bd14680b2c2ca3a0c570fa5a','Jl. Meranti No. 78, rt/rw 006/009, Darat Sekip, Pontianak Kota	','2014077.jpg',NULL,NULL,NULL,NULL),
(40,3,NULL,'',NULL,136,11,'2014078',NULL,'337204481076002','Lenywati','','','P','Surakarta','0000-00-00','',',,',',,','','c97d3a2d71ad57723d47a8935da0dd041826780e','																						','12.jpg',NULL,NULL,NULL,NULL),
(41,3,NULL,'',NULL,138,11,'1014079',NULL,'317506090474002','Irwan Budi Tarwanto','','','L','Yogyakarta','1974-04-09','',',,',',,','','69c5ae14c5f0d569843d07326f582713b6163c1e','Pulo Gebang Permai Blok B7 No. 1, rt/rw 004/010, Cakung				','1014079.jpg',NULL,NULL,NULL,NULL),
(42,1,NULL,'',NULL,134,11,'1014081',NULL,'317402250394000','Anggi Agista','','','L','Jakarta','1994-03-25','','0856 9172 1998,,',',,','','921bb82b4f518485e9bbfa8ce57ff45e3a43d376','		','1014081.jpg',NULL,NULL,NULL,NULL),
(43,6,NULL,'',NULL,136,11,'2014082',NULL,'317303160983000','Victor Lemena','','','L','Jakarta','1983-09-16','',',,',',,','','b7052753e46f46ca5c2afbe9cddd76bd4ab499d8','Jl. Kemenangan III, Gg. 6, rt/rw 012/003, Glodok, Taman Sari				','Victor.jpg',NULL,NULL,NULL,NULL),
(44,3,NULL,'',NULL,136,11,'1015085',NULL,'317307580784000','Silvia Wisnugroho','','','P','Jakarta','1984-07-18','','08999 711 888,,',',silviawisnugroho@gmail.com,','','6f1e5fe43067ecda324ce40e009cd2c410befae3','Jl. Anggrek Rosliana V No. 21\nSlipi, Jakarta Barat 11480','1015085.jpg',NULL,NULL,NULL,NULL),
(45,4,NULL,'',NULL,136,11,'2015086',NULL,'','Angela Nathania Wijaya','','','P','Padang','0000-00-00','',',,',',,','','c54fc97917af4885ecd85a32f9a28656f675ac13','Jl. Taman Daan Mogot No. 4\n11470					','2015086.jpg',NULL,NULL,NULL,NULL),
(46,4,NULL,'',NULL,135,11,'2015003',NULL,' ','Tungki Halim','','','L','Jakarta','0000-00-00','',',,',',,','','8ad65cacf0f7ff8d53cb9831b43b1b26105256b7','									Sunter						','download.png',NULL,NULL,NULL,NULL),
(47,4,NULL,'',NULL,138,11,'2015007',NULL,'320130510786000','Marlina T J Siahaan','','','P','Sidikalang','1986-07-11','',',,','marlina.siahaan@podomorouniversity.com,,','','be27220b7bd33dba902874a37ea584f6c845983a','Jl. Cipinang Muara III No. 79\nrt/rw 017/004, Duren Sawit - Jakarta Timur		','2015007.jpg',NULL,NULL,NULL,NULL),
(48,4,NULL,'',NULL,137,11,'2015011',NULL,'','Yenli Mei Rut Pasaribu','','','P','','0000-00-00','',',,',',,','','bb6278bc8784a855a509bd4d02fef909991c3c2b','																																','Yenli_Mei_Rut_Pasaribu1.jpg',NULL,NULL,NULL,NULL),
(49,1,NULL,'',NULL,157,12,'1115018',NULL,'327319510387000','Mirna Astari','','','P','Cimahi','1987-03-11','',',,',',,','','a50cd27a0e678c9758add12d6f68c1657d485753','			Jl. Jawa No. 24 rt/rw 002/001\nMerdeka, Sumur Bandung, Bandung			','Mirna_3.jpg',NULL,NULL,NULL,NULL),
(50,1,NULL,'',NULL,136,11,'2015019',NULL,'317307480281000','Tria Febrita Aquarini','','','P','Jakarta','1981-02-08','',',,',',,','','83c8792d607e102367450908f76734d9496be2c4','				Jl. Palmerah Utara I, rt/rw 002/016, Palmerah			','2015019.jpg',NULL,NULL,NULL,NULL),
(51,6,NULL,'',NULL,135,11,'1015020',NULL,'127101190687000','Victor Kosim','','S.Kom','L','Medan','1987-06-19','',',,',',,','','ae74942917a029e90c0a63305de21cdbb7d437ff','									Jl. teluk gong no 15	Jakarta Utara																									','1015020.jpg',NULL,NULL,NULL,NULL),
(52,1,NULL,'',NULL,134,11,'3115021',NULL,'317105550570000','Retno Aji Yustiningsih','','','P','Prabumulih','1970-05-15','',',,',',,','','d9c700b97fe8038773c32b8851cccae9f7832764','																		Cempaka Putih Barat XIII Blok G/5 rt003,rw012 kel cempaka putih barat, kec cempaka putih														','Retno_Aji_Yustiningsih4.jpg',NULL,NULL,NULL,NULL),
(53,1,NULL,'',NULL,137,11,'1015022',NULL,'327501651062000','Santi Palupi Ariyanti','Dr','','P','Semarang','1962-10-25','',',,',',,','','6fa7c95959050de8b4e2be311f65f2edd7492120','											Jl. Pembangunan Tengah No 2 /rt 004/rw012 kel bintaro kec pessanggrahan						','1015022.jpg',NULL,NULL,NULL,NULL),
(54,4,NULL,'',NULL,136,11,'1015023',NULL,'','Yenny','','','P','Sintang','1991-05-08','',',,',',,','','67396702f0886457df3ceb42b672b9c5a4ddd244','																	Jl. Mahat Khasan Gatot Subroto/ rt 035/rw002 kel kuripan kec banjarmasin timur															','Yenny4.jpg',NULL,NULL,NULL,NULL),
(55,6,NULL,'',NULL,136,11,'2015028',NULL,'317304551290000','Cicilia','','S.I.Kom.','P','Jakarta','1990-12-15','021-63867880','08170987818,,','cicilia@podomorouniversity.com,cicilia.kjj@gm','','9a25e8e8278897037483ffe62e0d9ef49cc20a7b','Jalan Jembatan Besi Jaya no. 19b Kompleks Kebon Sayur, Jakarta Barat	','20150281.jpg',NULL,NULL,NULL,NULL),
(56,6,NULL,'',NULL,136,11,'201409004',NULL,'','Willys','','','L','Jakarta','1991-07-10','',',,',',,','','9ee6ae2d6c3242d48fbe2a2915098960fb5f50b9','									Jl. Kapuk Raya  Rt/Rw 012/002 Kel Kapuk Kec Cengkareng Jakarta Barat													','Willys3.jpg',NULL,NULL,NULL,NULL),
(57,1,NULL,'',NULL,135,11,'1015033',NULL,'317202700787000','Siti Inayah','','','P','Jakarta','1987-07-30','(021)4390080',',,',',,','','d29251afdd5e5c1862f41fcc50718a62e4c78eed','																	Jl. Lurus Gg II No. 8 RT/RW 008/006 Kel Kebun Bawang , Kec Tg. Priok Jakarta Utara 14320										','Siti_Inayah_2.jpg',NULL,NULL,NULL,NULL),
(58,4,NULL,'',NULL,133,11,'2015015',NULL,'317 5014 2078 3','Berliana Irawaty','','','P','Medan','1983-07-02','',',,',',,','','55e6f4c5bdcba1a3132f8eb1e32ef6d1b145673b','				Jl. Nanas I Gg. Asem Kranji No.20\nrt/rw 004/004, Utan Kayu Selatan, Matraman			','2015015.JPG',NULL,NULL,NULL,NULL),
(59,4,NULL,'',NULL,136,11,'2015036',NULL,'317302061192000','Andreas Hadi','','','L','Jakarta','1992-11-06','021-5631349',',,',',,','','b56b828f5f8687d70841ca315b146fa7cbf00a5e','				Jln Tg Duren Brt V/52 RT/RW 016/006 Kel Tanjung duren utara, kec Grogol Petamburan			','Andreas3.jpg',NULL,NULL,NULL,NULL),
(60,4,NULL,'',NULL,135,11,'2015037',NULL,'317205171186000','Douwes Lasmana','','S.SI (Hons','L','Jakarta','1986-11-17','021 6471 374',',,',',,','','6a4cee5d3ca3455efdae6ef8c716009e9e85a4f3','							','2015037.jpg',NULL,NULL,NULL,NULL),
(61,1,NULL,'',NULL,134,11,'2015038',NULL,'332002150180000','Herman Suseno','','','L','Lampung Barat','1980-01-15','',',,',',,','','2b93f759d79ee2e6d66ce95ec65b22159b4c34f0','									Karangrandu RT/RW 003/005 Kel Karangrandu Kec Pecangaan							','Herman3.jpg',NULL,NULL,NULL,NULL),
(62,6,NULL,'',NULL,136,11,'2015039',NULL,'317305421293000','Monica Deana Samaun','','','P','Jakarta','1993-12-02','021-5658740','08176733919,,','monica.daena@podomorouniversity.com,,','','c0ad82637202e0bd7f03ed589c23c03d3244369d','Pesing Koneng Kav.27-A No.1 RT/RW 001/001 Kel Kedoya Utara Kec Kebon Jeruk	','2015039.jpg',NULL,NULL,NULL,NULL),
(63,3,NULL,'',NULL,136,11,'2015040',NULL,'317306250392000','Trisno Kuswardi','','','L','Tangerang','1992-03-25','021-5415596','089608616550,,','trisno.kuswardi@podomorouniversity.com,,','','56b85e142fb4c9ab2716dddd0454265c5c6089e8','		','2015040.jpg',NULL,NULL,NULL,NULL),
(64,1,NULL,'',NULL,139,12,'1015042',NULL,'317206610589000','Nadira Nunki Nur Fitriana','','M.Si.','P','Surabaya','1989-05-21','',',,',',,','','4671a5422f302088cb54fdd381300824b2d67196','							','1015042.jpg',NULL,NULL,NULL,NULL),
(65,1,NULL,'',NULL,138,11,'1015044',NULL,'317508690993000','Novianah Dwi Pratiwi','','','P','Jakarta','1993-09-29','0218098492',',,',',,','','755fed165b9696958fa885983aa42e92e22740f3','			Kampung Baru II RT/RW 001/006 Kel Halim perdana Kusumah Kec. Makasar		','1015044.jpg',NULL,NULL,NULL,NULL),
(66,1,NULL,'',NULL,190,13,'1015045',NULL,'332705200291000','Teddy Veffritama','','S.I.P','L','Pemalang','1991-02-20','',',,',',,','','0c6cb1ce0f0a76682086d553f6cb9294d3c9f946','			Muncung RT/RW 019/003 Kec Bodeh, Kel Muncang jawa tengah				','1015045.jpg',NULL,NULL,NULL,NULL),
(67,1,NULL,'',NULL,443,11,'2015063',NULL,'360328091093001','Dicky Muhammad','','','L','Tanjung Enim','1993-10-09','',',,',',,','','f01ad6d92735c93fe48589c1356ce1c53a6b5a5e','			Dasana Indah Blok RK 2/11A RT/RW 009/015 Kel. Bojong Nangka Kec. Kelapa Dua Tangerang		','2015063.jpg',NULL,NULL,NULL,NULL),
(68,1,NULL,'',NULL,444,11,'1015066',NULL,'367402540388000','Nadila Anggraeny Setiabudiarto','','','P','Jakarta','1988-03-14','02198566552','089652545508,,','nadila.setiabudiarto@podomorouniversity.com,,','','096fa311226ec29a0dd543fe2b419ee5d7a39ee6','Jl. Fedora 3 J 5/9 Cluster Fedora Graha Raya Bintaro RT/RW 003/015 Kel. Paku Jaya Kec. Serpong Utara		','1015066.jpg',NULL,NULL,NULL,NULL),
(69,1,NULL,'',NULL,136,11,'2015068',NULL,'317307140791000','Diki Wijaya','','S.Kom','L','Jakarta','1991-07-14','',',,',',,','','164487009f12f8e007c024b9d779ab8a15818a18','			Jl. H. Syahdan Gg H. Senin No. 60A RT/RW 006/012 Kel Palmerah Kec. Palmerah Jakarta Barat				','2015068.jpg',NULL,NULL,NULL,NULL),
(70,1,NULL,'',NULL,0,34,'1015070',NULL,'327301700388000','Dara Myrna Pusparani Sofwan','','','P','Bandung','1988-03-30','',',,',',,','','464dd5f7eb5a5c06d129e9462239345a47e62dac','			Jl. Sariasih Blok 3 No. 39 RT/RW 006/009 Kel Sarijadi Kec. Sukasari				','1015070.jpg',NULL,NULL,NULL,NULL),
(71,4,NULL,'',NULL,134,11,'2015072',NULL,'','Fickle Firland','','','L','Jakarta','1988-02-19','0216493690','081908242411,,','fickle.firland@podomorouniversity.com,fickl3_','','5a82c4db2997dfcc8ec0584dd943e71e9288341c','Jl. Tanah Sereal 6 No. 3/8C, RT/RW 003/013 Kel. Tanah Sereal Jakarta Pusat, 11210		','2015072.jpg',NULL,NULL,NULL,NULL),
(72,3,NULL,'',NULL,154,12,'2015073',NULL,'320102440487100','Sanny Hiu','','','L','Serukam','1987-04-04','',',,',',,','','6a3dc484ca1ee14b7d3aa25a587c455d50573820','	Jl. Taman Harapan Baru Blok F 3 No. 28 RT/RW 008/022 Kel. Pejuang Kec. Medan Satria Kota Bekasi						','2015073.JPG',NULL,NULL,NULL,NULL),
(73,1,NULL,'',NULL,133,11,'1015076',NULL,'','Laode Arahman Nasir','','','L','','0000-00-00','',',,',',,','','bae1a081e9bb75b22c6528e206c4a4269d3d8bac','							','Laode_Arahman_Nasir2.jpg',NULL,NULL,NULL,NULL),
(74,1,NULL,'',NULL,139,12,'2015082',NULL,'320112210191000','Rahmatullah','','S.Kom','L','Tangerang','1991-01-21','',',,',',,','','e708cc33a0dfcb3154396887c47442d7a6dd3fe6','Kp. Pondok Udik RT/RW 002/003 Kel. Pondok Udik Kec. Kemang Bogor				','2015082.jpg',NULL,NULL,NULL,NULL),
(75,1,NULL,'',NULL,135,11,'2016003',NULL,'317201130989000','Davis Vindra Djawahir','','SE','L','Jakarta','1989-09-13','',',,',',,','','61ada2750737ea3a7d831de7e7facfd9acf910be','						Jl. Pluit Dalam RT/RW 015/008 Kel. Penjaringan Kec. Penjaringan Jakarta Utara					','2016003.jpg',NULL,NULL,NULL,NULL),
(76,1,NULL,'',NULL,443,11,'1016004',NULL,'367106680884000','Mulyati','','S.Ikom','P','Tangerang','1984-08-28','',',,',',,','','5026de8fa5532ed969230f8c5d50f643253d6c74','						Gg. Sawo RT/RW 001/002 Kel. Tajur Kec. Ciledug Tangerang					','1016004.jpg',NULL,NULL,NULL,NULL),
(77,3,NULL,'',NULL,135,11,'1016001',NULL,'317201120455000','Johannes S. Prajitno','','M.Sc.','L','Pekalongan ','1955-04-12','',',,',',,','','ecced806829b32132b8ae140b731e8f82937b106','									Jl. Muara Karang Blok C.6.U/3 RT/RW 004/008 Kel. Pluit Kec. Penjaringan								','SPrajitno.jpg',NULL,NULL,NULL,NULL),
(78,1,NULL,'',NULL,444,11,'1016006',NULL,'367404071086000','Heru Syamsurizal','','','L','Tangerang','1986-10-07','','0856 198 6689,,','heru.syamsurizal@podomorouniversity.com,,','','daf264a6e6ba11a92cf17d5da0d9b168f3a899ab','Ciledug Barat RT/RW 006/001 Kel. Benda Baru Kec. Pamulang Tangerang Selatan		','1016006.jpg',NULL,NULL,NULL,NULL),
(79,1,NULL,'',NULL,445,11,'2016008',NULL,'360328260779000','Anom Bayu Romadian Seto','','S.Kom','L','Jakarta','1979-07-26','','0818759525,,','anom.bayu@podomorouniversity.com,anombayu26@g','','c14fa32a6043aa96f4bfcddc001b623f2f82f6df','Jl. Fluorite Barat I No.2 Cluster Fluorite RT/RW 001/019 Kel. Pakulonan Barat Kec. Kelapa Dua Tangerang','2016008.jpg',NULL,NULL,NULL,NULL),
(80,1,NULL,'',NULL,137,11,'9913001',NULL,'317402220463000','Serian Wijatno','','','L','Medan','1963-04-22','',',,',',,','','25da6d0be7a2aaa5bfd80bfa23313f1b9cf50e25','			Apt Taman Rasuna U. 09-30 G RT/RW 002/010 Kel. Menteng Kec, Setiabudi			','9913001.jpg',NULL,NULL,NULL,NULL),
(81,4,NULL,'',NULL,156,12,'2015077',NULL,'170219070491000','Erwin Sinurat','','','L','Curup','1991-04-07','','085267851049,,','erwin.sinurat@podomorouniversity.com,,','','2f483d3a2126e18ebbf45bccbf4ac2a4d9bff64e','Jl. Klara Payung Barat Blok AI1 F.2 No.9 RT/RW 004/003 Desa Margasari. Kec. Tigaraksa Kab Tangerang Prov Banten		','2015077.jpg',NULL,NULL,NULL,NULL),
(82,3,NULL,'',NULL,445,11,'1016010',NULL,'360328500385000','Sunny','','','P','Pontianak','1985-03-10','',',,',',,','','3eb0fd1667f68a6c1d1292fa4f6932f28ae5442f','			Perumahan Les Belles Maison Kav. D12 Jl. Raya Serpong , Tangerang				','1016010.jpg',NULL,NULL,NULL,NULL),
(83,1,NULL,'',NULL,246,16,'1016011',NULL,'367113150192000','Rifa\'ih','','ST','L','Jakarta','1992-01-15','','083898057102,,','rifaih@podomorouniversity.com,,','','adc0afb925536702aabdcf4def2a49c639778d3d','Jl. Komp. BNI III No. 31 RT/RW 001/003 Kec Larangan Kel. Larangan Selatan 		','1016011.jpg',NULL,NULL,NULL,NULL),
(84,6,NULL,'',NULL,246,16,'2016019',NULL,'367104240785000','Junaidy','','S.Kom','L','Medan','1985-07-24','',',,',',,','','48eaf19d7ded50002b86aa2fde851f422ce11f38','			Komp Duta Gardenia B7/26 RT?RW 008/008 Kel. Jurumudi Baru Kec. Benda				','2016019.jpg',NULL,NULL,NULL,NULL),
(85,4,NULL,'',NULL,134,11,'2016020',NULL,'317107450674000','Prima Putri Roulina','','','P','Jakarta','1974-06-05','0215739859','08128057374,,','prima.putri@podomorouniversity.com,,','','58b8a5c233b6452d14de961c9749b7b9125fa8d9','Jl. Danau Limboto RT/RW 020/004 Kel. Bendungan Hilir Kec. Tanah Abang		','2016020.jpg',NULL,NULL,NULL,NULL),
(86,6,NULL,'',NULL,135,11,'1016021',NULL,'317202480381000','Lady Diana','','','P','Bandung','1981-03-08','0214524636','08161633782,,','lady.diana@podomorouniversity.com,lady.fung@g','','b700b744044ec71e27225001ba21465ebd560133','Jl. Kelapa Molek VI Y2 No. 11 Kelapa Gading Jakarta Utara		','1016021.jpg',NULL,NULL,NULL,NULL),
(87,3,NULL,'',NULL,136,11,'1016022',NULL,'317302511287000','Lidya Dessyana','','','P','Jakarta','1987-12-11','0215687823',',,',',,','','43f731c7d1b6de1d5d954d01f7fb2eeb8ac6b3c8','			Gg Menteng I No. 38 Tanjung Duren Jakarta Barat				','1016022.jpg',NULL,NULL,NULL,NULL),
(88,1,NULL,'',NULL,157,12,'2016023',NULL,'','Candra Gunawan','','','L','Bandung','1990-01-23','0225947429',',,',',,','','b7cc5798f2c2dfde36e12753ab201a64d575a09d','Jl. Patrol IV No. 30 RT/RW 010/008 Kel. Baleendah, Kec. Baleendah						','Candra_(3).jpg',NULL,NULL,NULL,NULL),
(89,6,NULL,'',NULL,244,16,'1016024',NULL,'177107561291000','Herlia Eka Saputri','','','P','Bengkulu','1991-12-16','','081283079955,,','herlia.eka@podomorouniversity.com,,','','069c9e1e83aae18fb475279c79f4f99dd0eb8c72','Jl. Cluster Dalton Blok DLT / 03 RT/RW 002/009 Kel. Curug Sangereng Kec. Kelapa Dua		','1016024.jpg',NULL,NULL,NULL,NULL),
(90,6,NULL,'',NULL,244,16,'2016024',NULL,'360328200491000','An Li','','','L','Tangerang','1991-04-20','',',,',',,','','17b255fcec107dcfeb17b6638dd5f558acfb2d21','			Dasana Indah TA. 6/28 RT/RW 009/021 Kel. Bojong Nangka Kec. Kelapa Dua			','2016024.jpg',NULL,NULL,NULL,NULL),
(91,1,NULL,'',NULL,135,11,'1016029',NULL,'317202170883003','Eris Setiawan','','','L','Cilacap','1983-08-17','',',,',',,','','adcbab38c90ebfe5a6b2066e4542ee69190bbc20','																		Kp Muara Bahari RT/RW 003/014 Kel. Tanjung Priok Kec. Tanjung Priok													','1016029.jpg',NULL,NULL,NULL,NULL),
(92,6,NULL,'',NULL,136,11,'1016033',NULL,'317304211191000','Fendy Kurniawan Tambun','','S.E','L','Jakarta','1991-11-21','02129335985',',,',',,','','389cce729637b6e203f53b2aaff363ae294effe6','						Jl. Jelambar Madya Barat IV Kav. Polri Blok A19 No 451						','capture-20170614-114415.jpg',NULL,NULL,NULL,NULL),
(93,4,NULL,'',NULL,135,11,' 1116038',NULL,' 31720621115700','Chow Stephen Chandra','','','L','Tarakan','1957-11-21','',',,',',,','','69ed86ccdc0468873ac3da33b363ad519b030a13','						Jalan Janur Indah X LB 10/14 RT 006/RW 018 \nKelapa Gading				','_1116038.JPG',NULL,NULL,NULL,NULL),
(94,4,NULL,'',NULL,152,12,'2016035',NULL,' ','Felix Kelly','','','L','Jakarta','0000-00-00','','','','','815c122521dd3e29f35abea8907da75fdffd331a','','IMG_1409.JPG',NULL,NULL,NULL,NULL),
(95,4,NULL,'',NULL,136,11,'1016054',NULL,'317308550989000','Amelia Kenina','','','P','Jakarta','1989-09-15','',',,',',,','','fdfabb8cad42bc07e84fb502635d10be86e5f0b7','						Kp. Sanggrahan RT 002/RW 006				','Amelia.JPG',NULL,NULL,NULL,NULL),
(96,6,NULL,'',NULL,136,11,'2016054',NULL,'317302231293000','Deny Santoso','','','L','Jakarta','1993-12-23','',',,',',,','','caf2d8ef24d30dff79a87023eaa9e08b1aeb3110','			Kav. Polri blok D-II no. 943		','Deny_Santoso.JPG',NULL,NULL,NULL,NULL),
(97,3,NULL,'',NULL,135,11,'1016055',NULL,'317201570995000','Jessica','','','P','Jakarta','1995-09-17','','085714534512,,','jessica@podomorouniversity.ac.id,,','','4c36892f1fa1f2a30a57dfc7bb9b1623b587e27c','Pluit Selatan Raya no. 6 RT 017/RW 006','1016055.JPG',NULL,NULL,NULL,NULL),
(98,1,NULL,'',NULL,136,11,'1016056',NULL,'317302221278001','Mujahidin','','','L','Jakarta','1978-12-22','','0813147581778,,','mujahidin@podomorouniversity,com,,','','fd6df90e14b136b44b9709d430d580cda3f6a98d','Tanjung Duren Timur I RT 013/RW 001','1016056.JPG',NULL,NULL,NULL,NULL),
(99,1,NULL,'',NULL,137,11,'1016060',NULL,'317405600688000','Richa Deswita','','S.E.','P','Surakarta','1988-06-20','',',,',',,','','beba0159ca60698e6c6d4e7366524a9bd009945b','						Jalan H. Amsar RT 004/RW 005						','1016060.JPG',NULL,NULL,NULL,NULL),
(100,1,NULL,'',NULL,443,11,'1016061',NULL,'367104410390000','Rizki Amelia','','S.Pd., M.P','P','Tangerang','1990-04-05','',',,',',,','','bf1ba45387648b3cf099526a72fcba2343363c7e','						Jalan Halim Perdanakusuma RT 003/RW 002				','rizki.JPG',NULL,NULL,NULL,NULL),
(101,1,NULL,'',NULL,175,13,'2016064',NULL,'331217170991000','Sarwanto','','','L','Wonogiri','1991-09-17','',',,',',,','','84757514edebc91ae46af72a312d9104f95d864b','			Nadi RT 003/RW 003 \nKel. Talesan\nKec. Purwantoro		','SARWANTO.JPG',NULL,NULL,NULL,NULL),
(102,6,NULL,'',NULL,136,11,'2016063',NULL,'317304100191000','Edi Ermawan','','','L','Jakarta','1991-01-10','',',,',',,','','11ca222e63a970fa1d034614cd430e8492e9279e','			Jalan Sawah Lio IV no. 40 A RT 015/RW 006			','EDI.JPG',NULL,NULL,NULL,NULL),
(103,3,NULL,'',NULL,0,34,'2016062',NULL,'327506290593000','Gerdy Gunawan','','','L','Bandung ','0000-00-00','','087881428049,,','gerdy.gunawan@podomorouniversity.com,,','','e6d9c211ce24ca128e20462b2911b4cb69c36bc4','Jalan Anggrek XII Kota Harapan Indah Blok PQ No. 9','2016062.JPG',NULL,NULL,NULL,NULL),
(104,4,NULL,'12.13',NULL,27,2,'2016065',NULL,'120605441188000','Novita Riani Br Ginting','','','P','Tiga Panah','1988-11-04','',',,',',,','novita.riani@podomorouniversity.ac.id','413c0569a0ec7ea38db718f039a3f1d382767745','												','2016065.JPG',NULL,NULL,NULL,NULL),
(105,3,NULL,'',NULL,40,2,'2016067',NULL,'127103030688000','Klaudius Raymond Natio','','','L','Jakarta','1988-06-03','',',,',',,','','3a850e4628f39a7ad07ebecdc1e382bfa6689aa9','			Jalan Karya Luhur I LK IX No. 20 | Dwi Kora, Kec. Medan Helvetia				','raymond.JPG',NULL,NULL,NULL,NULL),
(106,1,NULL,'',NULL,340,24,'1016068',NULL,'717104501290000','Dewi Destilani','','S.Kom.','P','Manado','1990-12-10','',',,',',,','','fca12432e8650788ae23045ef20cd991771775b9','									Poltangan, Pasar Minggu\nJakarta Selatan 								','Dewi_Destilani.JPG',NULL,NULL,NULL,NULL),
(107,1,NULL,'',NULL,134,11,'1016069',NULL,'317507421091000','Sarah Ayu Mutia','','S.Hum.','P','Jakarta','1991-10-02','',',,',',,','','665e436a621b32e3dc94cb7f98da90e0d34b1512','			Jalan Petamburan 7 No. 26\nJakarta Pusat				','1016069.JPG',NULL,NULL,NULL,NULL),
(108,1,NULL,'',NULL,0,34,'2016070',NULL,'3273126701920','Ratna Dina','','','P','Bandung','1992-01-27','',',,',',,','','478e4b6cee487b683baa8b42db6bae16e957c66c','							','Ratna_Dina.JPG',NULL,NULL,NULL,NULL),
(109,1,NULL,'',NULL,136,11,'2016039',NULL,'3173026111890','Rufiana Hidayati','','','P','Sragen','1991-11-21','',',,',',,','','34ec0e301d88e632a31b06332ea9a257e7aedd0f','						Jl. Utama Sakti IX No. 76 RT/RW 009/007 Kel. Wijaya Kusuma Kec. Grogol Petamburan				','Rufi.JPG',NULL,NULL,NULL,NULL),
(110,6,NULL,'',NULL,136,11,'2016071',NULL,'1271014501940004','Ayu Anggreni','','S.E.','P','Medan','1994-01-05','',',,',',,','','3673cc494ef341067d30e0b69474c6bbab8fea6d','			Jalan Alpukat 2 No. 7				','Ayu.JPG',NULL,NULL,NULL,NULL),
(111,1,NULL,'',NULL,244,16,'1016072',NULL,'','Ika Prasetya Oktora','','S.H.','P','Jakarta','1989-10-01','',',,',',,','','73539444e27c4f00b81e205f939a88331d1457d9','						Jalan Ternate V No. 2 Perumnas 3				','Ika.JPG',NULL,NULL,NULL,NULL),
(112,1,NULL,'',NULL,159,12,'3117019',NULL,'3275044906830031','Yanti Puspita','','S.ST.Par.','P','Jakarta','1983-06-09','',',,',',,','','e77318e4f6c447097b3e69c116e8cc2f343d689d','						Jl. Damar IX Blok D No. 18\nPekayon Jaya, Bekasi Selatan 						','YANTI.JPG',NULL,NULL,NULL,NULL),
(113,1,NULL,'',NULL,159,12,'2017027',NULL,'3275044301920005','Siti Farah Fadillah','','S.E.','P','Jakarta','1992-01-03','8208039',',,',',,','','70d405f49ccc0e20942e9fe1eccc5f1af4901e66','						Jalan Sadewa V C/327				','Siti_Farah_Fadillah.JPG',NULL,NULL,NULL,NULL),
(114,4,NULL,'',NULL,222,15,'1017035',NULL,'3577017005920003','Mayga Ayu Ananda','','S.Pd.','P','Madiun','1992-05-30','',',,',',,','','aa9a6280bcbe141dad1a2a3ae998812614587e8d','															Jl. Berlian Raya No. 1-A\nTugu Bekasi\nBekasi Timur												','Mayga.JPG',NULL,NULL,NULL,NULL),
(115,1,NULL,'',NULL,185,13,'1017043',NULL,'3322054307920001','Kurnia Sholihah','','S.Hum, M.I','P','Kab. Semarang','0000-00-00','',',,',',,','','27869260a200ebe46c253ebd84dee4ae7770a5cc','						Jl. Diponegoro 82 RT 07						','Kurnia_(1).JPG',NULL,NULL,NULL,NULL),
(116,3,NULL,'',NULL,197,13,'2017044',NULL,'3375031609910004','Christian','','S.Kom., M.','L','Pekalongan ','1991-09-16','',',,',',,','','c91dea498e46612ee9fed61b8ee2318e1f3bcda6','			Jl. Manunggal No. 4 \nRT 004/ RW 001 \nKrator Lor / Pekalongan Utara 												','Christian.JPG',NULL,NULL,NULL,NULL),
(117,1,NULL,'',NULL,103,7,'1017047',NULL,'1703072109910003','Imron Rozi','','S.Pd.','L','Desa Kali','1990-09-21','',',,',',,','','5c25d6683fa1779202ee3ced033d0cd84b737f76','			Pondok Ungu Permai Blok NN-7 No. 8 RT 001/ RW 026		','IMRON_ROZI.JPG',NULL,NULL,NULL,NULL),
(118,4,NULL,'',NULL,133,11,'2017050',NULL,'1903014910900006','Oktalisa','','S.E.','P','Toboali','1990-10-09','',',,',',,','','8ad7fa1db6d055e828f98e4f06468793285a0ec1','			Jalan Susilo 2 No. 306\nGrogol / Grogol Petamburan \nJakarta Barat 			','Oktalisa.JPG',NULL,NULL,NULL,NULL),
(119,4,NULL,'',NULL,134,11,'2017052',NULL,'','Ika Novita Tambunan','','S.I.Kom.','P','Jakarta','1985-11-04','',',,',',,','','634320189ae461d88939eea6dce3a959fe28c961','						Jalan Permata Berlian Blok Q-19\nGrogol Utara, Kec. Kebayoran Lama\n				','Ika_Novita.JPG',NULL,NULL,NULL,NULL),
(120,1,NULL,'',NULL,133,11,'1017053',NULL,'3215182702960001','Zaenudin','','S.T.','L','Karawang','1996-02-27','',',,',',,','','067665427ffb1d33b304acf6d327a260f23127af','									Dusun Krajan I RT 005/ RW 003\nSukamerta, Kec. Rawamerta\nKarawang								','Zaenudin.jpg',NULL,NULL,NULL,NULL),
(121,4,NULL,'',NULL,33,2,'2017054',NULL,'1212014712890001','Merry K. Sinaga','','S.E.','P','Bandung','0000-00-00','-',',,',',,','','2e6fea4d9ae330d82646e3a035a504b810d3f878','			Jl. Dr. TB. Silalahi		','Merry_Sinaga.JPG',NULL,NULL,NULL,NULL),
(122,1,NULL,'',NULL,147,12,'1017049',NULL,'3209194108930011','Erlina','','S.Si.','P','Cirebon','1993-08-01','',',,',',,','','4965815e46622c9d3775b03cd48321db52982737','																	','Erlina.JPG',NULL,NULL,NULL,NULL),
(123,1,NULL,'',NULL,137,11,'1017064',NULL,'3174046904870002','Nina Pertiwi','','','P','Jakarta ','1987-04-29','',',,',',,','','12daa79d600de3d6eb6fbd5715134fce02d7a686','							','np.jpg',NULL,NULL,NULL,NULL),
(124,1,NULL,'',NULL,136,11,'1017063',NULL,'3173027105910003','Nita Fauziah','','S.Psi. ','P','Jakarta','1991-05-31','',',,',',,','','3105fe6ee5ae7e00eca7aa186b334cc57ebf794d','												Jl. Tanjung Duren Timur Raya No. 5 RT 003/RW 005								','nita.JPG',NULL,NULL,NULL,NULL),
(125,1,NULL,'',NULL,137,11,'2017065',NULL,'3174054203910001','Tarra Crustinia','','S.E. ','P','Jakarta ','1991-03-02','',',,',',,','','6133ddfd4c1d8c9bfb68c76c027180b3632fc9d1','			Jl. Simprug Atas RT 008/RW 008\nJakarta Selatan 		','tarra.jpg',NULL,NULL,NULL,NULL),
(126,1,NULL,'',NULL,246,16,'1017068',NULL,'1306150404930002','Anggi Yuwirham','','','L','Joho','1993-04-04','',',,',',,','','649cba3bf55b148d15851e3f03e0f3bc04def0da','			Jalan Proklamasi Gang Mesjid No. 20 RT 04/RW 09\nCimone, Tangerang		','anggi.JPG',NULL,NULL,NULL,NULL),
(127,4,NULL,'',NULL,137,11,'2017081',NULL,'3174106701860001','Yenni Ruth Wardani','','S.E.','P','Pematangsiantar','1986-01-27','',',,',',,','','d6b82dd3c99c87f85db56fc3291282e1a8eddde1','			Jl. Belimbing No. 15-B \nRT 001/RW 004 \nPesanggrahan				','YENNI.JPG',NULL,NULL,NULL,NULL),
(128,1,NULL,'12.13',NULL,191,13,'2017090',NULL,'3328090901940001','Nandang Mulyadi','','S.Kom.','L','Tegal ','1994-01-09','',',,',',,','nandang.mulyadi@podomorouniversity.ac.id','40013c4b7f603ffdacb0d33b8601eac8f2a2505c','			Bogares Kidul RT 008/RW 002 				','Nandang_Mulyadi.JPG',NULL,NULL,NULL,NULL),
(129,1,NULL,'',NULL,160,12,'1017089',NULL,'3276065303860003','Dina Mairani','','','P','Jakarta','1986-05-13','',',,',',,','','4701532f04f9ef0a91e3682dadeda6a9aa588c53','			Beji Permai Blok F-15 RT 001/RW 013				','Dina_Mairani.JPG',NULL,NULL,NULL,NULL),
(130,4,NULL,'',NULL,134,11,'2017086',NULL,'6471040504890001','Aryanto Ruben Surbakti','','S.Hum.','L','Balikpapan','1989-04-15','',',,',',,','','2ceb4c3caca56bc6bbba4c7f7db173d511ab7c76','						Jl. Letjen S. Parman No. 30 RT 030/RW 000					','ARYANTO_RUBEN_SURBAKTI.JPG',NULL,NULL,NULL,NULL),
(131,1,NULL,'',NULL,133,11,'2017091',NULL,'891112230074 SIM','Yoshua Liberty Samudra','','B.Sc. ','L','Jakarta','1989-11-30','',',,',',,','','1115552c4d344771f7663ad75572605db4fa1d29','			Jl. Anggrek XI C. 55 / 09 BCL RT 14/ RW 09						','Yoshua.JPG',NULL,NULL,NULL,NULL),
(132,4,NULL,'',NULL,135,11,'2017093',NULL,'3172020701940008','David Gunawan','','S.E.','L','Jakarta','0000-00-00','',',,',',,','','b79fff193c57a84f3b1bfe11ecd4950d1d548209','			Jl. Danau Indah Selatan Blok B-6 No. 5		','David_Gunawan.JPG',NULL,NULL,NULL,NULL),
(133,3,NULL,'',NULL,160,12,'1017094',NULL,'3726056202950007','Rosanna Felda','','S.I.Kom.','P','Depok','1995-02-22','',',,',',,','','7f0c73371848fcd83e7914d0d814efcf77cf7551','			Kp. Bendungan RT 002/RW 002		','Rosanna_Felda.JPG',NULL,NULL,NULL,NULL),
(134,1,NULL,'',NULL,181,13,'1017095',NULL,'3318020211900002','Junaedi','','S.Ars.','L','Pati','1990-11-02','',',,',',,','','68f2d5d12732f4f24a390b9fdd49f6b86a96db08','			Jimbaran		','Junaedi.JPG',NULL,NULL,NULL,NULL),
(135,1,NULL,'',NULL,160,12,'2017097',NULL,'3276035103910001','Sari Anjani','','','P','Sukabumi','1991-03-11','',',,',',,','','43a75345a1e297ed9dd1499242eaaf157b15402b','			Kp. Pondok RT 003/ RW 003		','2017097.jpg',NULL,NULL,NULL,NULL),
(136,3,NULL,'',NULL,246,16,'2017102',NULL,'3671057012930004','Delvina Claurincia Mukiat','','','P','Jakarta','1993-12-30','',',,',',,','','be582197532c31d2c0029e86534e19a08f91573a','			Poris Indah Blok E No. 209 RT 003/ RW 005		','2017102.JPG',NULL,NULL,NULL,NULL),
(137,1,NULL,'',NULL,246,16,'1017103',NULL,'3671116710880004','Husnah Ulfiya','','','P','Jakarta','1988-10-27','','085945830020,,','husnah.ulfiya@podomorouniversity.ac.id,,','','cd2e020ae3cc53900a2f3c6ad320d9a17889a14b','Komplek Taman Pinang Indah Jl. Teratai Blok G N','1017103.JPG',NULL,NULL,NULL,NULL),
(138,1,NULL,'12.11',NULL,160,12,'2017101',NULL,'3276033107730004','Faried Irmansyah','','','L','Jayapura','1973-07-31','','0817 911 6616,,','faried.irmansyah@podomorouniversity.ac.id,,','faried.irmansyah@podomorouniversity.ac.id','2d10ffe2b0434213b3cc86130bac05df6e7a9b82','Perumahan D\'Area Permata No. D-5','2017101.jpg',NULL,NULL,NULL,NULL),
(139,1,NULL,'',NULL,246,16,'1017104',NULL,'3671054508870005','Ridha Rahmatia','','','P','Surabaya','1987-08-05','','085780931503,,','ridha.rahmatia@podomorouniversity.ac.id,,','','8914a87311e7d6f205699023e2a96bf26d95cb8c','Poris Indah Blok G 13 No. 26','1017104.JPG',NULL,NULL,NULL,NULL),
(140,6,NULL,'',NULL,153,12,'2017105',NULL,'3215012003950005','Ryan Heryanto','','S.E.','L','Karawang','1995-03-20','','087784325278,,','ryan.heryanto@podomorouniversity.ac.id,,','','f1987ec90374423bdcb6043a02833336def12104','Jl. Tuparev 207','2017105.JPG',NULL,NULL,NULL,NULL),
(141,1,NULL,'',NULL,136,11,'1017106',NULL,'1905053005910001','Riko','','S.IP.','L','Tempilang','1991-05-30','','087881527517,,','riko@podomorouniversity.ac.id,,','','207140c667641f679af1e075c2872bd3d057b3bf','Green Mansion GP2/11','1017106.JPG',NULL,NULL,NULL,NULL),
(142,4,NULL,'',NULL,137,11,'2017110',NULL,'3174055805930011','Casie Angela Thanos','','S.E.','P','Jakarta','0000-00-00','',',,',',,','','096e630d42b18793045bff8b02f7ad1cc3201c62','			Jalan Simprug Golf II No. 65		','2017110.JPG',NULL,NULL,NULL,NULL),
(143,4,NULL,'',NULL,442,16,'2017109',NULL,'','Iwan Setiawan Dani','','','L','Cirebon ','1969-05-28','',',,',',,','','208292db3c0e63e4c52015561744ec87223124f7','			Pamulang Villa Blok DD-2 No. 17		','2017109.JPG',NULL,NULL,NULL,NULL),
(144,1,NULL,'',NULL,137,11,'2017114',NULL,'3174051211930002','Irfan Firdaus','','S.Kom.','L','Jakarta','1993-11-12','',',,',',,','','0a5b639782400298e16957db974098471a45b0d6','			Jalan KP. Baru III\nPesanggrahan, Jakarta Selatan				','2017114.JPG',NULL,NULL,NULL,NULL),
(145,3,NULL,'',NULL,133,11,'1017115',NULL,'1671114207900003','Dewi Mentari','','S.P.','P','Palembang','1990-07-02','','081905039677,,','dewi.mentari@podomorouniversity.ac.id,,','','8949601d9b51b43fe6ec1a511c341d943360b283','Taman Ratu Indah Blok EE2 No. 6','1017115.JPG',NULL,NULL,NULL,NULL),
(146,1,NULL,'',NULL,133,11,'1017116',NULL,'3276026608920006','Anjar Widyastuti','','S.S.','P','Jakarta ','1992-08-26','',',,',',,','','e515244be15ba9226c3b1354aea93ee8182f97d3','							','anjar.JPG',NULL,NULL,NULL,NULL),
(147,1,NULL,'',NULL,0,34,'2017108',NULL,'327318050191000','Bayu Andrianto','','S.Sn.','L','Bandung','1991-01-05','','087824190006,,','bayu.andrianto@podomorouniversity.ac.id,,','','293cb906a8220381372e58b821556e84fc47b010','Paras Cigadung M.7		','2017108.JPG',NULL,NULL,NULL,NULL),
(148,1,NULL,'12.13',NULL,48,3,'2018018',NULL,'1302100704910002','Alhadi Rahman','','S.Kom.','L','Pariaman','1991-04-07','',',,',',,','alhadi.rahman@podomorouniversity.ac.id','0722cec0d786a60223fe120e32e101af2fd2b012','			Pebatungan Jorong Kajai, Solok, Sumater Barat 		','2018018.jpg',NULL,NULL,NULL,NULL),
(149,7,NULL,'',NULL,135,11,'1018020',NULL,'3172041407950002','Yoga Wibisono','','S.T.','L','Jakarta','1995-07-14','','089505233398,,','	yoga.wibisono@podomorouniversity.ac.id,,','','c2d6e90d71077391432f42f49858b5ec640f4c78','Jl. BIma K 7/5 RT/RW 005/007','1018020.jpg',NULL,NULL,NULL,NULL),
(150,1,NULL,'',NULL,118,8,'1018021',NULL,'1871027011930001','Avia Rista Handini Putri','','S.E.','P','Kota Gajah','1993-11-30','','08568563415,,',',,','','f2b0bbdc2fedd5b4ea65ee632a1169526ff979b2','Jl. P. Legundi Gg. Afdol No. 3A LK III','1018021.JPG',NULL,NULL,NULL,NULL),
(151,1,NULL,'14.7',3,248,17,'1214044','326107401','317404661074001','Safrida Rumondang Parulian','Dr.','S.E., Ak.,','P','Jakarta','0000-00-00','77820224','081510301333,,','safrida.rumondang@podomorouniversity.com,idat',NULL,'14e24a66044734e676e772efd4317004fe02fe51','																		Perum Pesona Khayangan 5 Blok V no. 1																									','Safrida_Rumondang_Parulian.jpg',NULL,NULL,NULL,4),
(152,3,NULL,'14.5',3,136,11,'2114002','311106602','317301111066000','Sani Heryanto','','S.T., M.Sc','L','Tanjung Pinang','1966-10-11','6221 5437517','6281386972998,,','sani.heryanto@podomorouniversity.com,sanikuo@',NULL,'dde5480b9b768649bfd62a48963532a9dd26ef6b','						Apartemen Semanan Indah, Tower Alamanda #8/8, Jl. Darma Kencana A2, Perumahan Taman Semanan Indah, Duri Kosambi, Cengkareng, Jakarta Barat																						','SANI_3_EDITED11.jpg',NULL,NULL,NULL,3),
(153,1,NULL,'14.5',13,137,11,'3114016','322128005','317405621280000','Dea Prasetyawati','','M.M','P','Malang','1980-12-22','','081311377043,0822600','dea.wibowo@podomorouniversity.com,deaprasetya',NULL,'2d2eeb4e771a65defdf474fbf0418e9802e9601f','									Jl. Alam Segar VI/22 RT 005 RW 016 Pondok Pinang, Kebayoran Lama, Jakarta Selatan							','Dea_Prasetyawati.jpg',NULL,NULL,NULL,3),
(154,4,NULL,'14.7',6,164,13,'1114005','610107801','337302101078000','Jony Oktavian Haryanto','Dr.','S.E., M.M.','L','Semarang','1978-10-10','591131','0813 2511 7878,,',',jonyharyanto@yahoo.com,',NULL,'f6dfbd6087c8389a227c0de744a25dd36b9fa315','															Jl. Brigjend. Sudiarto No. 49 Ambarawa, Jawa Tengah										','Jony_Oktavian_Haryanto.jpg',NULL,NULL,NULL,4),
(155,1,NULL,'14.7',4,136,11,'2214036','320098603','157102200986014','Seng Hansen','','S.T., M.Sc','L','Jambi','1986-09-20','','087883496227,,',',hansen_zinck@yahoo.co.id,',NULL,'6e1a8736c2fc9752dde0bf2227353598865d3149','																				','Seng_Hansen.jpg',NULL,NULL,NULL,3),
(156,1,NULL,'14.7',6,136,11,'1114013','1114013','317401250783000','Ardiansyah','','S.Kom., M.','L','Jakarta','0000-00-00','0218299583','08567808979,,','ardiansyah@podomorouniversity.com,ardi_jkt83@',NULL,'86b4fbfc2e275354b75425efbae147c7314035c3','									Jl. Barkah 11 B RT 007 RW 004 Manggarai Selatan, Tebet, Jakarta Selatan								','Ardiansyah.jpg',NULL,NULL,NULL,4),
(157,3,NULL,'14.7',6,136,11,'1114053','1114053','317407100666000','Socrates Rudy Sirait','','Ph.D','L','Jakarta','1966-06-10','',',yokorusi@yahoo.com,',',,',NULL,'767a391a360269e9ace39deb1ae43190950e06ba','			Jl. Tulodong Bawah C-1, rt/rw 002/001, Senayan, Kebayoran Baru		','Rudy.jpg',NULL,NULL,NULL,4),
(158,4,NULL,'14.7',13,139,12,'3114014','319118402','320105191184000','Michael Yadisaputra','','M.Par., CG','L','Jakarta','1984-11-19','','081807778084,,','michael.yadisaputra@podomorouniversity.com,mi',NULL,'487866333b681d9e03204ff50c2c3f5cefe1bedb','															Jl. Taman Legian I No. 83 Sentul City RT 001 RW 007 Sumurbatu, Babakan Madang, Bogor											','Michael_Yadisaputra.png',NULL,NULL,NULL,3),
(159,1,NULL,'14.7',13,137,11,'3114037','316068107','317404560681001','Nuri Wulandari','Dr.','','P','Jakarta','1981-06-16','7828128','0811964741,,',',nuri.hermawan@gmail.com,',NULL,'1d528788dd99cc6607c61fde78418bfb1556ad35','																		Jl. AUP Barat I no. 62 Jatipadang												','Nuri_Wulandari.jpg',NULL,NULL,NULL,4),
(160,1,NULL,'14.7',13,133,11,'3114038','3114038','123','Edvi Gracia Ardani','','M. Par','P','','1972-05-08','','0818687915,,','edvi.gracia@podomorouniversity.com,edvi.graci',NULL,'f0554bf1cde6b39f14ada6b2ef5536052127811b','			Essence Dharmawangsa, Jl. Dharmawangsa X/86, Jakarta Selatan		','Edvi_Gracia_Ardani1.jpg',NULL,NULL,NULL,3),
(161,1,NULL,'14.7',3,137,11,'2114041','324058305','317403240583000','Abimantra Pradhana','','S.T., MAUD','L','Jakarta','1983-05-24','7199182','081806624865,,',',abimantra.pradhana@gmail.com,',NULL,'e564118f246f017bdd4427a69c11ae270edc9025','						Kondominium Kintamani D/6/6								','Abimantra_Pradhana11.jpg',NULL,NULL,NULL,3),
(162,1,NULL,'14.7',3,157,12,'2114033','2114033','111','Adli Nadia','','S.T., M.T','L','Jakarta','1982-05-22','7364534','081513301666,,',',adlinadia@gmail.com,',NULL,'7dc0fa0d21e34ddde7f4e72862bd7307a1d6de3a','Jl. Jurang no. 40, rt/rw 005/007, Pasteur, Sukajadi','Adli_Nadia.jpg',NULL,NULL,NULL,3),
(163,4,NULL,'14.7',3,136,11,'2114042','323088304','317307630883000','Melissa Kania','','S.T., M.T','P','Jakarta','1983-08-23','5667591','08129602935,,',',mel_kania@yahoo.com,',NULL,'5c6adf57698ab1c19a4d7668bdaeb4a75f99c549','			Jl. Aster no. 19, Tomang, rt/rw 015/001, Jatipulo, Palmerah		','Melissa_Kania.jpg',NULL,NULL,NULL,3),
(164,1,NULL,'14.7',3,133,11,'2114045','324037504','317406240375001','Doni Fireza','','S.T., M.T','L','Jakarta','1975-03-24','','0818791924,,',',donifireza@gmail.com,',NULL,'8bd04213ffc3acd3b1e96bd4c813866eabe434dd','												\"Cendana Residence H7 no. 2, Pondok Banda								','Doni_Fireza.jpg',NULL,NULL,NULL,3),
(165,1,NULL,'14.7',3,244,16,'2114040','324058305','317404630372000','Yaseri Dahlia Apritasari','','S.T., M.T','P','Ujung Pandang','1972-03-23','50554489','081385736090,,',',ydapritasari@yahoo.com,','yaseri.apritasari@podomorouniversity.ac.id','f68a8f2399e1dc00810d65f78cee2d7d045ed83d','						Jl. Jati Murni no. 15, rt/rw 008/002, Jati Padang, Pasar Minggu				','Yaseri_Dahlia_Apritasari.jpg',NULL,NULL,NULL,3),
(166,4,NULL,'14.7',6,136,11,'1114058','1114058','10140001111','Aaron Christian Anderson','','','L','California','1981-11-28','','081284393194,,',',,',NULL,'217e7916a5628323dcfd11c4c0736a8b7bb94a62','																																										','Aaron_C._Anderson_1_.jpg',NULL,NULL,NULL,4),
(167,1,NULL,'14.7',6,137,11,'1114055','304058701','327302040587000','Adhi Setyo Santoso','','S.T., M.B.','L','','1987-05-04','','0857 5913 5453,,','adhi.santoso@podomorouniversity.ac.id,adhi.se',NULL,'85a07b2872ef8a96e2947abd78de2947fcc56979','						\"Jl. Prapanca Raya No. 12, Kebayoran Baru\nJakarta Selatan - 12169																					','Adhi_Setyo_Santoso.png',NULL,NULL,NULL,4),
(168,1,NULL,'14.7',13,138,11,'3115061','3114064','0000000000000','Anwar Basalamah','','B.B.S., M.','L','Jakarta','1973-12-03','','0817 015 0406,,',',basalamah.a@gmail.com,',NULL,'b7cd47b8b14707ada1cf880dd4f4b09b7d0e3c38','																																							Jl. Swadaya Raya No. 18, Duren Sawit																												','Anwarr_Basalamah.JPG',NULL,NULL,NULL,3),
(169,1,NULL,'14.7',13,137,11,'3114065','3114065','317405150583002','Muhammad Rizki','','S.ST.Par.,','L','Jakarta','1983-05-15','','0818414420,,','muh.rizki83@gmail.com,,',NULL,'aa910331e5ad931d60033b84265fd07a5b508097','Jl. Tepekong I no. 2, Kebayoran Lama, Jakarta Selatan 12220	','',NULL,NULL,NULL,4),
(170,1,NULL,'14.7',13,133,11,'3114039','3114039','317410040973000','Anton Harianto','','M.M','L','','1973-09-04','',',,',',anton.harianto@yahoo.com,',NULL,'5c1725e3f3e59f1a21af2a6f925631bdf0dcd8af','							','Anton1.jpg',NULL,NULL,NULL,3),
(171,1,NULL,'14.7',4,136,11,'2214066','2214066','112233445566778','Achmad Maliki','Ir','ME','L','Pamekasan','1955-08-18','5326537','0811554549,,',',achmaliki@yahoo.com,',NULL,'d3430a8bc7564fcf561d5fbe91c0a245dab84f41','Jl. Belibis Terusan no. 52, rt/rw 009/003, Komp. PU-DPA, Palmerah, Jakarta Barat 11480					','',NULL,NULL,NULL,4),
(172,1,NULL,'14.7',4,242,16,'2214067','2214067','12345678910','Ermiziar Tarmizi','Dra','M.Si','P','Pangkal Pinang','1956-06-20','','0816 1815 302,,',',ermitarmizi@gmail.com,uph_ermi@yahoo.com',NULL,'7e799617283d7b88cbb5bccf1eabf927b47e73c3','									Graha Raya Bintaro, Eldora 1 Blok H5/38, Tangerang Selatan										','Ermiziar_Tarmizi_4.jpg',NULL,NULL,NULL,4),
(173,4,NULL,'14.7',6,133,11,'1114080','710088502','317000253456788','Liza Agustina Maureen Nelloh','','S.E., M.M.','P','Jakarta','1985-08-10','','082393559449,0896524','liza.nelloh@podomorouniversity.com,lizanelloh',NULL,'e2e648c9a5421725a6a034393dcca457f5ed5a16','			Jl. Dosen No. 98, Talete II Kota Tomohon Tengah, Sulawesi Tengah, 95362							','Liza_Nelloh3.jpg',NULL,NULL,NULL,3),
(174,1,NULL,'14.7',4,134,11,'2215084','317068404','331008170684000','Purnomo','','S.T., M.Sc','L','Klaten','1984-06-17','','0813 1980 9217,,','purnomo@podomorouniversity.ac.id,purnomo@me.c',NULL,'703791ede559452cec9d87bd96b0ef3d06bfdf12','																		Rusun Karet Tengsin Baru Blok C304, Tanah Abang\n												','Purnomo.jpg',NULL,NULL,NULL,4),
(175,4,NULL,'14.7',7,134,11,'1214012','28016203','095005280162027','Helson Siagian','','Ph.D','L','Medan','1962-01-28','','0811 146 2195,,','helson.siagian@podomorouniversity.ac.id,siagi',NULL,'d612992ed940329cea9d0470a95414f96d2386b7','									Jl. Cempaka Putih TimurXIII no. 7, Jakarta 10510						','Helson.jpg',NULL,NULL,NULL,4),
(176,4,NULL,'14.7',7,136,11,'1214031','2147483647','317304090269000','Gunawan Ruslim','','M.M., C.F.','L','Pontianak','1969-02-09','','0813 8307 7077,0812 ','gunawan.ruslim@podomorouniversity.ac.id,gunaw',NULL,'6d64f767d4d125ddeb93abf11ec230c25a08b455','									Citragran Blok J7 no. 8, Cluster Rosewood\nJl. Alternatif Cibubur, Bekasi 17435						','Gunawan_Ruslim_1.jpg',NULL,NULL,NULL,4),
(177,4,NULL,'14.7',7,445,11,'1214054','326038101','147112260381000','Andrey Hasiholan Pulungan','','M.Com., Ak','L','Pekanbaru','1981-03-26','','0813 1910 3260,,','andrey.pulungan@podomorouniversity.ac.id,andr',NULL,'d512819459a17ac25a77872b77bea93ddf3dea9b','												Jl. Embun Pagi II No. 10, rt/rw 001/004\nLimbungan Baru, Rumbai Pesisir									','Andrey_Hasiholan.jpg',NULL,NULL,NULL,4),
(178,1,NULL,'14.7',6,137,11,'1114048','304026601','367404440266000','Risa Bhinekawati','','SE,MBA,MIP','P','Pontianak','1966-02-04','','0812 9341 3701,,','risa.bhinekawati@podomorouniversity.ac.id,ris',NULL,'5ddee77c27815360bc680a775a0d86b19866c199','																		Unit 3109 Patria Park Apartment\nJl. Dr. Panjaitan 5-7, Jakarta 13340												','Risa_Bhinekawati.jpg',NULL,NULL,NULL,3),
(179,4,NULL,'14.7',4,138,11,'2214029','318076703','317507180767000','Lukas Beladi Sihombing','Ir.','M.T','L','Tarutung','1967-07-18','8641634','0855 8210 858,0855 8','lukas.sihombing@podomorouniversity.ac.id,luka',NULL,'49f287609ebde336cc144479bbeac62dc75dbe39','						Pondok Kelapa\n					','0318076703.jpg',NULL,NULL,NULL,4),
(180,4,NULL,'14.7',4,442,16,'2215008','303106601','12345678911','Ika Bali','Prof. Ir. ','M.Eng., Ph','L','Muara Enim','1966-10-03','',',,',',,',NULL,'08c1e691afde3f5ddb7994c93e0f2c03b1ae86e3','																	','Ika_Bali1.jpg',NULL,NULL,NULL,4),
(181,1,NULL,'14.7',4,0,34,'2215009','2215009','321702041053000','R. Andjar Prasetyo','','S.T., M.T.','L','Solo','1953-10-04','',',,',',,',NULL,'aaf461d8ceefe1f80ba791a1291b94271a55a07f','							','',NULL,NULL,NULL,4),
(182,1,NULL,'14.7',4,136,11,'2215010','2215010','1231231231','Hary Agus Rahardjo','Ir.','MBA, MSc. ','L','','1959-08-30','','082125644345,,',',haryagus30@yahoo.co.id,',NULL,'5a51af5ad9c3194602a10026f392396cec1f1b22','																	','hag.jpg',NULL,NULL,NULL,4),
(183,1,NULL,'14.7',6,136,11,'1115002','311067602','11221122341','Andy Laver','','M.B.A.','L','','1976-06-11','',',,','andy.laver@gmail.com,,',NULL,'e2de17c3c022f2bf6b52a15ce36dc246f593630b','												','',NULL,NULL,NULL,4),
(184,6,NULL,'14.7',13,136,11,'3116015','0','317304180487000','Billy Tanius','','SST.Par.','L','Medan','1987-04-18','021567647','08119112226,,','taniusbilly87@ymail.com,billy.tanius@podomoro',NULL,'205d894a794487c79477e957dc319fbbf5d9dac2','												Jelambar Baru 4 No. 17\n11460								','billy5.jpg',NULL,NULL,NULL,3),
(185,1,NULL,'14.7',3,137,11,'2114063','990302027','11221122321','Djauhari Sumintardja','Dr. HC.Ark','Dipl. Bldg','L','Cibinong','1933-09-29','7397422','08151614061,,','djauhari@pda.id.org,,',NULL,'05439d232053df52ef1a048cc376981c95e173cd','						Jl. Delman Utama No. 19\nTanah Kusir - Kebayoran Lama Utara - 12440				','',NULL,NULL,NULL,4),
(186,1,NULL,'14.7',3,244,16,'2115013','315125602','12321232123','Tri Harso Karyono','Prof. Ir.','M.A., Ph.D','L','Yogyakarta','1956-12-15','','08161306283,,','t_karyono@yahoo.com,,',NULL,'57a1a77f7a763bb65408f01d27103f3fff0743c1','												Jl. Anggrek no. 82, Pondok Benda, Pamulang, Tangerang								','s200_tri_harso.karyono_.jpg',NULL,NULL,NULL,4),
(187,1,NULL,'14.7',14,160,12,'3015016','328068504','2147483647','Bayu Imantoro','','S.H., M.H.','L','Jakarta','1985-06-28','','081294441985,,','bayu.imantoro@podomorouniversity.ac.id,,',NULL,'d7818a02436219447ff4b1147da2eac8126a81f3','															Jl. Pengalengan K-4/16, Puri Cinere\nrt/rw 007/005, Cinere, Pangkalan Jati - 16513											','Bayu_Imantoro.JPG',NULL,NULL,NULL,3),
(188,1,NULL,'14.7',4,155,12,'2215017','0','327102621069000','Susy Fatena Rostiyanti','Dr.','S.T., M.Sc','P','Jakarta','1969-10-22','','08118075693,,','susy.rostiyanti@podomorouniversity.ac.id,,',NULL,'f5f278e9182b1285820cb660095b78aba40cdc27','																		Jl. Pajajaran Indah I No. 84 rt/rw 006/013,\nKota Bogor Timur, Baranangsiang													','Susy_Fatena.JPG',NULL,NULL,NULL,3),
(189,1,NULL,'14.7',14,442,16,'3015087','3015087','367405010585000','Handa Satyanugraha Abidin','','S.H., LL.M','L','Jakarta','1985-05-01','7362501','081510030015,,','handa.abidin@podomorouniversity.ac.id,handa.a',NULL,'cc36090dafb7049f8fb69142820b1d359106e63b','															Jl. Walet V Blok i-4 No. 3, Sektor 2 Bintaro Jaya\nTangerang Selatan - 15412										','Handa_Abidin_Profile_Pic.jpg',NULL,NULL,NULL,4),
(190,4,NULL,'14.7',13,136,11,'3115006','313038602','-','Vincent Sylvester Leewellyn','','M.Par. ','L','Jakarta','1986-03-13','(021) 567 09','0813-1683-7888,0857-','vinsyl1303@gmail.com,,',NULL,'c50aa94b9f831648a7a11ed19ffc71ec07262009','							Jln. Tomang Tinggi 1 No. 5 RT/Rw 012/006 Tomang, Grogol Petamburan Jakarta Barat 11440					','0313038602.jpg',NULL,NULL,NULL,3),
(191,6,NULL,'14.7',6,135,11,'1115030','0','317201520774000','Swany Chiakrawati','Dr.','MA','P','Medan','1974-07-12','','0816 702 641,,','bealveen@yahoo.co.id,,',NULL,'25a90a6b915f5d9ea73260d5818e4aea395580f3','					Muara karang Blok A5U/7  No 9 Rt/Rw 001/017 Kel Pluit Kec Penjaringan Jakarta Utara		','',NULL,NULL,NULL,4),
(192,1,NULL,'14.7',6,196,13,'1115027','325068704','337411250687000','Banguning Asgha','','M.Si.','L','Semarang','1987-06-25','','0813-9213-2711,,','asgha_87@yahoo.co.id,banguning.asgha@podomoro',NULL,'af04137a54c9d2bcccc69588e54ff116992dd85d','						Apartment Griya Dirwantara\nJl. RS Fatmawati No 16-18 Cilandak Jakarta Selatan					','03250687.jpg',NULL,NULL,NULL,3),
(193,1,NULL,'14.7',7,134,11,'1215032','0','317104010768000','Dheny Biantara','','','L','Bogor','1968-07-01','','081314780478,,','deny_ciomas@yahoo.com,,',NULL,'d8fab00899d794b99eb6ff9d0f3a45177994813d','									Jl. Kramat II No. 13 RT/RW 001/008 Kel Kwitang, Kec Senen Jakarta Pusat								','Dheny_Biantara3.jpg',NULL,NULL,NULL,3),
(194,4,NULL,'14.7',7,444,11,'1215043','0','367404151190000','Samuel Anindyo Widhoyoko','','','L','Semarang','1990-11-15','0217444870','082221019777,,','samuelanindyowidhoyoko@gmail.com,samuel.anind',NULL,'c54f9c456d21f5e90f2980a1441e8b8af816467e','												','Samuel3.jpg',NULL,NULL,NULL,3),
(195,4,NULL,'14.7',6,0,34,'1115045','0','327306200685000','Lambok Hermanto Sihombing','','','L','Lampung','1985-06-20','','082298222207,,','lambok.hermanto@podomorouniversity.ac.id,,',NULL,'e8c2bb577839111dde1f954f6c7fb3a62dd9a9cb','						Jl. Tanah Merdeka Gg Pertiwi No 24 RT/RW 005/006 Kel Susukan Kec ciracas Jakarta timur						','Lambok3.jpg',NULL,NULL,NULL,4),
(196,1,NULL,'14.7',14,137,11,'3015034','0','317404240886000','M. Ajisatria Suleiman','','','L','Jakarta','1986-08-24','','0816910958,,','aji.suleiman@gmail.com,,',NULL,'84cbe2c1ddd9524fc7b6aebd13833d29152c0b3d','						Jl. Perum Pejaten Permai kav.12 RT/RW 003/004 Kel Pejaten Barat Kec Pasar Minggu Jakarta Selatan					','Aji.png',NULL,NULL,NULL,3),
(197,1,NULL,'14.7',6,133,11,'1115053','0','0','Nyimas Dewi Sartika','Dr. Ir','DEA','P','Palembang','1968-11-21','','087808615000,,','nyimasds@yahoo.com,,',NULL,'37858d2edbd5bf4868763d752c0a705d05f0e570','												','Nyimas.png',NULL,NULL,NULL,4),
(198,4,NULL,'14.7',4,444,11,'2215055','0','367405571283000','Merry Natalia Maranatha','','ST.,M.Sc.E','P','Jayapura','1983-12-17','','08118019899,,','natalia.merry@gmail.com,,',NULL,'5da2ebc209e23d5dc21bd38882fc4f79e7778d97','						BSD Delatinos Hacienda Maxicano C.20/7 Tangerang selatan RT/RW 001/001 Kel Rawa Buntu Kec. Serpong 				','Merry.jpg',NULL,NULL,NULL,4),
(199,4,NULL,'14.7',6,134,11,'1115054','0','317106230560000','Iwan Lesmana','','','L','Jakarta','1960-05-23','0215419267','0818737779,,','iwanlesmana00@yahoo.com,,',NULL,'af9317c356e33b5c270ddb35bac606335a434203','									Jl. Purwodadi No. 7 RT/RW 009/006 Kel. Menteng Kec. Menteng Jakarta Pusat						','Iwan_Lesmana.jpg',NULL,NULL,NULL,4),
(200,1,NULL,'14.7',3,444,11,'2115057','0','367401210379000','Ade Yudirianto','','','L','Tulung Agung','1979-03-21','',',,',',,',NULL,'dd951ca1ffd95fbbdede970c300a5ddaa5c01243','						Jl. Danau Poso J/10 SEKT VII BSD RT/RW 006/001 Kel. Lengkong Wetan Kec. Serpong				','Ade_Yudirianto.JPG',NULL,NULL,NULL,4),
(201,1,NULL,'14.7',3,136,11,'2115059','0','0000','Soesanto Santoso','Ir.','','L','Jakarta','1955-06-10','02158356976','08129431971,,','soesantoars74@yahoo.com,,',NULL,'109bb2507bcd6993d1a24af7b05fff22013f085b','												Jl. Pulau Kelapa I, Blok B I / 36, Taman Permata Buana Jakarta Barat										','Soesanto_Santoso_3.jpg',NULL,NULL,NULL,4),
(202,1,NULL,'14.7',3,137,11,'2115058','0','00000','Riyadi Ismanto','Ir.','AR. M. Arc','L','Jakarta','1956-05-26','0214207115','08161434179,,','riyadi2282@yahoo.com,,',NULL,'cef653779484a8eb9bf1b199b46bd78de0b6854d','						Jl. Kepu SelatanNo. 54 B, Senen Jakarta 10460\nJl. Rajawali Barat 105, Garuda Bandung\n0226011832				','Riyadi2.jpg',NULL,NULL,NULL,4),
(203,1,NULL,'14.7',13,136,11,'3115056','0','317305201181000','Robert La Are','','SST. Par','L','Jakarta','1981-11-20','0215806436','08111899920,08111087','robertlaare@yahoo.com,,',NULL,'d99e829a073fcbb1085cd473f70dce70b88ea766','									Jl. Palapa V, No. 34, Komp Depag, Kedoya Selatan Jakarta Barat 11520 Jakarta								','Robert_La_are.jpg',NULL,NULL,NULL,4),
(204,1,NULL,'14.7',3,0,17,'3015064','0','317401190385000','Ariawan','DR.','S.H.,M.H','','Jakarta','0000-00-00','','08561888271,,','ariawangun@gmail.com,,',NULL,'c78b3d60a5eb85c3570be9e154d5d6563327f718','						Jl. Rusa Raya /9 RT/RW 015/008 Kec. Tebet Kel. Manggarai Selatan Jakarta Selatan						','Ariawan.jpg',NULL,NULL,NULL,4),
(205,1,NULL,'14.7',17,150,12,'1015074','0','321213510888000','Yovi Dzulhijjah Rahmawati','','','P','Indramayu','1988-08-28','','082125190478,,',' yovi.dzulhijjah@podomorouniversity.ac.id,yov',NULL,'56a218a244c76672bf100f2302cdf8f35a2cdb91','									Jl. Blok Pulo RT/RW 042/006 Kec Jatibarang Kel Jatibarang Jawa Barat						','Yovi_Dzulhijjah_Rahmawati3.jpg',NULL,NULL,NULL,4),
(206,3,NULL,'14.7',16,109,7,'2315075','0','177106680887000','Dian Natassa Setyo Anggraini','','','P','Bengkulu','1988-08-28','','081220080698,,','natassa.dian@podomorouniversity.ac.id,setyo.d',NULL,'902610bf9771849290beb5ed6e62e2ac9850d917','						Jl. Batang Hari Gg. Kelapa RT/RW 011/000 Kel Tanah Patah Kec. Ratu Agung Bengkulu						','Dian_Natassa_Setyo_Anggraini3.jpg',NULL,NULL,NULL,3),
(207,1,NULL,'14.7',19,0,17,'2415078','0','317302020175000','Boike Janus Anshory','','','','Semarang','0000-00-00','0215685144','08176454900,,','boike.janus@gmail.com,boike.janus@podomorouni',NULL,'48cede60a734e07ebd88088cd4f8f2c187f84049','									Jl. Tg Duren Utara VIII/6/826 RT/RW 015/003 Kel. Tanjung Duren Utara Kec. Grogol Petamburan								','Boike3.jpg',NULL,NULL,NULL,3),
(208,3,NULL,'14.7',19,137,11,'2415069','0','317408070671000','Aloysius Baskoro Junianto','','','L','Jakarta','1971-06-07','02179199193','081318114212,,','aloysius.baskoro@podomorouniversity.ac.id,,',NULL,'4be76fc56ff1c6f2e921a78339a705e53368bfa7','			Komp Triloka Kav V/17 RT/RW 001/006 Kel. Pancoran Kec. Pancoran Jakarta Selatan		','Baskoro3.jpg',NULL,NULL,NULL,3),
(209,4,NULL,'14.7',18,40,2,'2616002','0','127111430789000','Elsa Try Julita Sembiring','','M.T.','P','Medan','1989-07-03','0617877783','08126065235,,','elsa.try@podomorouniversity.ac.id,,',NULL,'dfb05200d3777de483f26f9d00680fb85e575036','						Jl. Karya Pembangunan Gg. Karya III No. 6 XIII RT/RW 044/013 Kel. Pangkalan Mansyhur Kec. Medan Johor						','Elsa_(4).jpg',NULL,NULL,NULL,3),
(210,1,NULL,'14.7',18,138,11,'2616007','0','317504130469000','I Made I.M.Brunner','Ir','','L','Innsbruck','1969-04-13','','081317821085,,','imade.brunner@podomorouniversity.ac.id,,',NULL,'de44b9230b8d32bd2fa95b446eb6a89304f63a7b','			Komp. AD Bulak Rantai H.21 RT/RW 003/005 Kel. Tengah Kec. Kramatjati		','Made.jpg',NULL,NULL,NULL,3),
(211,1,NULL,'14.7',14,248,17,'3016009','0','327508671165002','RR Endang Sri Sulasih','Dra','M.Pd','P','Kebumen','0000-00-00','','081310352565,,','endangsubandriyo@yahoo.com,endang_sris65@yaho',NULL,'6e0ca13c3350abfec40fc3f2ce800e1337d300d9','									Jl. Setia I, Gg Galur No. 51 RT/RW 005/008 Kel. Jaticempaka Kec. Pondokgede Kota Bekasi 17416							','Foto_Endang_-_Copy.jpg',NULL,NULL,NULL,4),
(212,4,NULL,'14.7',3,136,11,'2116012','0','367402100490000','Calvian Oscar','','M.A','L','Medan','1990-04-10','','+628170192733,,','calvian_oscar@yahoo.com,,',NULL,'c270d279567aeeabd1314203068ab5cff4449ec6','												Mutiara Taman Palem Blok C9 No. 1 RT/RW 006/014 Kel. Cengkareng Timur Kec. Cengkareng Jakarta Barat										','Calvian_Oscar.jpg',NULL,NULL,NULL,4),
(213,4,NULL,'14.7',6,137,11,'1116013','0','317406251167000','Reikman D.P Aritonang','','','L','Medan','1967-11-25','02183786187','081330559375,,','reikman.aritonang@podomorouniversity.ac.id,,',NULL,'d88e4357584cf57368032f57310d35291ca4fec6','						APT. Taman Rasuna U.16 GFC RT/RW 003/010 Kel. Menteng Atas. Kec Setiabudi						','Reikman3.jpg',NULL,NULL,NULL,4),
(214,1,NULL,'14.7',14,59,3,'3015047','0','137111110887000','Afdhal Mahatta','','S.H.,M.H.','L','Padang','1987-08-11','','081261584814,,','afdhalmahatta@yahoo.co.id,,',NULL,'b4d178841f0b126176870221a50fbf815862b96b','			Perm. Mutiara Putih Blok G. 16 RT/RW 004/009 Kel. Batang Kabung Kec. Koto Tangah Padang				','DAFTAR_RIWAYAT_HIDUP_AFDHAL_(final1)_(2)_001.',NULL,NULL,NULL,4),
(215,1,NULL,'14.7',14,133,11,'3016014','0','-','Muhammad Sabik','','','L','','1980-09-09','085778729329','082115424888,,','sabik.allez@gmail.com,,',NULL,'9da45d2abc53c3848b190aa0cd019f12eda798ce','			Perum Bumi Sirnagalih Permai Jl. Rajamantri No. 14 RT/RW 001/012 Kel. Sirnagalih Kec. Cilaku Cianjur Jawa Barat				','Foto_Sabik.jpg',NULL,NULL,NULL,4),
(216,1,NULL,'14.7',7,136,11,'1216016','0','317302301164000','Dodi Pribadi','','SE. Ak. CA','L','Jakarta','1964-11-30','',',,','dodi.pribadi.cpa@gmail.com,,',NULL,'78ad359543b0ee0aa0f9c4b25e3708da6fb4c1f0','															Gg Duren III No. 6 RT/RW 004/003 Kel. Tanjung Duren Selatan Kec. Grogol Petamburan											','KTP_10001_baru_001.png',NULL,NULL,NULL,4),
(217,4,NULL,'14.7',19,244,16,'2416026','2147483647','327304150377000','Ezra Peranginangin','','Ph.D.','L','Medan','1977-03-15','02173449734','081262637653,,','ezra.peranginangin@podomorouniversity.ac.id,z',NULL,'2188893e3d38f83dba5730d93a2c481ef8d0f844','						Metro Permata 2 Blok D.2 No. 19 RT/RW 002/013 Kel. Karang Mulya Kec. Karang Tengah 15157					','0919411069.jpg',NULL,NULL,NULL,3),
(218,1,NULL,'14.7',17,157,12,'2516018','324058007','327306640580000','Mirza Soraya','','','P','Bandung','1980-05-24','','081809764477,,','mirza.soraya@podomorouniversity.ac.id,,',NULL,'7fdabc6f351df791ccb3d479dc60b2bd27615935','			Jl. Kubang Utara II No. 8 RT/RW 004/007 Kel. Sekeloa Kec. Coblong			','0324058007.jpg',NULL,NULL,NULL,3),
(219,1,NULL,'14.7',16,159,12,'2316017','310036702','327501100367003','Suwito ','','','L','Jakarta','1967-03-10','02188359173','081311337025,,','suwito@podomorouniversity.ac.id,,',NULL,'59e1f4591b39005c2857b272a6516fc34166788c','			Perum Duren Jaya Blok D No. 304 RT/RW 008/009 Kel. Duren Jaya Kec. Bekasi Timur				','0310036702.jpg',NULL,NULL,NULL,3),
(220,4,NULL,'14.7',14,160,12,'3016044','0','327605051183000','Henry Darmawan Hutagaol','','S.H.,M.H.','L','Bangka','1983-11-05','','085242063977,,','h.d.hutagaol@gmail.com,henry.hutagaol@podomor',NULL,'6bc9d2342cb7b8069c24efefb38b8ff5955f46fc','															Jalan Kerinci II no. 5\nAbadijaya\nDepok, 16417														','Henry_Darmawan_Hutagaol.JPG',NULL,NULL,NULL,4),
(221,4,NULL,'14.7',14,160,12,'3016040','0','-','Tammy Angelina Wenas-Kumontoy','Dr.','S,H.,M.H.','P','Riau','1986-10-04','','081519587817,,','tammy.wenas@gmail.com,,',NULL,'804493fcaadf429420ec719ea78805bf404abd3d','						Perum. Pesona Khayangan Blok DM no. 1\nRT 003/RW 028\nKel. Mekarjaya\nKec. Sukmajaya\nDepok, 16411						','Tammy.JPG',NULL,NULL,NULL,4),
(222,4,NULL,'14.7',14,135,11,'3016041','0','2','Hendra Heryanto','','S.H.,S.E.,','L','Jakarta','1965-01-27','','08161158053,,','hendraharyanto@yahoo.com,,',NULL,'0b6d6584c39e8ba6bb71115c74f528c4ea09a301','															','Hendra_Haryanto.JPG',NULL,NULL,NULL,4),
(223,6,NULL,'14.7',3,135,11,'2116043','0','- ','Rudy Trisno','','','L','Jakarta','1956-05-15','','0815100165171,,','rudytrisno@gmail.com,rudytrisno@ymail.com,',NULL,'3c3b786d99c714a48a599b04d2a0058b59a3d4d3','																					Jalan Pluit Selatan I no. 81														','Rudy_Trisno.JPG',NULL,NULL,NULL,4),
(224,4,NULL,'14.7',3,133,11,'2116042','0','-','Rion Wibowo','','M.Arch.','L','','1982-07-05','','085773490149,,','rion_wibowo@yahoo.com ,,',NULL,'76461dd9b35b4bb3725b52073828ad5adcd4dfcb','															Apartment Puri Park View\nTowetr E 11/28\nPesanggrahan\nJakarta										','RION.JPG',NULL,NULL,NULL,4),
(225,3,NULL,'14.7',4,246,16,'2216034','0','360328040587001','Melki Dwiputra Nanjaya','','S.T.,M.T.','L','Palembang','1987-05-04','','085216441396,,','melki.dwiputra@podomorouniversity.ac.id,,',NULL,'506835a8170b9f50eaa4e936494a936493954105','															Cluster Chalcedony Timur no. 11 RT 001/RW 006											','melki.JPG',NULL,NULL,NULL,4),
(226,1,NULL,'14.7',6,136,11,'1116036        ','0','177104050980009','Dang Arif Hartono ','','S.Pd., M.A','L','Lahat','1986-05-04','','081357344541,,','dang.arif@podomorouniversity.ac.id,,',NULL,'f268680bb9e1be62fd4ee1b98df54e25ef5ba54f','						Jalan Raya Kembangan RT 001/RW 008				','Dang.JPG',NULL,NULL,NULL,4),
(227,1,NULL,'14.7',17,133,11,'2516037','0','357825500389000','Nilam Atsirina','','','P','Mataram','1989-03-10','',',,','nilam.ak@podomorouniversity.ac.id,,',NULL,'df215983d4b265fc5a1e7798e7d2a5f4c778b2cc','																						','01.JPG',NULL,NULL,NULL,3),
(228,1,NULL,'14.7',7,159,12,'1217099','0','327504161152000','Bambang Sugiarto','Drs.','M.M.,M.Ak.','L','Wonosobo','1952-11-16','','08164811119,,','bambang.sugiarto@kwikkiangie.ac.id,,',NULL,'99b585e83faf2b92598fb3355b0ad09b2cbc6baf','																		Jalan Matahari II, Blok I no. 1\nPerumahan Taman Galaxy\nJaka Setia, Bekasi Selatan														','BAMBANG.JPG',NULL,NULL,NULL,3),
(229,3,NULL,'14.7',3,136,11,'2116048','0','-','Henry Kusnadi','Dr. Ir.','MT. ','L','Jakarta','1967-11-05','','08161136903,,','henrykusnadi8@hotmail.com,,',NULL,'ae13f7dae8b789f069da1fe7b027e8d678e405a0','															Perumahan Citra 2 Blok K 5 no. 6, Cengkareng, Jakarta										','Henry_Kusnadi.JPG',NULL,NULL,NULL,4),
(230,1,NULL,'14.7',13,137,11,'3116050','0','-','Arif Zulkarnain','Dr.','S.E.,M.M.,','L','Teluk Betung','1971-06-07','','08161364455,,','arifzulkarnain@stptrisakti.ac.id,ariefzulkarn',NULL,'f32c4cb2160e4db34c72ba7971c69a55140cb6cc','									Jalan Karang Pola Dalam I no. 7\nJatipadang, Pasar Minggu\nJakarta Selatan						','Arif_Zulkarnain.JPG',NULL,NULL,NULL,4),
(231,4,NULL,'14.7',13,159,12,'3116051','0','-','Novny Andryani S.','','','P','Jambi','1983-11-25','','081218171250,,','novny.andryani@gmail.com,,',NULL,'8a604d0265ac0d53da31920c629b63f55c40ba8a','						Jalan Narogong Utama Blok D-37 no. 2 \nPengasinan, Rawa Lumbu\nBekasi Timur						','Novny.JPG',NULL,NULL,NULL,4),
(232,1,NULL,'14.7',6,159,12,'1116049','413058101','327503130581003','Heri Yusup','','S.S.,M.A.','L','Bandung','1981-05-13','','085718503988,,','heriyusup@englit45bekasi.org,,',NULL,'c8feae6be6c4321bbc932241dca2f9495816b10a','												Jalan Bakti Jaya 5\nHarapan Jaya								','Heri_Yusup.JPG',NULL,NULL,NULL,4),
(233,1,NULL,'14.7',6,137,11,'1116047','0','317403180172000','Pradana Sugarda','','','L','Lampung','1972-01-18','','0811167145,,','psugarda@yahoo.com,,',NULL,'f7a560bb655280bdf1fafee00979922e370e5f13','												Jalan Pekayon 1 no. 37A \nRagunan\nJakarta								','Pradana_Sugarda.JPG',NULL,NULL,NULL,4),
(234,6,NULL,'14.7',14,133,11,'3016046','0','181710161078800','Sianti Candra','','S.H.,M.H. ','P','Pangkal Pinang','1988-07-21','','08127948992,,','sianti.candra@gmail.com,,',NULL,'cb5c141d1b1926d940ec18d6a3f2447fdcd1315e','						Perumahan Citra 2 Blok P3 no. 1 \nKalideres\nJakarta Barat, 11830				','SIANTI_CANDRA.JPG',NULL,NULL,NULL,4),
(235,4,NULL,'14.7',6,135,11,'1116038','0','317206211570003','Stephen Chandra Chow','','','L','Tarakan','1957-11-21','','08161821398,,','stephen.chow@podomorouniversity.com,,',NULL,'610baa63dfcef0b63d6eb4fa7d58fda5e7ade6f8','															Jalan Janur Indah X LB 10/14 RT 006/RW 018										','02.JPG',NULL,NULL,NULL,4),
(236,6,NULL,'14.7',3,136,11,'2116052','0','167105290590000','Hakim Iskandar','','','L','Palembang','1990-05-29','','081977730091,0812850','hakimvd@hotmail.com,,',NULL,'c1715845d119afcf6e31787d57d4aea248be8fc1','			Apartment Mediterania Garden 1 tower Azalea/21/BD\nJalan Tanjung Duren Raya\nGrogol Petamburan\nJakarta Barat				','IMG_1591.JPG',NULL,NULL,NULL,4),
(237,1,NULL,'14.7',13,136,11,'3116053','0','-','Mirdas Khaerullah','','','L','','1985-09-09','','081287700686,,','eedazbgt@yahoo.co.id,,',NULL,'d832308fd0d66dba99901d0732f3ef411aaab4c6','Komplek Unilever B3 no. 22\nMeruya Selatan\nJakarta Barat, 11650				','',NULL,NULL,NULL,4),
(238,1,NULL,'14.7',13,0,17,'3116057','0','317302090987000','Hari Iskandar','','S.E., M.M.','','Jakarta','0000-00-00','','081807479408,,','spide_hari87@yahoo.com.sg,,',NULL,'908c20eed38a4ac614ba3abb3e1c3cd234a1d708','															Komplek Marsella blok A no. 11. \nPesing, Jakarta Barat, 11460										','Hari_Iskandar.JPG',NULL,NULL,NULL,4),
(239,4,NULL,'14.7',6,246,16,'1116066','0','367405090482000','Jonathan Gultom','','','L','Tanjung Karang','1982-04-09','','085769813555,,','jonathan.gultom@podomorouniversity.ac.id,,',NULL,'bf29b3b7c5c4b97708a8bcab46dfa859f9faec10','												Jalan Delima Jaya Perumahan Beranda no. B-16 RT 006/RT 002										','jonathan.JPG',NULL,NULL,NULL,3),
(240,1,NULL,'14.7',4,159,12,'2216031','0','327508270780003','Indra Dwi Sasongko','','S.T., M.B.','L','Tegal','1980-07-27','','081281882049,,','dwisasongko.indra@gmail.com,,',NULL,'5ee3d51a6faf8db0752d8d52ac61fe450b4efdb1','												Prima Lingkar Asri blok A-4 no. 23\nRT 006/RW 008\nKel. Jatibening\nKec. Pondok Gede								','Pas_Foto_Indra_Dwi_Sasongko.JPG',NULL,NULL,NULL,4),
(241,1,NULL,'14.7',14,136,11,'3017001','0','317302090986000','Maraden Saddad','','S.H., M.H.','L','Jakarta','1986-09-09','','08567890045,,','maraden.saddad@podomorouniversity.ac.id,,',NULL,'417568cc9dc2a3cf1a391987301c3c6997f4b3ec','															Jalan Gelong Baru Selatan V No. 28 / RT. 008/ RW. 001 / Tomang / Grogol Petamburan 										','Maraden_Saddad.jpg',NULL,NULL,NULL,3),
(242,4,NULL,'14.7',4,137,11,'2217002','0','127119060390000','Pratama Haditua Reyner Siregar','','S.T., M.T.','L','Medan','1990-03-06','','082112981827,,','pratama.haditua@podomorouniversity.ac.id,,',NULL,'226219c71db93c0b7169ad6fbcc4d4541ed182a6','						Apartemen Kebagusan City Tower A Unit 20-A-57 \nJl. Baung \nJakarta Selatan 12520				','Pratama_Siregar.JPG',NULL,NULL,NULL,3),
(243,1,NULL,'14.7',6,442,16,'1117012        ','0','367404181186000','Muhammad Ridha','','S.Sos., M.','L','Jakarta','1986-11-18','','081280568170,,','muhammad.ridha18@gmail.com,,',NULL,'894d7650d3aeec9b1bde1cead5766efc1f5d5b0f','			Graha Permai A6 No. 1 \nCiputat		','',NULL,NULL,NULL,4),
(244,1,NULL,'14.7',7,133,11,'1217005   ','0','317505090662000','Sumardi Dwi Setyawan     ','','S.Sos., M.','L','Nganjuk','1962-06-09','','0811925504,,','kons_pajak_sds@yahoo.com,,',NULL,'9aa829ac28758c23f3ed00ec4c2363d4d42ae101','						ondok Pucung Indah II\nJl. Kasuari Blok BP 9 No. 26-27 \nRT 010/RW 006\nPondok Aren, Tangerang Selatan						','Sumardi.JPG',NULL,NULL,NULL,4),
(245,3,NULL,'14.7',3,133,11,'2117004    ','0','360328151181000','Benedictus Anto Kurniawan    ','','S.Sn., M.D','L','Jakarta','1981-11-15','','081281241600,,','benedictusanto@gmail.com,,',NULL,'2bb9b95ff09acb0a20c54d2c4b9998b6691f15b1','						Kelapa Kopyor V CA 21/15				','Anto.JPG',NULL,NULL,NULL,4),
(246,1,NULL,'14.7',14,133,11,'3015048       ','0','367101270985000','Luhur Kurnianto  ','','S.H., M.H.','L','Semarang','1985-09-27','','087860000220,,','luhurkurnianto@gmail.com,,',NULL,'622be0e65d5fe8d8bd3bab078158c30f6e25de5a','						Komp. Pengayoman \nJalan Pidana 3, A-6 No. 3						','Luhur.JPG',NULL,NULL,NULL,4),
(247,1,NULL,'14.7',14,138,11,'3017009       ','0','367401150781000','Eddy Marek Leks         ','','S.H., LL.M','L','Jakarta','1981-07-15','','081514402100,,','eddy.leks@lekslawyer.com,,',NULL,'3b7a2740b4c211094912025da86e2533a8d7b99c','						Komp. Griya Wartawan \nJalan Opini Blok H No. 115 \nCipinang Muara, Jakarta Timur 				','EDDY.JPG',NULL,NULL,NULL,4),
(248,4,NULL,'14.7',4,141,12,'2217015','0','320301211008007','Andre Feliks Setiawan','','','L','Cianjur','1990-05-09','','085798252266,,','andre.setiawan@podomorouniversity.ac.id,,',NULL,'6d84e8a08dfb43d2480506ea8d1abe5776358c4d','																								Perumahan Pesona Cianjur Indah A-5 No. 4																		','Andre_Feliks.JPG',NULL,NULL,NULL,4),
(249,1,NULL,'14.7',14,160,12,'3017006     ','0','01','Muhammad Ramdan Andri Gunawan Wibisana            ','Dr.','S.H., LL.M','L','Garut','1972-11-03','','087887711850,,','mragw@yahoo.com,andri.gunawan@ui.ac.id,',NULL,'6889ab452161a95ed540b252e876d792dbf91503','						Jl. K.H. Ahmad Dahlan V No. 11 A \nKel. Kukusan\nDepok, 16425						','Andri_G.JPG',NULL,NULL,NULL,4),
(250,1,NULL,'14.7',14,157,12,'3017008        ','0','02','Dian Puji N. Simatupang         ','Dr','S.H., M.H.','L','Bandung','1972-10-21','','08129144495,,','diansimatupang21@gmail.com,,',NULL,'1a4e6f680157c67c8a218593083310a085676b06','						Puri Agung Lestari Garden Blok C-1 \nJl. Saidan Tugu Tanah Baru\nDepok				','Dian_Puji.JPG',NULL,NULL,NULL,4),
(251,1,NULL,'14.7',3,246,16,'2117011     ','0','-','Moh. Sanjiva Refi Hasibuan    ','','','L','Sungai Penuh','1988-05-21','','087873668520,,','refi.hasibuan@gmail.com,,',NULL,'933005965d7a1bf188ab48a37be4ed9f4b85f90f','						Puri Permai Blok E-7/12 A Tigaraksa, Tangerang 				','2117011_-_Refi.JPG',NULL,NULL,NULL,4),
(252,1,NULL,'14.7',13,442,16,'3117018','0','03','Asep Syaiful Bahri      ','','SP., M.Si.','L','Tangerang','1978-06-26','','081315472653,,','asepbahri@yahoo.co.id,,',NULL,'8d80ec224f32fa18ae3fcb208bb6d4620fbb3f52','						Perumahan Puri Bintaro Residence\nJalan Cherry III Blok H-14\nSerua Indah\nCiputat, Tangerang Selatan 				','Asep2.JPG',NULL,NULL,NULL,4),
(253,6,NULL,'14.7',13,135,11,'3117016','0','-','Rendy','','','L','Jakarta','1988-10-16','','082260108199,,','rendy_kongs@yahoo.com,,',NULL,'2e467c88eb478f5b43b63b91229f42c089c2af27','																	','Rendy.JPG',NULL,NULL,NULL,4),
(254,4,NULL,'14.7',3,155,12,'3117017','0','','Sherly Susan Wattileo','','','P','Surabaya','1975-06-15','','08158182959,,','susandhm@gmail.com,,',NULL,'acd43ba724e80e8f285ad8e8afb12b9d8a65450b','Jl. Gunung Pangrango No. 191\nSentul City','',NULL,NULL,NULL,3),
(255,1,NULL,'14.7',13,138,11,'3117020','0','-','Lila Muliani','','','P','Jakarta','1978-05-22','','0818990437,,','lilamuliani@gmail.com,,',NULL,'40f9104c3210cf1fdd400d1e74fd941020c59340','												Jalan Kejaksaan V Blok F No. 135\nPondok Bambu										','Lila.JPG',NULL,NULL,NULL,4),
(256,1,NULL,'14.7',6,246,16,'1117007','0','-','Heru Wijayanto     ','','','L','Palembang','1979-08-05','','08175255879,,','siheyu@ymail.com,siheyu@gmail.com,',NULL,'2e9d33400cfb0fbe25a3c2566064f14518033897','						Apt. Scientia Residence\nTower A - 1711\nJl. Scientia Boulevard\nSummarecon, Gading Serpong\nTangerang 						','Heru_Wijayanto.JPG',NULL,NULL,NULL,4),
(257,3,NULL,'14.7',13,246,16,'3117021','0','317302170786000','Budi Riyanto','','S.ST.Par.','L','Sukabumi','1986-07-17','','083807744249,,','budi.riyanto@podomorouniversity.ac.id,,',NULL,'5a87fd25ec079d1612f46ef8d66cdbf84f41c98a','									Green Lake City Cluster AU-2 No. 11 \nCipondoh										','BUDI.JPG',NULL,NULL,NULL,3),
(258,1,NULL,'14.7',3,136,11,'3117022  ','0','-','Iwan Setiawan      ','','','L','Jakarta','1979-08-10','','081336569361,,','zikkyzora@gmail.com,,',NULL,'6f24978f601fa383aa2c678a8c1175c78977c8cd','						Jl.Tj. Duren Utara I Gg. Alpukat IX No. 30 RT 10/02 \nGrogol, Jakarta 				','Iwan.JPG',NULL,NULL,NULL,4),
(259,1,NULL,'14.7',18,159,12,'2616030','0','-','Al-Fath Ilal Haqqi','','','L','Palembang','1987-07-26','','082186088774,0856935','alfath.haqqi@gmail.com,,',NULL,'1b67f666360d42ee7b18d5f78e1075c50960f5b3','						Jl, Pisang Ambon 2 No. 12 \nHarapan Baru 1 \nBekasi Barat						','Al_Fath.JPG',NULL,NULL,NULL,4),
(260,1,NULL,'14.7',3,136,11,'2117010','0','147103030888000','Mohd Zulhelmy Trisna','','','L','Pekanbaru','1988-08-03','','085265291995,,','trisna.izul@gmail.com,,',NULL,'6e0c3bc3e8b3e4f6d42b506074f650b456e27454','						Apt. Mediterania Garden Residence\nJl. Tj. Duren Raya Kav. 5-7\nJakarta Barat 						','Zulhelmy.JPG',NULL,NULL,NULL,4),
(261,3,NULL,'14.7',3,134,11,'2117014        ','0','317401260992000','Evan Tjahjadi','','','L','Jakarta','1992-09-28','','085775363082,,','evan@indomegah.com,,',NULL,'dfdb87c68b3f2bc49dd1f85e0ed617f583e794c8','						Jl. Tebet Timur Dalam VIII/R No. 5\nJakarta						','EVAN.JPG',NULL,NULL,NULL,4),
(262,1,NULL,'14.7',17,137,11,'2516027','0','04','Aditya Pratama Tedja','','','L','Jakarta','1985-05-06','','081617161166,,','adityaptedja@hotmail.com,,',NULL,'5109c1a1e1defc731c3fb0a9243ae3a463d5428b','						Jl. Mandar III Blok DC-1 No. 40\nBintaro Jaya						','ADITYA.JPG',NULL,NULL,NULL,4),
(263,1,NULL,'14.7',4,136,11,'2217023','0','04','Hari G.Soeparto','Dr., Ir. ','M.T.','L','Kediri','1947-07-20','','08557889949,,','hsoeparto@yahoo.com,,',NULL,'1126bb8fd4316be8226d8d34578febd6246e2fb9','															Jakarta										','HGS_pasfoto.jpg',NULL,NULL,NULL,4),
(264,3,NULL,'14.7',4,136,11,'2117026','0','05','Andy Siahaan','Ir','M.H,','L','Yogyakarta','1968-02-11','','08176011688,,','kampus208@gmail.com,,',NULL,'12190800bbaf88cf4eb17f15cc4f47bce621d4a0','						Green Ville Blok A No. 10-12						','2217026_-_Andy_Siahaan.JPG',NULL,NULL,NULL,4),
(265,4,NULL,'14.7',6,246,16,'1117034','0','351516090169000','Richard Irawan Jap','','S.E., M.M ','L','Mataram','1969-01-09','','0816515913,,','richinghigh@gmail.com,,',NULL,'f6b9bc12b8129c1c962baa9820f6adb58359eb19','						Cluster Belle Fleur 15 No. 27 \nCitra Raya, Tangerang 				','Richard_Irawan_Jap_-_1117034.JPG',NULL,NULL,NULL,4),
(266,4,NULL,'14.7',13,155,12,'3117039','0','-','Yosie Marthinus Dumanauw','','','L','Semarang','1976-03-13','','087887885675,,','yosie.marthinus@gmail.com,,',NULL,'bdcec455c89e0a47d027d9e8ce7a3807923d7fbd','																		Jl. Gunung Pangrango 191\nMVR, Sentul City														','Yosie_-_3117039.JPG',NULL,NULL,NULL,4),
(267,6,NULL,'14.7',16,137,11,'2317041','0','317103201188000','Mulyadi Wiguna Slamet','','S.T., M.T.','L','Jakarta','1990-11-20','','081931325618,,','mulyadi.wiguna@podomorouniversity.ac.id,,',NULL,'a2dd03a6dbf6f6c87def1c8375a78d29131295ad','									Jl. Bungur Besar 16 No. 1 B							','Mulyadi_Wiguna_Slamet.JPG',NULL,NULL,NULL,3),
(268,1,NULL,'14.7',19,138,11,'2417036','0','317410651282000','Dina Lestari','','S.Pd., M.S','P','Jakarta','1990-12-25','','08176017108,,','dina.lestari@podomorouniversity.ac.id,,',NULL,'171078292c16b02e0dc87821fd2c1d4dff378e4e','									Jl. H. Tirto No. 16 \nRT 001/ RW 011 \nKel. Utan Kayu Selatan\nKec. Matraman \n								','Dina_Lestari.JPG',NULL,NULL,NULL,3),
(269,6,NULL,'14.7',6,136,11,'1117048','0','317301420793000','Athalia Permatasari','','M.Sc.','P','Jakarta ','1993-07-02','5416146','081296305676,,','athalia.permatasari@podomorouniversity.ac.id,',NULL,'fb7446ce2f07fdb846aef75df922c52a0abf65e1','									Jalan Waru Raya No. 17 RT 013/ RW 009						','Athalia_Permatasari.JPG',NULL,NULL,NULL,3),
(270,1,NULL,'14.7',4,160,12,'2217057','0','330305030885000','Satria Agus Nugroho','','S.T., M.T.','L','Purbalingga','1985-08-03','','0817420543,,','satria.agus@podomorouniversity.ac.id,,',NULL,'f331d349b15c1413ca3dfb8b9248d87ea92ba150','						Jl. Sumur Bandung II Kp. Pedurenan				','Satria.JPG',NULL,NULL,NULL,3),
(271,4,NULL,'14.7',7,135,11,'1217055','0','31720470850003','Sri Handayani Tarigan','','S.E., M.Ak','P','Jakarta ','1985-06-27','','082124930596,,','sri.handayani@podomorouniversity.ac.id,,',NULL,'ccddc17e65059666594b1dba44e61c702206fe46','						Gading Griya Lestari Blok F3 No. 14 RT 004/ RW 001 / Cilincing 				','Sri_Handayani.JPG',NULL,NULL,NULL,3),
(272,3,NULL,'14.7',6,165,13,'1117056','0','330226260687001','Stefanus Angga Badara Prima','','S.Pd., M.A','L','Purwokerto','1987-06-25','','081542702455,,','stefanus.angga@podomorouniversity.ac.id,,',NULL,'acb979ea7437af358aca9748e9c959bd855660c9','												Jl. Karang Kobar Gg. Makam No. 80 RT 001/ RW 008								','Stefanus.JPG',NULL,NULL,NULL,4),
(273,3,NULL,'14.7',17,137,11,'2516028','0','530108261089000','Amandus Jong Tallo','','S.T., M.En','L','Atambua','1989-10-26','','081233631228,,','mandustallo@gmail.com,,',NULL,'b97b14764baa8aa19b1d4276dbde24507ae140aa','									Jl. Setia Budi Timur No. 31\nSetiabudi, Jakarta Selatan 						','Amandus_Jong_Tallo.JPG',NULL,NULL,NULL,4),
(274,6,NULL,'14.7',7,136,11,'1217059        ','0','317302210583000','Meco Sitardja        ','Dr.','S.Kom., M.','L','Jakarta ','1983-05-21','',',,','meco.sitardja@podomorouniversity.ac.id,,',NULL,'a1d57876d4d0a44f7d098aedc25b5ff0f67c0c6b','						Jl. Dr. Semeru III No. 67 A RT 008/ RW 009\nJakarta				','Meco.JPG',NULL,NULL,NULL,3),
(275,4,NULL,'14.7',18,157,12,'2617024        ','0','127208530389000','Merry Sianipar','','S.T., M.En','P','Pematangsiantar','1989-03-13','','081298497684,,','merry.sianipar@podomorouniversity.ac.id,,',NULL,'3ec11f08c47d00eb578d5739be075b79abbe16df','									Jl. Sekeloa Selatan II No. 14\nBandung							','Merry_Sianipar.JPG',NULL,NULL,NULL,4),
(276,1,NULL,'14.7',17,61,3,'2517042','0','367109480189000','Esther Deyanara','','S.T., M.Sc','P','Sawahlunto','1989-01-08','','081363271111,,','estherdeyanara@gmail.com,,',NULL,'3a449cc8912547d864c533b3244bf0ffa01b269b','						Pasar Remaja / RT 002 / RW 001 / Kel. Pasar / Kec. Lembah Segar / Sawahlunto / Sumatera Barat 						','Esther_Deyanara.JPG',NULL,NULL,NULL,4),
(277,4,NULL,'14.7',13,135,11,'3117060','0','317205171186000','Douwes Lasmana','','M.I.Kom. ','L','Jakarta','1986-11-17','','081381384967,,','douwes_lasmana@hotmail.com,,',NULL,'e53fca9b0a8c1cbbcf20ecdeec58e30b896d9a6f','			Jl. Pademangan 2 gang 20 No.46						','Douwes_Lasmana.JPG',NULL,NULL,NULL,4),
(278,1,NULL,'14.7',19,134,11,'2417037','0','317105590167000','Nurul Primayanti','','M.Sc. ','P','Jakarta ','1967-01-19','','087881663406,0895366','nurulprimayanti19@gmail.com,,',NULL,'fcff29b3aac419b304eea3d6b5f726cd917ac7fb','						Rawasari Timur VI No. 3 / RT 007 / RW 002 / Cempaka Putih / Jakarta Pusat 				','NURUL.JPG',NULL,NULL,NULL,4),
(279,1,NULL,'14.7',6,134,11,'1017061','0','317104011078000','Wisnu Sakti Dewobroto','Dr.','S.T., M.Sc','L','Jakarta','1978-10-01','','081314151660,,','wisnu.dewobroto@podomorouniversity.ac.id,,',NULL,'65512cf347f13ae20c8e5d2b428001a667cf5aab','						Jl. Cempaka Putih Tengah XVII No. 14				','WISN.JPG',NULL,NULL,NULL,3),
(280,6,NULL,'14.7',3,246,16,'2117058','0','317103431188000','Carolina','','S.T.,M.Arc','P','Jakarta','0000-00-00','','0817171439,,','carolina.setiawan@podomorouniversity.ac.id,,',NULL,'2dc5fcea3d986e4faaa1270e84144ef07e7da877','												Taman Ubud Permata Timur 2 No. 27								','Carolina.JPG',NULL,NULL,NULL,3),
(281,3,NULL,'14.7',3,134,11,'2117077','0','317305700487000','Audrey Juliana ','','B.A (Arch)','P','Jakarta','1987-04-30','','082298087951,,','audreyjk@gmail.com,,',NULL,'6b68c6b93d92ba151807b079f7199ffb034a5b87','							Apartemen Thamrin Residences TE/40-P/EF								','AUDREY.JPG',NULL,NULL,NULL,4),
(282,1,NULL,'14.7',3,6,1,'2117078','0','110607060288000','Azriel Zaini','','S.T., M.T.','L','Banda Aceh','1988-02-06','','081219194812,,','azriel-atjeh@hotmail.com,,',NULL,'e3c505eec92eede28286431ce6c9620d145c10e4','												Jl. Geuceu Meunara VIII No. 9 / Garot / Darul Imarah / Kab. Aceh Besar 								','AZRIEL.JPG',NULL,NULL,NULL,4),
(283,3,NULL,'14.7',13,136,11,'3117070','0','317301031080002','Felix Oktarianto','','S.Kom.,M.M','L','Palembang','1980-10-03','','08158868388,,','jason_oct@yahoo.com,,',NULL,'d3b4129847d449485b850a96a3db3b3371a8db2b','									Taman Semanan Indah N1/75						','Felik_Oktariano.JPG',NULL,NULL,NULL,4),
(284,1,NULL,'14.7',18,161,12,'2617083','0','327701200685000','Arfan Sani Abdurachman      ','','S.Si., M.T','L','Cimahi','1985-06-20','','081223682964,,','arfan.sani@ymail.com,,',NULL,'8923db5f7a6fa772b2d879755033f32e1b3793b0','						Perum Cijerahi II Blok XI No. 12 \nMelong/Cimahi Selatan 				','ARfan.JPG',NULL,NULL,NULL,4),
(285,1,NULL,'14.7',3,166,13,'2117066','0','330316710591000','Titik Efianti','','S.T., M.Sc','P','Purbalingga ','1991-05-31','','081542799912,,','titikefianti@gmail.com,,',NULL,'8e98d59adbffb3a075e6280cfcd11a5201b7cb7d','									Jl. Manunggal No. 7 \nRT 06/RW 07\nMeruya, Kembangan Selatan \nJakarta Barat 										','TITIEK.JPG',NULL,NULL,NULL,4),
(286,1,NULL,'14.7',6,155,12,'1117084','0','327102030988000','Jannata Giwangkara         ','','B.Sc., M.E','L','Jakarta ','1988-09-03','','0812 8487 3488,,','jannata.giwangkara@gmail.com,,',NULL,'6d6741e636f52f118a6d807cfcd7496c4e8fa18f','									Perumahan de Botanica Cimahpar Blok V/1 Bogor						','Jannata_Giwangkara.JPG',NULL,NULL,NULL,4),
(287,4,NULL,'14.7',18,442,16,'2617085','0','367401200866000','Thombi Layukallo ','Dr. ','','L','Jakarta','1966-08-20','','0856 9759 5921,,','tlayukallo@njis.org,,',NULL,'dfd68c3fcd084d6d3f73c36d9d58338f809d0f4b','						Jl. Oliander T/3 Sekt. 1-2 BSD RT/RW 008/004				','Thombi.JPG',NULL,NULL,NULL,4),
(288,6,NULL,'14.7',6,136,11,'1017082','0','317304120288000','William Widjaja','','S.E., M.M.','L','Jakarta ','1988-02-12','','082311881410,,','ww120288@gmail.com,,',NULL,'64a65a91b70ba99da437002330722d9578de68e4','						Jl. Tanah Sereal Raya No. 9\nTanah Sereal / Tambora 					','William.JPG',NULL,NULL,NULL,3),
(289,4,NULL,'14.7',6,154,12,'1117067        ','0','327504071182001','Reynardo Nainggolan','','S.E.,Ak. M','L','Jakarta ','1982-11-07','','087882879488,,','reynardo@uw.edu,,',NULL,'844e85c74b2bc29768deaa7726ea3a68ea1b2e54','						Jl. Kemang Raya B-71 \nPekayon, Bekasi 				','Reynardo_Nainggolan.JPG',NULL,NULL,NULL,4),
(290,1,NULL,'14.7',14,137,11,'3017074','0','-','Handarbeni Imam Arioso','','S.H., M.H.','L','Jakarta ','1984-11-14','','08176695261,,','h.arioso@abnp.co.id,,',NULL,'ddd7279b49d59e44f72cccc59cca95c33f9f4935','			Jl. Prof. Dr. Soetomo No. 231\nTebet, Jakarta Selatan 				','Handarbeni.JPG',NULL,NULL,NULL,4),
(291,1,NULL,'14.7',14,137,11,'3017076','0','-','Disriani Latifah Soroinda','','S.H.,M.H.,','P','Jakarta ','1979-07-26','','08161844261,,','disriani.latifah@gmail.com,,',NULL,'2b6d62d0e23b7bfae574f76c485d0ce2c371f6a8','			Jl. Kalibata Tengah\nPerumahan Mahkamah Agung No. 2 \nJakarta Selatan 		','Disriani.JPG',NULL,NULL,NULL,4),
(292,1,NULL,'14.7',14,138,11,'3017071','0','-','Nancy Setiawati Silalahi ','','S.H.,M.H.,','P','Jakarta ','1989-09-18','','08121075249,,','nancysetiawatisilalahi@gmail.com,,',NULL,'d386711b906f17371e8ab82ec72f364d8db8f85a','			Jl. Kayu Mas Timur Raya No.9 \nRT 09/RW 003\nPulogadung, Jakarta Timur 			','Nancy.JPG',NULL,NULL,NULL,4),
(293,1,NULL,'14.7',14,137,11,'3017072','0','320120480580000','Aida Maysriwigati Mustafa','','S.Pd., S.H','P','Tangerang ','1980-05-08','','081227608300,,','aidamustafa_98@yahoo.co.id,,',NULL,'eb2a428dd5dc3fcdbc1c813fecbe15b05374f5a6','			Jl. H Gg. Y No. 11 A \nRT 07/RW 09 \nTebet, Jakarta Selatan 			','',NULL,NULL,NULL,4),
(294,1,NULL,'14.7',4,137,11,'2217087','0','327105190977001','Hari Winarto ','','S.T., M.T.','L','Semarang','1977-09-19','','0817801702,,','hari.winarto@yahoo.com,,',NULL,'c43f13811a43a81376b934792a1702b9cae08d42','			Villa Bogor Indah 3 BA-3 No.23 \nBogor 			','Hari_Winarto.JPG',NULL,NULL,NULL,4),
(295,1,NULL,'14.7',14,137,11,'3017073','0','000','Ichsan Perwira Kurniagung, ','','S.H., M.H.','L','Jakarta ','1985-10-06','','08111009888,08561095','kurniagung@fknk.co.id,ichsanperwirakurnia@hot',NULL,'0c191e7f094d269f70e224af1460b9aa97382066','						Jl. Kartika Alam III No. 61\nPondok Indah\nJakarta Selatan 				','Ichsan.JPG',NULL,NULL,NULL,4),
(296,4,NULL,'14.7',14,136,11,'3017075','0','000000','Melissa Butarbutar','','S.H., M.Sc','P','Jakarta ','0000-00-00','','081295192080,,','melissa@bwgs.co.id,,',NULL,'3d4b871b37ee92ec5b39f72bc1de68b422b0f204','									Jl. S. Parman Kav. 22-24\nJakarta 							','Melissa1.JPG',NULL,NULL,NULL,4),
(297,4,NULL,'14.7',14,137,11,'3017088','0','317410240484000','Alexander Ariyanto ','','S.H., M.Kn','L','Jakarta','1984-04-24','','081210924310 ,,','alexander.ariyanto@gmail.com,,',NULL,'a79ff2256b1d80c4eb97ab8e7c758a0b611a94d8','						Jl. Merak 3 Blok F3 No. 3 \nBintaro Jaya, Pesanggrahan				','Alexander.JPG',NULL,NULL,NULL,4),
(298,6,NULL,'14.7',13,139,12,'1017080','0','320115170269000','Fitri Abdillah Adiatmaka','Dr. Ir. ','M.M.','L','Magelang ','1969-02-17','','081317751497,,','fitri.abdillah@podomorouniversity.ac.id,,',NULL,'bd8fb6222a80e2266f21c739c58adfea6c7744c2','									Kp. Pabuaran Kulon \nRT 001/RW 005\nKel. Cibanteng, Kec. Ciampea							','Fitri_Abdillah.JPG',NULL,NULL,NULL,3),
(299,1,NULL,'14.7',4,160,12,'2217092','0','','Afrizal Nursin','Ir. Drs. ','B.Sc., M.T','L','Solok','1958-04-10','','081586113660,,','nursin_afrizal@yahoo.com.sg,,',NULL,'dd0741e63082cecc9074642bea9d392c2c65b23a','Perumahan Mampang Indah 2 Blok Q No. 13\nRangkepan Jaya		','',NULL,NULL,NULL,4),
(300,1,NULL,'14.7',13,244,16,'3117092','0','360328620186000','Nada Ayuanda','','S.E., M.Ac','P','Jakarta ','1986-01-22','','08111986122,,','nada.ayuanda@gmail.com,,',NULL,'521867cd85acc6ffd958685679ff26965e7489f8','									Jl. Kelapa Lilin Utara IV Blok DF-6 No. 09 / RT 002/ RW 010 \nKelapa Dua 						','Nada_Ayuanda.JPG',NULL,NULL,NULL,4),
(301,1,NULL,'14.7',13,248,17,'3117079','0','367405907820003','Nami Fitricia Pasaribu','','SST.Par., ','P','Jakarta','0000-00-00','','081314756922,,','nami.pasaribu@podomorouniversity.ac.id,,',NULL,'069737a7602a2802ac06924ccd20fdc62cca3d55','															Jl. Methanol I M40/8\nKomp. Pertamina\nPondok Ranji - Ciputat												','Nami.JPG',NULL,NULL,NULL,3),
(302,1,NULL,'14.7',4,159,12,'2217096','0','327502081187002','Ario Bintang Koesalamwardi','','','L','Palopo','1987-11-08','','081280008471,,','ario.bintang@podomorouniversity.ac.id,,',NULL,'057ebfcff51015cef3f51600986f4f1de69129f2','						Jalan Bintara Perak 001 No. 12-A						','Ario_Bintang.JPG',NULL,NULL,NULL,3),
(303,4,NULL,'14.7',14,134,11,'3017098','0','317510310387000','Andrew Betlehn','','S.H., S.Ko','L','Jakarta','1987-03-31','','08558880200,,','andrew.betlehn@podomorouniversity.ac.id,,',NULL,'8a91a1a35827bcc5d141c6980824e1d69f7edb47','			Jl. Cilosari No. 27		','Andrew_Betlehn.jpg',NULL,NULL,NULL,3),
(304,1,NULL,'14.7',16,138,11,'2317112','0','317510581091000','Ayu Putri Nuradi','','S.T., M.En','L','Bandung','1991-10-18','','089668187848,,','ayu.nuradi@podomorouniversity.ac.id,,',NULL,'1c5d07195b236907e9f9842b63cbf24fb4a685cf','			Jl. Mundu No. 75		','Ayu1.JPG',NULL,NULL,NULL,3),
(305,4,NULL,'14.7',18,240,15,'2617100','0','357809601071000','Maria Prihandrijanti','Dr. rer. n','S.T.','P','Surabaya','1971-10-20','','085692311271,,','maria.prihandrijanti@podomorouniversity.ac.id',NULL,'68e1c773b991dc6be198c3974ac3ecf12daaf9aa','			Klampis Aji 1/10		','maria.jpg',NULL,NULL,NULL,3),
(306,1,NULL,'14.7',14,133,11,'3018001','0','327501221091001','Denny Ardhi Wibowo ','','S.H., M.H.','L','Jakarta ','1991-10-22','',',,','denny.wibowo@podomorouniversity.ac.id,,',NULL,'5f5d0fd61c69eb756bd563bf47c048192bc58696','			Jalan Melati 11 No. 2A		','Denny_Ardhi_Wibowo.JPG',NULL,NULL,NULL,3),
(307,1,NULL,'14.7',17,133,11,'2517107','0','0','Inez Rahmadyani','','M.Sc.','P','Jakarta ','1989-05-31','','0817222996,,','i.rahmadyani@gmail.com,,',NULL,'cacee1987e1407bdad4f66363774662758dd9c84','												','',NULL,NULL,NULL,4),
(308,4,NULL,'14.7',17,340,24,'2517113','0','717109131293003','Daniel Mambo Tampi','','S.T., M.Si','L','Jakarta ','1993-12-13','','085298780250,,','danielmambo131293@gmail.com,,',NULL,'4157fc804b5823c67bbf154c2ab2f69ac1fbdf03','					','Pas_Foto.jpg',NULL,NULL,NULL,4),
(309,1,NULL,'14.7',4,246,16,'2218002','0','367112790001','Ferdinand Fassa','','S.T., M.T.','L','Jakarta','1979-12-01','','08128206940,,','ferdinand.fassa@podomorouniversity.ac.id,,',NULL,'75443ba03bceeab59fa8475a3d3a5fcb56d5e0c5','			Puri Bintang Hijau H/1			','FERDINAND_FASSA.JPG',NULL,NULL,NULL,3),
(310,1,NULL,'14.7',16,197,13,'2318008','0','337503570993000','Azzah Balqis Sabbah','','S.T., M.T.','P','Pekalongan','1993-09-17','','085775005181,,','azzah.balqis@gmail.com,,',NULL,'0825d54fd3ffc5b470bcd157a4e87c471e0b047b','			Jalan Palapa III/20				','',NULL,NULL,NULL,4),
(311,4,NULL,'14.7',3,134,11,'3018007','0','','Johanes ','','','L','Palembang','1983-12-29','','08128258928,08182340','yaples.lawyer@gmail.com,,',NULL,'f12d474038e5d8d59419eed3e4f42bc6e9af1556','Jl. Danau Mahalona No. 32  Bendungan Hilir','Yohannes.jpg',NULL,NULL,NULL,3),
(312,3,NULL,'14.7',16,136,11,'2318004','0','317301431065000','Wati Asriningsih Pranoto ','Dr. Ir. ','M.T.','P','Jakarta','1965-10-03','','081288303744,,','watip@ft.untar.ac.id,,',NULL,'1d43e6acb8cddf82b91fdda1c3f00e02625284bf','									Jl. Kemuning Hijau II Blok A5 No. 2 								','Wati.JPG',NULL,NULL,NULL,4),
(313,1,NULL,'14.7',3,136,11,'2118006','0','0','Rahman Andra Wijaya','','','L','Banjarmasin','1975-02-10','','081807137199,0815964','rahmanandra.wijaya@aecom.com,rahmanandrawijay',NULL,'67e3e049ded611dc350d4042b7d0cda4e0150e9f','												','Rahman.JPG',NULL,NULL,NULL,3),
(314,4,NULL,'14.7',3,158,12,'2118009','0','----','Santoni','','','L','Cirebon','1990-12-06','','081212248988,,','shuaichengshan@gmail.com,,',NULL,'6661080574a585003ef823bebbad23c3d4749867','							','61cc3be4-59e7-4176-a215-0fe9f3385e16.jpg',NULL,NULL,NULL,3),
(315,6,NULL,'14.7',3,135,11,'2118010','0','','Sidhi Wiguna Teh','','','L','Medan','1965-03-12','','081316882000,,','sidhi_w@yahoo.com,,',NULL,'658429a2a752a7821a37ddcdcb9b42a083c08037','Komp. Rukan Gading Kirana Barat VIII Blok F-10 No. 23 		','',NULL,NULL,NULL,3),
(316,1,NULL,'14.7',3,138,11,'3118011','0','','Reno Agustianto','','','L','Jakarta ','1981-08-08','','082271018848,,','renosabardi@rocketmail.com,,',NULL,'44facf41adf50f0ecf65a6b6fd2ba6cde482d7bd','		','',NULL,NULL,NULL,3),
(317,3,NULL,'14.7',3,159,12,'3118012','0','','Danny T.W. Johannes ','','','L','Jakarta ','1969-10-04','','08176974277,,','dannyjohannes@gmail.com,,',NULL,'eec65e0e25f849af23aaf857b1aa420786bbc63f','Cluster Harmoni HZ 29/11		','',NULL,NULL,NULL,3),
(318,3,NULL,'14.7',13,136,11,'3118013','0','317303710786000','Joe Handrani','','','P','Jakarta','1986-07-31','','087886480091,,','joehandrani@gmail.com,,',NULL,'04fd9926b64072bc2aafa34611c6b3460f7e0851','						Jl. Keadilan Petak XX No. 11						','',NULL,NULL,NULL,3),
(319,1,NULL,'14.7',3,157,12,'2417038','0','','Ihsan Prakasa','','','L','Bandung','1974-03-15','','08122092139,,','ihsan.prakasa@gmail.com,ihsan.prakasa@smartfr',NULL,'d5a301bf986f80c583dbe9b7f4dcf5b73f509012','Jl. Kenangan No. 2 A 		','',NULL,NULL,NULL,3),
(320,1,NULL,'14.7',18,137,11,'2615080','0','0','Atrin Rangkisani','','','P','Denpasar','1988-02-18','','087834979219,,','atrin.rangkisani@podomorouniversity.ac.id,ran',NULL,'3a131cd58ca76b39f243fa99f6c8a5c1cb97d2cf','												Jl. Persada Raya No. 8\nMenteng Dalam 									','',NULL,NULL,NULL,4),
(321,1,NULL,'14.7',3,135,11,'2318005','0','','Patmah Fatoni','','','P','Jakarta','1982-03-21','','08111799111,08180744','patmahfatoni@gmail.com,,',NULL,'e3c2a693deade834a77274c2d92b93b36e2de178','Jalan Gusti Permata Kebon Pala No. 5A ','id_patmah.jpg',NULL,NULL,NULL,3),
(322,1,NULL,'14.7',3,138,11,'3018014','0','','Yusuf Ausiandra ','','','L','Jakarta','1988-10-24','','081806751888,,','ausiandra.yusuf@gmail.com,,',NULL,'1cd58d9b383937dc46a1db136eb8bde91177dce3','Taman Pasadenia Unit A \nPulogadung		','',NULL,NULL,NULL,3),
(323,1,NULL,'14.7',3,160,12,'3018016','0','','M. Tohir Effendi','','','L','Palembang','1962-01-17','','0818866164,,','tohir89@gmail.com,,',NULL,'eec487edcc306918a39faa1fbfd5b861145acad7','Jl. Proklamasi Raya Blok B No. 4		','',NULL,NULL,NULL,3),
(324,4,NULL,'14.7',3,136,11,'3018015','0','','Mario Suryansyah','','','L','Jakarta','1989-12-06','','08170888966,,','suryansyah.partners@yahoo.com,,',NULL,'b7aca41aa9f675a1514f7e4af60db36adc934984','Perumahan Citra Blok E8 No. 37','',NULL,NULL,NULL,3),
(325,1,NULL,'14.7',3,160,12,'3018017','0','0000','Muhammad Junaidi','','','L','Tanjunga Karang','1968-06-20','','0811980919,,','junaidilaw88@gmail.com,,',NULL,'ee51d9e94e1bf265e151f78168b0ed584ade67d8','			Jl. Kencur No. 68 				','',NULL,NULL,NULL,3),
(326,1,NULL,'14.7',3,133,11,'2618019','0','','Abdul Halim','','','L','','1979-07-04','','0817130846,,','halim_abe@yahoo.com,,',NULL,'26a5cc4bf30b148670b7e01da5ad5aa3136e5542','Jl. Batu Ampar V/43 Kramat Jati, Jakarta 13520	','',NULL,NULL,NULL,3),
(327,1,NULL,'14.7',3,136,11,'7777777','7777777','-','DOSEN IFI','','','L','JAKARTA','2018-03-20','','-,-,',',,',NULL,'0e131a64fe887582a34c48059e44973812feb2eb','		','',NULL,NULL,NULL,3);

/*Table structure for table `employees_status` */

DROP TABLE IF EXISTS `employees_status`;

CREATE TABLE `employees_status` (
  `IDStatus` int(11) NOT NULL AUTO_INCREMENT,
  `Description` varchar(45) DEFAULT NULL,
  PRIMARY KEY (`IDStatus`)
) ENGINE=InnoDB AUTO_INCREMENT=5 DEFAULT CHARSET=latin1;

/*Data for the table `employees_status` */

insert  into `employees_status`(`IDStatus`,`Description`) values 
(1,'Permanent Employees'),
(2,'Contract Employees'),
(3,'Permanent Lecturer'),
(4,'Contract Lecturer');

/*Table structure for table `position` */

DROP TABLE IF EXISTS `position`;

CREATE TABLE `position` (
  `ID` int(11) NOT NULL AUTO_INCREMENT,
  `Position` varchar(45) DEFAULT NULL,
  `Description` text,
  PRIMARY KEY (`ID`)
) ENGINE=InnoDB AUTO_INCREMENT=15 DEFAULT CHARSET=latin1;

/*Data for the table `position` */

insert  into `position`(`ID`,`Position`,`Description`) values 
(1,'REKTOR','Rektor Podomoro University'),
(2,'WAKET I','Wakil Ketua I Bidang Akademik'),
(3,'WAKET II','Wakil Ketua II Bidang Operasi'),
(4,'WAKET III','Wakil Ketua III Bidang Kemahasiswaan'),
(5,'DEKAN','Dekan'),
(6,'KAPRODI','Kepala Program Study'),
(7,'DOSEN','Tenaga Pengajar'),
(8,'LABORAN','Laboran'),
(9,'ASDOS','Asisten Dosen'),
(10,'KABIRO','Kepala Biro'),
(11,'KABAG','Kepala Bagian'),
(12,'KASUBAG','Kepala Sub Bagian'),
(13,'STAFF','Staff'),
(14,'TEKNISI','Teknisi');

/*Table structure for table `religion` */

DROP TABLE IF EXISTS `religion`;

CREATE TABLE `religion` (
  `IDReligion` int(11) NOT NULL,
  `Religion` varchar(45) DEFAULT NULL,
  PRIMARY KEY (`IDReligion`)
) ENGINE=InnoDB DEFAULT CHARSET=latin1;

/*Data for the table `religion` */

insert  into `religion`(`IDReligion`,`Religion`) values 
(1,'Moslem'),
(3,'Catholic'),
(4,'Christian'),
(5,'Hindu'),
(6,'Buddhist'),
(7,'Confucianism');

/*Table structure for table `rule_users` */

DROP TABLE IF EXISTS `rule_users`;

CREATE TABLE `rule_users` (
  `ID` int(11) NOT NULL AUTO_INCREMENT,
  `NIP` varchar(50) NOT NULL,
  `IDDivision` int(11) NOT NULL,
  `privilege` enum('0','1') NOT NULL,
  PRIMARY KEY (`ID`)
) ENGINE=InnoDB AUTO_INCREMENT=19 DEFAULT CHARSET=latin1;

/*Data for the table `rule_users` */

insert  into `rule_users`(`ID`,`NIP`,`IDDivision`,`privilege`) values 
(1,'2017090',12,'1'),
(2,'2017090',10,'1'),
(3,'2017090',6,'1'),
(4,'2017090',9,'1'),
(5,'2017090',13,'1'),
(6,'2017090',8,'1'),
(7,'2017090',7,'1'),
(8,'1014026',6,'1'),
(9,'2015007',10,'1'),
(10,'2016065',12,'1'),
(11,'2016065',10,'1'),
(12,'2016065',6,'1'),
(13,'2016065',9,'1'),
(14,'2016065',13,'1'),
(15,'2016065',8,'1'),
(16,'2016065',7,'1'),
(17,'2016065',6,'1'),
(18,'2016065',10,'1');

/*!40101 SET SQL_MODE=@OLD_SQL_MODE */;
/*!40014 SET FOREIGN_KEY_CHECKS=@OLD_FOREIGN_KEY_CHECKS */;
/*!40014 SET UNIQUE_CHECKS=@OLD_UNIQUE_CHECKS */;
/*!40111 SET SQL_NOTES=@OLD_SQL_NOTES */;
