ID,SemesterID,ProgramsCampusID,BaseProdiID,MKID,MKCode,Teacher,TeamTeaching,DayID,ClassroomID,ClassGroup,StartSessions,EndSessions
46,3,1,7,4,SOC1001,1014034,1,3,4,15,15:00:00,16:50:00
51,3,1,4,1,UNI1004,1114053,1,2,4,9,10:00:00,11:50:00
52,3,1,6,3,UNI1001,1114005,1,2,4,7,13:00:00,14:50:00
53,3,1,7,3,UNI1001,1114005,1,2,4,7,13:00:00,14:50:00
54,3,1,13,3,UNI1001,1114005,1,2,4,7,13:00:00,14:50:00
55,3,1,4,13,CEM1012,1014034,1,2,5,19,15:00:00,16:50:00
59,3,1,3,10,ARC1031,2114002,1,2,8,20,15:00:00,17:50:00
60,3,1,3,3,UNI1001,1114005,1,3,3,8,10:00:00,11:50:00
61,3,1,4,3,UNI1001,1114005,0,3,3,8,10:00:00,11:50:00
62,3,1,6,2,UNI1003,1114048,1,3,5,5,10:00:00,11:50:00
63,3,1,7,2,UNI1003,1114048,1,3,5,5,10:00:00,11:50:00
64,3,1,13,2,UNI1003,1114048,1,3,5,5,10:00:00,11:50:00
69,3,1,13,20,HBP1004,3114014,1,3,2,18,13:00:00,14:50:00
71,3,1,3,11,ARC1041,2114033,1,3,8,20,08:00:00,11:50:00
72,3,1,6,3,UNI1001,1114005,1,4,3,5,10:00:00,11:50:00
73,3,1,7,3,UNI1001,1114005,1,4,3,5,10:00:00,11:50:00
74,3,1,13,3,UNI1001,1114005,0,4,3,5,10:00:00,11:50:00
75,3,1,3,2,UNI1003,1114048,1,4,5,7,10:00:00,11:50:00
76,3,1,4,2,UNI1003,1114048,1,4,5,7,10:00:00,11:50:00
80,3,1,6,3,UNI1001,1114005,1,4,2,7,13:00:00,14:50:00
81,3,1,7,3,UNI1001,1114005,0,4,2,7,13:00:00,14:50:00
82,3,1,13,3,UNI1001,1114005,1,4,2,7,13:00:00,14:50:00
83,3,1,4,16,CEM1041,2214036,1,3,5,19,13:00:00,14:50:00
84,3,1,3,9,ARC1021,2114041,1,4,8,20,15:00:00,17:50:00
85,3,1,3,3,UNI1001,1114005,1,5,9,8,10:00:00,11:50:00
86,3,1,4,3,UNI1001,1114005,0,5,9,8,10:00:00,11:50:00
87,3,1,6,2,UNI1003,1114048,1,5,2,5,10:00:00,11:50:00
88,3,1,7,2,UNI1003,1114048,0,5,2,5,10:00:00,11:50:00
89,3,1,13,2,UNI1003,1114048,0,5,2,5,10:00:00,11:50:00
94,3,1,13,17,HBP1007,3115061,1,5,1,18,08:00:00,09:50:00
97,3,1,3,11,ARC1041,2114033,1,3,8,20,13:00:00,17:50:00
98,3,1,13,18,HBP1008,3114065,1,6,6,18,08:00:00,09:50:00
99,3,1,3,11,ARC1041,2114033,1,6,8,20,08:00:00,11:50:00
101,3,1,6,5,UNI1002,1214044,0,6,5,15,10:00:00,11:50:00
102,3,1,7,5,UNI1002,1214044,0,6,5,15,10:00:00,11:50:00
103,3,1,13,19,HBP1009,3114065,1,6,6,18,10:00:00,11:50:00
104,3,1,6,5,UNI1002,1214044,1,6,5,13,14:00:00,15:50:00
105,3,1,7,5,UNI1002,1214044,0,6,5,13,14:00:00,15:50:00
106,3,1,13,18,HBP1008,3114065,1,6,6,18,14:00:00,17:50:00
107,3,1,3,11,ARC1041,2114033,1,6,8,20,14:00:00,17:50:00
108,3,1,13,17,HBP1007,3115061,1,5,6,18,13:00:00,16:50:00
109,3,1,3,8,ARC1011,2114045,1,5,8,20,13:00:00,15:50:00
117,3,1,6,1,UNI1004,1114053,1,2,5,4,13:00:00,14:50:00
118,3,1,7,1,UNI1004,1114053,1,2,5,4,13:00:00,14:50:00
119,3,1,13,1,UNI1004,1114053,1,2,5,4,13:00:00,14:50:00
120,3,1,6,1,UNI1004,1114053,0,3,2,6,10:00:00,11:50:00
121,3,1,7,1,UNI1004,1114053,0,3,2,6,10:00:00,11:50:00
122,3,1,13,1,UNI1004,1114053,1,3,2,6,10:00:00,11:50:00
123,3,1,6,1,UNI1004,1114053,1,4,2,9,10:00:00,11:50:00
124,3,1,7,1,UNI1004,1114053,1,4,2,9,10:00:00,11:50:00
125,3,1,13,1,UNI1004,1114053,1,4,2,9,10:00:00,11:50:00
126,3,1,6,1,UNI1004,1114053,1,4,5,4,13:00:00,14:50:00
127,3,1,7,1,UNI1004,1114053,1,4,5,4,13:00:00,14:50:00
128,3,1,13,1,UNI1004,1114053,1,4,5,4,13:00:00,14:50:00
133,3,1,6,4,SOC1001,1014034,1,6,2,15,08:00:00,09:50:00
134,3,1,7,4,SOC1001,1014034,1,6,2,15,08:00:00,09:50:00
135,3,1,6,4,SOC1001,1014034,1,6,2,13,10:00:00,11:50:00
136,3,1,7,4,SOC1001,1014034,1,6,2,13,10:00:00,11:50:00
137,3,1,3,3,UNI1001,1114005,0,2,3,5,10:00:00,11:50:00
141,3,1,13,3,UNI1001,1114005,0,2,3,5,10:00:00,11:50:00
142,3,1,3,2,UNI1003,1114048,0,2,5,7,10:00:00,11:50:00
146,3,1,13,2,UNI1003,1114048,0,2,5,7,10:00:00,11:50:00
149,3,1,13,1,UNI1004,1114053,1,2,4,9,10:00:00,11:50:00
242,3,1,6,1,UNI1004,1114053,1,2,4,9,10:00:00,11:50:00
243,3,1,7,1,UNI1004,1114053,1,2,4,9,10:00:00,11:50:00
244,3,1,3,3,UNI1001,1114005,1,2,4,7,13:00:00,14:50:00
245,3,1,4,3,UNI1001,1114005,1,2,4,7,13:00:00,14:50:00
246,3,1,6,3,UNI1001,1114005,1,3,3,8,10:00:00,11:50:00
247,3,1,7,3,UNI1001,1114005,1,3,3,8,10:00:00,11:50:00
248,3,1,13,3,UNI1001,1114005,1,3,3,8,10:00:00,11:50:00
249,3,1,4,1,UNI1004,1114053,1,2,5,4,13:00:00,14:50:00
255,3,1,3,2,UNI1003,1114048,1,2,3,8,13:00:00,14:50:00
256,3,1,4,2,UNI1003,1114048,1,2,3,8,13:00:00,14:50:00
257,3,1,6,2,UNI1003,1114048,1,2,3,8,13:00:00,14:50:00
258,3,1,7,2,UNI1003,1114048,1,2,3,8,13:00:00,14:50:00
259,3,1,13,2,UNI1003,1114048,1,2,3,8,13:00:00,14:50:00
260,3,1,3,2,UNI1003,1114048,1,3,5,5,10:00:00,11:50:00
261,3,1,4,2,UNI1003,1114048,1,3,5,5,10:00:00,11:50:00
262,3,1,4,1,UNI1004,1114053,1,3,2,6,10:00:00,11:50:00
271,3,1,6,4,SOC1001,1014034,1,3,4,13,13:00:00,14:50:00
272,3,1,7,4,SOC1001,1014034,1,3,4,13,13:00:00,14:50:00
275,3,1,6,5,UNI1002,1214044,0,3,3,15,13:00:00,14:50:00
276,3,1,7,5,UNI1002,1214044,0,3,3,15,13:00:00,14:50:00
277,3,1,3,3,UNI1001,1114005,1,4,3,5,10:00:00,11:50:00
278,3,1,4,3,UNI1001,1114005,1,4,3,5,10:00:00,11:50:00
279,3,1,6,2,UNI1003,1114048,1,4,5,7,10:00:00,11:50:00
280,3,1,7,2,UNI1003,1114048,1,4,5,7,10:00:00,11:50:00
281,3,1,13,2,UNI1003,1114048,1,4,5,7,10:00:00,11:50:00
282,3,1,4,1,UNI1004,1114053,1,4,2,9,10:00:00,11:50:00
290,3,1,4,1,UNI1004,1114053,1,4,5,4,13:00:00,14:50:00
293,3,1,3,2,UNI1003,1114048,1,4,3,8,13:00:00,14:50:00
294,3,1,4,2,UNI1003,1114048,1,4,3,8,13:00:00,14:50:00
295,3,1,6,2,UNI1003,1114048,1,4,3,8,13:00:00,14:50:00
296,3,1,7,2,UNI1003,1114048,1,4,3,8,13:00:00,14:50:00
297,3,1,13,2,UNI1003,1114048,1,4,3,8,13:00:00,14:50:00
298,3,1,6,5,UNI1002,1214044,1,4,5,13,15:00:00,16:50:00
299,3,1,7,5,UNI1002,1214044,1,4,5,13,15:00:00,16:50:00
300,3,1,6,3,UNI1001,1114005,1,5,9,8,10:00:00,11:50:00
301,3,1,7,3,UNI1001,1114005,1,5,9,8,10:00:00,11:50:00
302,3,1,13,3,UNI1001,1114005,1,5,9,8,10:00:00,11:50:00
303,3,1,3,2,UNI1003,1114048,1,5,2,5,10:00:00,11:50:00
304,3,1,4,2,UNI1003,1114048,1,5,2,5,10:00:00,11:50:00
305,3,1,4,1,UNI1004,1114053,1,5,5,6,10:00:00,11:50:00
306,3,1,6,1,UNI1004,1114053,1,5,5,6,10:00:00,11:50:00
307,3,1,7,1,UNI1004,1114053,1,5,5,6,10:00:00,11:50:00
308,3,1,13,1,UNI1004,1114053,1,5,5,6,10:00:00,11:50:00
309,3,1,4,12,CEM1011,1014034,0,5,5,19,15:00:00,16:50:00
324,3,1,3,3,UNI1001,1114005,1,4,2,7,13:00:00,14:50:00
325,3,1,4,3,UNI1001,1114005,1,4,2,7,13:00:00,14:50:00
335,3,1,4,3,UNI1001,1114005,1,2,3,5,10:00:00,11:50:00
336,3,1,6,3,UNI1001,1114005,1,2,3,5,10:00:00,11:50:00
337,3,1,7,3,UNI1001,1114005,1,2,3,5,10:00:00,11:50:00
338,3,1,4,2,UNI1003,1114048,1,2,5,7,10:00:00,11:50:00
339,3,1,6,2,UNI1003,1114048,1,2,5,7,10:00:00,11:50:00
340,3,1,7,2,UNI1003,1114048,1,2,5,7,10:00:00,11:50:00
341,3,1,6,4,SOC1001,1014034,1,3,4,15,15:00:00,16:50:00
366,4,1,3,35,ARC2022,2114041,1,2,8,20,09:00:00,11:50:00
367,4,1,13,41,HBP2003T,3114014,1,3,2,18,15:00:00,16:50:00
368,4,1,13,42,HBP2001T,3114039,1,3,3,18,10:00:00,11:50:00
369,4,1,13,40,HBP2005T,3114016,1,3,2,18,13:00:00,14:50:00
371,4,1,6,31,SOC2004,1114053,0,3,13,46,08:00:00,09:50:00
372,4,1,7,31,SOC2004,1114053,0,3,13,46,08:00:00,09:50:00
373,4,1,6,31,SOC2004,1114053,1,3,13,47,10:00:00,11:50:00
374,4,1,7,31,SOC2004,1114053,1,3,13,47,10:00:00,11:50:00
379,4,1,6,33,SOC2006,1114053,1,3,3,50,13:00:00,14:50:00
380,4,1,7,33,SOC2006,1114053,1,3,3,50,13:00:00,14:50:00
384,4,1,4,26,CEM2051,2214036,1,2,5,19,13:00:00,15:50:00
385,4,1,3,34,ARC2042,2114033,1,3,8,20,08:00:00,09:50:00
393,4,1,6,28,UNI2005,1114005,1,4,2,41,10:00:00,11:50:00
394,4,1,7,28,UNI2005,1114005,1,4,2,41,10:00:00,11:50:00
395,4,1,13,28,UNI2005,1114005,1,4,2,41,10:00:00,11:50:00
398,4,1,6,28,UNI2005,1114005,1,4,5,40,13:00:00,14:50:00
399,4,1,7,28,UNI2005,1114005,1,4,5,40,13:00:00,14:50:00
400,4,1,13,28,UNI2005,1114005,1,4,5,40,13:00:00,14:50:00
401,4,1,6,30,SOC2003,1114058,1,4,5,42,10:00:00,11:50:00
402,4,1,7,30,SOC2003,1114058,1,4,5,42,10:00:00,11:50:00
403,4,1,13,30,SOC2003,1114058,1,4,5,42,10:00:00,11:50:00
404,4,1,6,30,SOC2003,1114058,1,4,2,43,13:00:00,14:50:00
405,4,1,7,30,SOC2003,1114058,1,4,2,43,13:00:00,14:50:00
406,4,1,13,30,SOC2003,1114058,1,4,2,43,13:00:00,14:50:00
410,4,1,3,36,ARC2012,2114045,1,4,8,20,09:00:00,11:50:00
415,4,1,6,29,SOC2002,1014034,1,5,1,44,10:00:00,11:50:00
416,4,1,7,29,SOC2002,1014034,1,5,1,44,10:00:00,11:50:00
417,4,1,6,29,SOC2002,1014034,1,5,1,45,08:00:00,09:50:00
418,4,1,7,29,SOC2002,1014034,1,5,1,45,08:00:00,09:50:00
419,4,1,4,43,CEM2041,2215084,1,5,5,19,09:00:00,11:50:00
420,4,1,4,24,CEM2031,2214066,1,5,5,19,13:00:00,14:50:00
421,4,1,4,25,CEM2032,2215009,1,5,5,19,15:00:00,16:50:00
426,4,1,3,37,ARC2032,2114002,1,5,8,20,09:00:00,11:50:00
427,4,1,3,38,ARC2061,2114040,1,5,8,20,13:00:00,15:50:00
435,4,1,3,34,ARC2042,2114033,1,6,8,20,08:00:00,09:50:00
439,4,1,3,34,ARC2042,2114033,1,3,8,20,10:00:00,11:50:00
440,4,1,3,34,ARC2042,2114033,1,3,8,20,12:00:00,13:50:00
441,4,1,3,34,ARC2042,2114033,1,6,8,20,10:00:00,11:50:00
442,4,1,3,34,ARC2042,2114033,1,6,8,20,13:00:00,14:50:00
443,4,1,6,28,UNI2005,1114005,1,2,3,41,10:00:00,11:50:00
444,4,1,7,28,UNI2005,1114005,1,2,3,41,10:00:00,11:50:00
445,4,1,13,28,UNI2005,1114005,1,2,3,41,10:00:00,11:50:00
446,4,1,6,28,UNI2005,1114005,1,2,4,40,13:00:00,14:50:00
447,4,1,7,28,UNI2005,1114005,1,2,4,40,13:00:00,14:50:00
448,4,1,13,28,UNI2005,1114005,1,2,4,40,13:00:00,14:50:00
449,4,1,6,30,SOC2003,1114058,1,2,2,42,10:00:00,11:50:00
450,4,1,7,30,SOC2003,1114058,1,2,2,42,10:00:00,11:50:00
451,4,1,13,30,SOC2003,1114058,1,2,2,42,10:00:00,11:50:00
452,4,1,6,30,SOC2003,1114058,1,2,3,43,13:00:00,14:50:00
453,4,1,7,30,SOC2003,1114058,1,2,3,43,13:00:00,14:50:00
454,4,1,13,30,SOC2003,1114058,1,2,3,43,13:00:00,14:50:00
457,4,1,4,21,CEM2043,2214036,0,3,5,19,13:00:00,14:50:00
458,4,1,6,29,SOC2002,1014034,1,3,1,45,08:00:00,09:50:00
459,4,1,7,29,SOC2002,1014034,1,3,1,45,08:00:00,09:50:00
460,4,1,6,29,SOC2002,1014034,1,3,1,44,10:00:00,11:50:00
461,4,1,7,29,SOC2002,1014034,1,3,1,44,10:00:00,11:50:00
466,4,1,4,22,CEM2042,2215084,1,3,5,19,09:00:00,11:50:00
467,4,1,4,27,CEM2052,2214036,0,4,10,19,10:00:00,11:50:00
468,4,1,4,23,CEM2011,2215010,0,2,5,19,10:00:00,11:50:00
469,4,1,3,34,ARC2042,2114033,1,3,8,20,14:00:00,15:50:00
470,4,1,3,34,ARC2042,2114033,1,3,8,20,16:00:00,17:50:00
471,4,1,3,34,ARC2042,2114033,1,6,8,20,15:00:00,16:50:00
507,4,1,6,31,SOC2004,1114053,0,5,13,46,08:00:00,09:50:00
508,4,1,7,31,SOC2004,1114053,0,5,13,46,08:00:00,09:50:00
515,4,1,6,31,SOC2004,1114053,0,5,13,47,10:00:00,11:50:00
516,4,1,7,31,SOC2004,1114053,0,5,13,47,10:00:00,11:50:00
519,4,1,6,33,SOC2006,1114053,1,5,3,50,13:00:00,14:50:00
520,4,1,7,33,SOC2006,1114053,1,5,3,50,13:00:00,14:50:00
523,4,1,7,46,ACC2101,1214044,1,6,5,17,10:00:00,11:50:00
542,4,1,4,2,UNI1003,1014023,1,6,2,32,15:00:00,16:50:00
543,4,1,6,2,UNI1003,1014023,1,6,2,32,15:00:00,16:50:00
544,4,1,7,2,UNI1003,1014023,1,6,2,32,15:00:00,16:50:00
545,4,1,4,2,UNI1003,1014023,1,6,2,32,13:00:00,14:50:00
546,4,1,6,2,UNI1003,1014023,1,6,2,32,13:00:00,14:50:00
547,4,1,7,2,UNI1003,1014023,1,6,2,32,13:00:00,14:50:00
548,4,1,6,32,SOC2005,1114005,1,3,2,46,08:00:00,09:50:00
549,4,1,7,32,SOC2005,1114005,1,3,2,46,08:00:00,09:50:00
550,4,1,6,32,SOC2005,1114005,1,3,2,47,10:00:00,11:50:00
551,4,1,7,32,SOC2005,1114005,1,3,2,47,10:00:00,11:50:00
552,4,1,6,32,SOC2005,1114005,1,5,2,46,08:00:00,09:50:00
553,4,1,7,32,SOC2005,1114005,1,5,2,46,08:00:00,09:50:00
554,4,1,6,32,SOC2005,1114005,1,5,2,47,10:00:00,11:50:00
555,4,1,7,32,SOC2005,1114005,1,5,2,47,10:00:00,11:50:00
577,4,1,13,51,HBP2003P,3114014,1,5,11,27,08:00:00,09:50:00
578,4,1,13,51,HBP2003P,3114014,1,5,11,27,10:00:00,11:50:00
579,4,1,13,51,HBP2003P,3114014,1,5,11,30,14:00:00,15:50:00
580,4,1,13,51,HBP2003P,3114014,1,5,11,30,16:00:00,17:50:00
581,4,1,13,47,HBP2017P,3114038,0,5,4,30,08:00:00,09:50:00
582,4,1,13,47,HBP2017P,3114038,0,5,4,30,10:00:00,11:50:00
583,4,1,13,47,HBP2017P,3114038,0,5,10,27,14:00:00,15:50:00
584,4,1,13,47,HBP2017P,3114038,0,5,4,27,16:00:00,17:50:00
585,4,1,13,52,HBP2001P,3114039,0,6,11,27,08:00:00,09:50:00
586,4,1,13,52,HBP2001P,3114039,0,6,11,27,10:00:00,11:50:00
588,4,1,13,52,HBP2001P,3114039,0,6,11,30,14:00:00,15:50:00
589,4,1,13,52,HBP2001P,3114039,0,6,11,30,16:00:00,17:50:00
590,4,1,13,50,HBP2005P,3114016,1,6,12,30,08:00:00,09:50:00
591,4,1,13,50,HBP2005P,3114016,1,6,12,30,10:00:00,11:50:00
592,4,1,13,50,HBP2005P,3114016,1,6,12,27,14:00:00,15:50:00
593,4,1,13,50,HBP2005P,3114016,1,6,12,27,16:00:00,17:50:00
594,4,1,13,39,HBP2017T,3114016,1,3,3,27,08:00:00,09:50:00
595,4,1,13,39,HBP2017T,3114038,1,3,4,30,08:00:00,09:50:00
596,5,1,6,64,WUN0012,1014023,1,2,17,57,08:00:00,09:50:00
597,5,1,7,64,WUN0012,1014023,1,2,17,57,08:00:00,09:50:00
598,5,1,4,64,WUN0012,1014023,1,2,17,45,10:00:00,11:50:00
599,5,1,6,58,SOC2107,1115027,1,2,5,74,13:00:00,14:50:00
600,5,1,7,58,SOC2107,1115027,1,2,5,74,13:00:00,14:50:00
601,5,1,3,99,ARC0003,2114002,1,5,5,64,13:00:00,15:50:00
602,5,1,4,72,CEM3043,2216031,0,5,4,90,10:30:00,13:00:00
603,5,1,13,91,HOT0002,3115006,0,2,1,69,08:00:00,09:50:00
604,5,1,13,91,HOT0002,3115006,1,2,1,69,10:00:00,11:50:00
605,5,1,13,91,HOT0002,3115006,0,2,1,67,13:00:00,14:50:00
606,5,1,13,91,HOT0002,3115006,1,2,1,67,15:00:00,16:50:00
608,5,1,3,63,WUN0011,1114005,1,2,3,55,13:00:00,15:50:00
609,5,1,4,63,WUN0011,1114005,1,2,3,55,13:00:00,15:50:00
610,5,1,3,63,WUN0011,1115002,1,2,17,56,13:00:00,15:50:00
611,5,1,4,63,WUN0011,1115002,1,2,17,56,13:00:00,15:50:00
612,5,1,3,98,ARC0002,2114041,0,6,6,65,09:00:00,11:50:00
613,5,1,4,68,CEM3011,2215008,0,2,10,90,09:00:00,11:50:00
614,5,1,14,85,LAW0001,3015087,0,2,2,66,09:00:00,11:50:00
618,5,1,3,82,"ARC 3043",2114041,1,2,8,91,12:00:00,13:50:00
619,5,1,3,82,"ARC 3043",2114041,1,2,8,91,14:00:00,15:50:00
621,5,1,13,93,HOT0004,3115056,1,2,14,67,08:00:00,09:50:00
622,5,1,13,93,HOT0004,3115056,0,2,14,67,10:00:00,11:50:00
623,5,1,13,93,HOT0004,3115056,0,2,14,69,13:00:00,14:50:00
624,5,1,13,93,HOT0004,3115056,0,2,14,69,15:00:00,16:50:00
625,5,1,6,54,SOC3002,1115027,1,2,3,71,09:00:00,11:50:00
626,5,1,7,54,SOC3002,1115027,1,2,3,71,09:00:00,11:50:00
627,5,1,6,66,PUN0002,1215043,0,2,16,60,10:00:00,11:50:00
628,5,1,7,66,PUN0002,1215043,0,2,16,60,10:00:00,11:50:00
629,5,1,13,91,HOT0002,3115061,1,3,1,70,08:00:00,09:50:00
630,5,1,13,91,HOT0002,3115061,1,3,1,70,10:00:00,11:50:00
631,5,1,13,91,HOT0002,3115061,1,3,1,68,13:00:00,14:50:00
632,5,1,13,91,HOT0002,3115061,1,3,1,68,15:00:00,16:50:00
633,5,1,6,65,PUN0001,1114055,0,3,3,79,08:00:00,09:50:00
634,5,1,7,65,PUN0001,1114055,0,3,3,79,08:00:00,09:50:00
635,5,1,6,65,PUN0001,1114055,0,3,3,78,15:00:00,16:50:00
636,5,1,7,65,PUN0001,1114055,0,3,3,78,15:00:00,16:50:00
637,5,1,3,84,MKU001,3015016,1,3,15,75,15:00:00,16:50:00
638,5,1,14,84,MKU001,3015016,1,3,15,75,15:00:00,16:50:00
639,5,1,6,57,ENT3001,1114053,0,3,15,88,08:00:00,09:50:00
640,5,1,6,67,WUN0005,1114053,0,3,3,58,10:00:00,11:50:00
641,5,1,7,67,WUN0005,1114053,0,3,3,58,10:00:00,11:50:00
645,5,1,4,70,CEM3032,2215055,0,3,4,90,08:00:00,10:50:00
647,5,1,6,89,MKU002,3015016,1,3,15,76,13:00:00,14:50:00
652,5,1,3,81,"ARC 3033",2114002,1,3,5,91,08:00:00,10:50:00
653,5,1,7,60,ACC3002,1215032,0,3,15,86,10:00:00,11:50:00
654,5,1,3,100,ARC0004,2114041,1,3,6,64,08:00:00,09:50:00
655,5,1,3,100,ARC0004,2114041,1,3,6,64,10:00:00,11:50:00
656,5,1,3,100,ARC0004,2114040,1,3,6,64,12:00:00,13:50:00
658,5,1,3,82,"ARC 3043",2115059,1,2,8,91,10:00:00,11:50:00
659,5,1,3,100,ARC0004,2114040,1,3,6,64,14:00:00,15:50:00
660,5,1,3,100,ARC0004,2114045,1,3,8,65,08:00:00,09:50:00
661,5,1,3,100,ARC0004,2114045,1,3,8,65,10:00:00,11:50:00
662,5,1,3,100,ARC0004,2114041,1,3,8,65,12:00:00,13:50:00
663,5,1,3,100,ARC0004,2114041,1,3,8,65,14:00:00,15:50:00
664,5,1,6,56,SOC3004,3015034,0,2,18,73,15:00:00,16:50:00
665,5,1,7,56,SOC3004,3015034,0,2,18,73,15:00:00,16:50:00
666,5,1,13,93,HOT0004,3115056,0,3,14,68,08:00:00,09:50:00
667,5,1,13,93,HOT0004,3115056,1,3,14,68,10:00:00,11:50:00
668,5,1,13,93,HOT0004,3115056,1,3,14,70,13:00:00,14:50:00
669,5,1,13,93,HOT0004,3115056,0,3,14,70,15:00:00,16:50:00
670,5,1,13,64,WUN0012,1115045,1,4,3,41,08:00:00,09:50:00
672,5,1,4,76,CEM0003,2214067,0,4,15,84,13:00:00,14:50:00
673,5,1,6,64,WUN0012,1014023,1,4,17,57,08:00:00,09:50:00
674,5,1,7,64,WUN0012,1014023,1,4,17,57,08:00:00,09:50:00
675,5,1,6,58,SOC2107,1115027,1,4,5,74,13:00:00,14:50:00
676,5,1,7,58,SOC2107,1115027,1,4,5,74,13:00:00,14:50:00
677,5,1,6,55,SOC3003,1115054,1,4,2,72,09:00:00,11:50:00
678,5,1,7,55,SOC3003,1115054,1,4,2,72,09:00:00,11:50:00
679,5,1,4,75,CEM0002,2214036,0,4,15,84,15:00:00,16:50:00
681,5,1,3,79,"ARC 3013",2114045,0,4,8,91,09:00:00,11:50:00
682,5,1,3,97,ARC0001,2114045,0,4,8,65,14:00:00,16:50:00
683,5,1,6,66,PUN0002,1215043,0,4,15,60,10:00:00,11:50:00
684,5,1,7,66,PUN0002,1215043,0,4,15,60,10:00:00,11:50:00
685,5,1,3,83,"MKU004 ",1014073,0,4,4,80,13:00:00,14:50:00
686,5,1,4,73,CEM3052,2215017,0,4,5,90,09:00:00,11:50:00
687,5,1,13,63,WUN0011,1114005,1,4,3,53,13:00:00,15:50:00
688,5,1,14,63,WUN0011,1114005,1,4,3,53,13:00:00,15:50:00
689,5,1,13,63,WUN0011,1115002,1,4,18,52,13:00:00,15:50:00
690,5,1,14,63,WUN0011,1115002,1,4,18,52,13:00:00,15:50:00
691,5,1,4,71,CEM3042,2215008,0,5,2,90,09:00:00,11:50:00
692,5,1,13,94,HOT0005,3114038,1,5,18,82,13:00:00,14:50:00
693,5,1,13,96,HOT0007,3114039,1,5,18,82,15:00:00,16:50:00
694,5,1,13,94,HOT0005,3114038,1,5,18,81,09:00:00,10:50:00
695,5,1,4,74,CEM0001,1014034,0,5,4,84,13:00:00,15:50:00
696,5,1,13,95,HOT0006,3114016,0,5,17,82,09:00:00,10:50:00
697,5,1,6,57,ENT3001,1114055,1,5,3,88,13:00:00,14:50:00
698,5,1,13,96,HOT0007,3114014,1,5,17,81,15:00:00,16:50:00
699,5,1,3,97,ARC0001,2114045,0,5,5,64,09:00:00,11:50:00
701,5,1,3,82,"ARC 3043",2114041,1,5,8,91,08:00:00,09:50:00
702,5,1,3,82,"ARC 3043",2114041,1,5,8,91,10:00:00,11:50:00
704,5,1,3,82,"ARC 3043",2115059,1,5,8,91,13:00:00,14:50:00
705,5,1,3,82,"ARC 3043",2115059,1,5,8,91,15:00:00,16:50:00
706,5,1,14,87,LAW0003,3015016,0,5,16,66,13:00:00,15:50:00
707,5,1,4,43,CEM2041,2215084,0,5,2,90,13:00:00,15:50:00
708,5,1,6,65,PUN0001,1114055,0,5,3,79,08:00:00,09:50:00
709,5,1,7,65,PUN0001,1114055,0,5,3,79,08:00:00,09:50:00
710,5,1,4,64,WUN0012,1014023,1,4,17,45,10:00:00,11:50:00
711,5,1,7,60,ACC3002,1215032,0,5,15,86,13:00:00,14:50:00
712,5,1,6,65,PUN0001,1114055,0,5,3,78,15:00:00,16:50:00
713,5,1,7,65,PUN0001,1114055,0,5,3,78,15:00:00,16:50:00
714,5,1,3,99,ARC0003,2114002,1,2,5,65,09:00:00,11:50:00
715,5,1,6,67,WUN0005,1114053,1,5,15,58,10:00:00,11:50:00
716,5,1,7,67,WUN0005,1114053,1,5,15,58,10:00:00,11:50:00
717,5,1,13,95,HOT0006,3114016,0,5,17,81,13:00:00,14:50:00
718,5,1,6,56,SOC3004,3015034,0,5,3,73,10:00:00,11:50:00
719,5,1,7,56,SOC3004,3015034,0,5,3,73,10:00:00,11:50:00
721,5,1,3,80,"ARC 3023",2114042,0,6,1,91,14:00:00,16:50:00
722,5,1,6,63,WUN0011,1114005,1,6,18,51,09:00:00,11:50:00
723,5,1,7,63,WUN0011,1114005,1,6,18,51,09:00:00,11:50:00
724,5,1,13,92,HOT0003,3114014,0,6,3,81,14:00:00,15:50:00
725,5,1,13,64,WUN0012,1115045,0,6,3,41,08:00:00,09:50:00
726,5,1,13,90,HOT0001,3114038,0,6,3,81,10:00:00,11:50:00
727,5,1,13,90,HOT0001,3114038,0,6,17,82,14:00:00,15:50:00
728,5,1,13,92,HOT0003,3114014,0,6,5,82,08:00:00,09:50:00
730,5,1,7,59,SOC3001,1214044,0,6,2,86,09:00:00,11:50:00
732,5,1,14,88,LAW0004,3015016,1,6,10,66,14:00:00,16:50:00
733,5,1,6,53,SOC3001,1215032,0,6,15,88,08:00:00,10:50:00
734,5,1,4,101,CEM3031,2214036,0,6,5,90,14:00:00,15:50:00
737,5,1,3,100,ARC0004,2114033,1,6,8,64,08:00:00,09:50:00
738,5,1,3,100,ARC0004,2114033,1,6,8,64,10:00:00,11:50:00
739,5,1,3,100,ARC0004,2114033,1,6,8,64,14:00:00,15:50:00
740,5,1,3,100,ARC0004,2114033,1,6,8,64,16:00:00,17:50:00
741,5,1,3,82,"ARC 3043",2114041,1,2,8,91,16:00:00,17:50:00
742,5,1,3,100,ARC0004,2114040,1,3,6,64,16:00:00,17:50:00
743,5,1,3,100,ARC0004,2114041,1,3,8,65,16:00:00,17:50:00
744,5,1,3,100,ARC0004,2114033,1,5,6,65,08:00:00,09:50:00
745,5,1,3,100,ARC0004,2114033,1,5,6,65,10:00:00,11:50:00
746,5,1,3,100,ARC0004,2114033,1,5,6,65,13:00:00,14:50:00
747,5,1,3,100,ARC0004,2114033,1,5,6,65,15:00:00,16:50:00
750,5,1,13,77,HBP3017,3114039,1,7,13,18,08:00:00,09:50:00
751,5,1,13,78,HBP3012,3114016,1,8,13,18,08:00:00,09:50:00
753,5,1,13,78,HBP3012,3114016,1,8,13,18,13:00:00,14:50:00
754,5,1,13,78,HBP3012,3114016,1,8,13,18,10:00:00,11:50:00
755,5,1,13,78,HBP3012,3114016,1,8,13,18,15:00:00,16:50:00
756,5,1,13,77,HBP3017,3114039,1,7,13,18,10:00:00,11:50:00
757,5,1,7,84,MKU001,3015016,1,3,15,75,15:00:00,16:50:00
762,5,1,4,89,MKU002,3015016,1,3,15,76,13:00:00,14:50:00
763,5,1,4,83,"MKU004 ",1014073,0,4,4,80,13:00:00,14:50:00
787,5,1,4,67,WUN0005,1114053,1,3,3,59,17:00:00,19:00:00
792,5,1,4,67,WUN0005,1114053,1,6,17,59,08:00:00,09:50:00
793,5,1,3,1,UNI1004,1114053,1,6,17,91,08:00:00,09:50:00
794,5,1,3,1,UNI1004,1114053,1,3,3,91,13:00:00,14:50:00
798,5,1,13,64,WUN0012,1115045,0,4,3,43,10:00:00,11:50:00
799,5,1,13,64,WUN0012,1115045,0,6,5,43,10:00:00,11:50:00
808,5,1,3,82,"ARC 3043",2115059,1,2,8,91,08:00:00,09:50:00
810,5,1,3,11,ARC1041,2114045,1,3,8,20,08:00:00,09:50:00
811,5,1,3,11,ARC1041,2114045,1,3,8,20,10:00:00,11:50:00
812,5,1,3,11,ARC1041,2114041,1,3,8,20,12:00:00,13:50:00
813,5,1,3,11,ARC1041,2114041,1,3,8,20,14:00:00,15:50:00
814,5,1,3,11,ARC1041,2114041,1,3,8,20,16:00:00,17:50:00
815,5,1,3,11,ARC1041,2114033,1,5,6,20,08:00:00,09:50:00
816,5,1,3,11,ARC1041,2114033,1,5,6,20,10:00:00,11:50:00
817,5,1,3,11,ARC1041,2114033,1,5,6,20,13:00:00,14:50:00
818,5,1,3,11,ARC1041,2114033,1,5,6,20,15:00:00,16:50:00
820,5,1,6,4,SOC1001,1114055,0,3,3,16,15:00:00,16:50:00
821,5,1,7,4,SOC1001,1114055,0,3,3,16,15:00:00,16:50:00
822,5,1,6,4,SOC1001,1114055,0,5,3,16,15:00:00,16:50:00
823,5,1,7,4,SOC1001,1114055,0,5,3,16,15:00:00,16:50:00
824,5,1,4,13,CEM1012,2214036,0,4,15,19,15:00:00,16:50:00
825,5,1,3,98,ARC0002,2114041,1,2,6,64,09:00:00,11:50:00
826,5,1,14,89,MKU002,3015016,1,3,15,76,13:00:00,14:50:00
830,5,1,14,86,LAW0002,3015034,0,5,3,66,10:00:00,11:50:00
832,5,1,14,86,LAW0002,3015034,0,2,18,66,15:00:00,16:50:00
833,5,1,3,9,ARC1021,2114041,1,2,6,20,09:00:00,11:50:00
834,5,1,3,8,ARC1011,2114045,1,5,5,20,09:00:00,11:50:00
835,5,1,4,12,CEM1011,1014034,0,5,4,19,13:00:00,15:50:00
836,5,1,3,3,UNI1001,1114005,1,2,3,20,13:00:00,15:50:00
837,5,1,6,3,UNI1001,1114005,1,6,18,16,09:00:00,11:50:00
838,5,1,7,3,UNI1001,1114005,1,6,18,16,09:00:00,11:50:00
839,6,1,3,152,ARC0006,2114041,0,2,5,93,13:00:00,15:50:00
840,6,1,3,153,ARC0007,2114002,1,2,8,92,13:00:00,15:50:00
845,6,1,6,110,PUN0004,1114080,0,2,17,100,10:00:00,11:50:00
846,6,1,6,110,PUN0004,1114080,0,2,17,100,10:00:00,11:50:00
847,6,1,6,110,PUN0004,1114048,1,2,18,99,10:00:00,11:50:00
848,6,1,6,110,PUN0004,1114048,1,2,18,99,10:00:00,11:50:00
849,6,1,3,157,ARC4034,2115058,1,3,5,94,08:00:00,10:50:00
851,6,1,3,154,ARC0008,2116012,1,3,8,92,08:00:00,09:50:00
852,6,1,3,154,ARC0008,2116012,1,3,8,92,10:00:00,11:50:00
853,6,1,3,154,ARC0008,2114040,1,3,6,93,08:00:00,09:50:00
854,6,1,3,154,ARC0008,2114040,1,3,6,93,10:00:00,11:50:00
855,6,1,3,156,ARC4051,2114045,0,3,5,94,13:00:00,15:50:00
856,6,1,3,154,ARC0008,2114041,1,3,8,92,13:00:00,14:50:00
857,6,1,3,154,ARC0008,2114041,1,3,8,92,15:00:00,16:50:00
858,6,1,3,154,ARC0008,2116012,1,3,6,93,13:00:00,14:50:00
859,6,1,3,154,ARC0008,2116012,1,3,6,93,15:00:00,16:50:00
860,6,1,3,159,ARC4081,2415078,0,4,6,94,09:00:00,11:50:00
861,6,1,3,151,ARC0005,2114045,0,4,8,92,09:00:00,11:50:00
862,6,1,3,151,ARC0005,2114045,0,4,8,93,13:00:00,15:50:00
863,6,1,6,110,PUN0004,1114080,0,4,18,100,10:00:00,11:50:00
864,6,1,6,110,PUN0004,1114080,0,4,18,100,10:00:00,11:50:00
865,6,1,6,110,PUN0004,1014023,0,4,18,99,13:00:00,14:50:00
866,6,1,6,110,PUN0004,1014023,0,4,18,99,13:00:00,14:50:00
867,6,1,3,163,CEM0009A,2214036,0,4,6,94,13:00:00,14:50:00
868,6,1,3,154,ARC0008,2114033,1,5,8,92,08:00:00,09:50:00
869,6,1,3,154,ARC0008,2114033,1,5,8,92,10:00:00,11:50:00
870,6,1,3,154,ARC0008,2114033,1,5,8,92,12:00:00,13:50:00
871,6,1,3,154,ARC0008,2114033,1,5,8,92,14:00:00,15:50:00
872,6,1,3,154,ARC0008,2114033,1,5,8,92,16:00:00,17:50:00
873,6,1,3,153,ARC0007,2114040,1,5,15,93,09:00:00,11:50:00
874,6,1,3,158,ARC4044,2115057,1,5,6,94,08:00:00,09:50:00
875,6,1,3,158,ARC4044,2115057,1,5,6,94,10:00:00,11:50:00
876,6,1,3,158,ARC4044,2115057,1,5,6,94,12:00:00,13:50:00
877,6,1,3,158,ARC4044,2115059,1,5,6,94,14:00:00,15:50:00
878,6,1,3,158,ARC4044,2115059,1,5,6,94,16:00:00,17:50:00
879,6,1,3,160,ARC4024,2114042,0,6,1,94,14:00:00,16:50:00
880,6,1,3,89,MKU002,1014073,0,6,16,76,10:00:00,11:50:00
882,6,1,3,152,ARC0006,2114041,0,6,6,92,09:00:00,11:50:00
883,6,1,3,154,ARC0008,2114033,1,6,8,93,08:00:00,09:50:00
884,6,1,3,154,ARC0008,2114033,1,6,8,93,10:00:00,11:50:00
885,6,1,3,154,ARC0008,2114033,1,6,8,93,14:00:00,15:50:00
886,6,1,3,154,ARC0008,2114033,1,6,8,93,16:00:00,17:50:00
887,6,1,13,126,HBP4017T,3114039,0,2,17,108,08:00:00,09:50:00
888,6,1,13,118,HOT0008,3114038,0,2,3,105,08:00:00,09:50:00
889,6,1,13,118,HOT0008,3114038,0,2,3,102,10:00:00,11:50:00
890,6,1,13,120,HOT0010,3114014,0,2,2,101,08:00:00,09:50:00
891,6,1,13,120,HOT0010,3114014,0,2,2,104,10:00:00,11:50:00
892,6,1,6,110,PUN0004,1114080,0,2,17,96,13:00:00,14:50:00
893,6,1,6,110,PUN0004,1114080,0,2,17,96,13:00:00,14:50:00
894,6,1,6,110,PUN0004,1116013,0,2,18,98,13:00:00,14:50:00
895,6,1,13,110,PUN0004,1116013,0,2,18,98,13:00:00,14:50:00
896,6,1,13,104,SOC4005,3114038,0,2,15,107,13:00:00,14:50:00
900,6,1,13,119,HOT0009,3114038,0,3,4,106,10:00:00,11:50:00
901,6,1,13,119,HOT0009,3114038,0,3,4,106,08:00:00,09:50:00
902,6,1,13,119,HOT0009,3114038,0,3,4,105,14:00:00,15:50:00
903,6,1,13,119,HOT0009,3114038,0,3,4,105,16:00:00,17:50:00
904,6,1,13,125,HOT0015,3114016,0,3,12,103,08:00:00,09:50:00
905,6,1,13,125,HOT0015,3114016,0,3,12,103,10:00:00,11:50:00
906,6,1,13,125,HOT0015,3114016,0,3,12,102,14:00:00,15:50:00
907,6,1,13,125,HOT0015,3114016,0,3,12,102,16:00:00,17:50:00
908,6,1,13,121,HOT0010,3114039,1,3,11,102,08:00:00,09:50:00
909,6,1,13,121,HOT0010,3114039,1,3,11,102,10:00:00,11:50:00
910,6,1,13,121,HOT0010,3114039,1,3,11,103,14:00:00,15:50:00
911,6,1,13,121,HOT0010,3114039,1,3,11,103,16:00:00,17:50:00
912,6,1,13,123,HOT0013,3116015,0,3,22,105,08:00:00,09:50:00
913,6,1,13,123,HOT0013,3116015,0,3,22,105,10:00:00,11:50:00
914,6,1,13,123,HOT0013,3116015,0,3,22,106,14:00:00,15:50:00
915,6,1,13,123,HOT0013,3116015,0,3,22,106,16:00:00,17:50:00
916,6,1,13,129,HBP4014,3115061,0,5,2,107,15:00:00,16:50:00
917,6,1,13,105,SOC4006,1015022,0,2,15,107,15:00:00,16:50:00
918,6,1,13,119,HOT0009,3115061,0,4,4,103,08:00:00,09:50:00
919,6,1,13,119,HOT0009,3115061,0,4,4,103,10:00:00,11:50:00
920,6,1,13,119,HOT0009,3115061,0,4,4,102,14:00:00,15:50:00
921,6,1,13,119,HOT0009,3115061,0,4,4,102,16:00:00,17:50:00
922,6,1,13,125,HOT0015,3115006,0,4,12,106,08:00:00,09:50:00
923,6,1,13,125,HOT0015,3115006,0,4,12,106,10:00:00,11:50:00
924,6,1,13,125,HOT0015,3115006,0,4,12,105,14:00:00,15:50:00
925,6,1,13,125,HOT0015,3115006,0,4,12,105,16:00:00,17:50:00
926,6,1,13,121,HOT0010,3114039,1,4,11,105,08:00:00,09:50:00
927,6,1,13,121,HOT0010,3114039,1,4,11,105,10:00:00,11:50:00
928,6,1,13,121,HOT0010,3114039,1,4,11,106,14:00:00,15:50:00
929,6,1,13,121,HOT0010,3114039,1,4,11,106,16:00:00,17:50:00
930,6,1,13,123,HOT0013,3116015,0,4,22,102,08:00:00,09:50:00
931,6,1,13,123,HOT0013,3116015,0,4,22,102,10:00:00,11:50:00
932,6,1,13,123,HOT0013,3116015,0,4,22,103,14:00:00,15:50:00
933,6,1,13,123,HOT0013,3116015,0,4,22,103,16:00:00,17:50:00
934,6,1,13,128,HBP4013,3114016,0,5,2,107,08:00:00,09:50:00
935,6,1,13,130,HBP4011,3115006,0,5,2,107,10:00:00,12:50:00
936,6,1,13,104,SOC4005,3114038,0,5,1,107,13:00:00,14:50:00
937,6,1,13,124,HOT0014,3115061,0,5,3,104,08:00:00,09:50:00
938,6,1,13,124,HOT0014,3115061,0,5,5,101,10:00:00,11:50:00
939,6,1,13,122,HOT0012,3114014,0,5,5,101,08:00:00,09:50:00
940,6,1,13,122,HOT0012,3114014,0,5,3,104,10:00:00,11:50:00
941,6,1,13,127,HBP4017P,3114016,0,6,4,108,08:00:00,09:50:00
942,6,1,13,127,HBP4017P,3114016,0,6,4,108,10:00:00,11:50:00
943,6,1,13,127,HBP4017P,3114016,0,6,4,109,14:00:00,15:50:00
944,6,1,13,127,HBP4017P,3114016,0,6,4,109,16:00:00,17:50:00
945,6,1,6,110,PUN0004,1114080,0,6,17,96,10:00:00,11:50:00
946,6,1,6,110,PUN0004,1114080,0,6,17,96,10:00:00,11:50:00
947,6,1,6,110,PUN0004,1116013,0,6,18,98,10:00:00,11:50:00
948,6,1,6,110,PUN0004,1116013,0,6,18,98,10:00:00,11:50:00
950,6,1,4,163,CEM0009A,2215010,0,2,2,110,13:00:00,14:50:00
951,6,1,4,147,CEM4052,2215017,0,3,15,111,13:00:00,14:50:00
952,6,1,4,142,CEM0008,2215008,0,3,2,110,09:00:00,11:50:00
953,6,1,4,141,CEM0007,2215084,0,3,2,110,13:00:00,14:50:00
954,6,1,4,145,CEM4042,2215055,0,5,16,111,13:00:00,15:50:00
955,6,1,4,150,CEM4055,2214036,0,4,2,111,09:00:00,11:50:00
956,6,1,4,146,CEM4051,2215084,0,3,16,111,09:00:00,11:50:00
958,6,1,4,138,CEM0004,2214066,0,5,4,110,13:00:00,14:50:00
959,6,1,4,144,CEM4041,2215008,0,2,10,111,13:00:00,15:50:00
960,6,1,4,140,CEM0006,2214036,1,6,2,110,09:00:00,11:50:00
961,6,1,4,148,CEM3051,2215084,0,6,2,111,14:00:00,16:50:00
963,6,1,14,133,LAW0007,3015047,0,3,10,112,08:00:00,09:50:00
964,6,1,14,137,LAW0011,3016014,0,3,10,112,13:00:00,14:50:00
966,6,1,14,134,LAW0008,3015016,0,4,10,112,13:00:00,14:50:00
967,6,1,14,132,LAW0006,3015034,0,2,10,112,10:00:00,11:50:00
968,6,1,14,136,LAW0010,3015016,0,5,10,112,13:00:00,15:50:00
969,6,1,14,135,LAW0009,3015064,0,6,10,112,14:00:00,16:50:00
970,6,1,6,112,PUN0005,1114055,1,2,5,113,08:00:00,09:50:00
971,6,1,7,112,PUN0005,1114055,1,2,5,113,08:00:00,09:50:00
972,6,1,6,112,PUN0005,1114055,1,2,5,114,10:00:00,11:50:00
973,6,1,7,112,PUN0005,1114055,1,2,5,114,10:00:00,11:50:00
974,6,1,6,107,SOC4008,1115027,1,2,16,119,13:00:00,14:50:00
975,6,1,7,107,SOC4008,1115027,1,2,16,119,13:00:00,14:50:00
976,6,1,6,104,SOC4005,1114055,1,5,17,123,13:00:00,15:50:00
977,6,1,7,104,SOC4005,1114055,1,5,17,123,13:00:00,15:50:00
980,6,1,6,113,PUN0006,1114048,1,3,3,118,15:00:00,16:50:00
981,6,1,7,113,PUN0006,1114048,1,3,3,118,15:00:00,16:50:00
982,6,1,6,109,ENT4002,1115054,1,4,16,115,10:00:00,11:50:00
983,6,1,6,115,PUN0008,1114080,1,4,17,120,08:00:00,09:50:00
984,6,1,7,115,PUN0008,1114080,1,4,17,120,08:00:00,09:50:00
985,6,1,6,111,PUN0003,1014023,1,4,17,122,10:00:00,11:50:00
986,6,1,7,111,PUN0003,1014023,1,4,17,122,10:00:00,11:50:00
987,6,1,6,110,PUN0004,1114080,1,4,17,95,13:00:00,14:50:00
988,6,1,6,107,SOC4008,1115027,1,4,16,119,13:00:00,14:50:00
989,6,1,7,107,SOC4008,1115027,1,4,16,119,13:00:00,14:50:00
990,6,1,13,105,SOC4006,1015022,0,2,15,107,10:00:00,11:50:00
991,6,1,6,112,PUN0005,1114055,1,5,18,113,08:00:00,09:50:00
992,6,1,7,112,PUN0005,1114055,1,5,18,113,08:00:00,09:50:00
993,6,1,6,112,PUN0005,1114055,1,5,18,114,10:00:00,11:50:00
994,6,1,7,112,PUN0005,1114055,1,5,18,114,10:00:00,11:50:00
995,6,1,6,113,PUN0006,1114048,1,2,3,118,13:00:00,14:50:00
996,6,1,7,113,PUN0006,1114048,1,2,3,118,13:00:00,14:50:00
999,6,1,6,105,SOC4006,1114080,1,5,17,124,09:00:00,11:50:00
1000,6,1,7,105,SOC4006,1114080,1,5,17,124,09:00:00,11:50:00
1001,6,1,6,108,SOC4009,1115027,1,2,16,121,15:00:00,15:50:00
1002,6,1,7,108,SOC4009,1115027,1,2,16,121,15:00:00,15:50:00
1003,6,1,6,115,PUN0008,1114080,1,6,15,120,08:00:00,09:50:00
1004,6,1,7,115,PUN0008,1114080,1,6,15,120,08:00:00,09:50:00
1005,6,1,6,111,PUN0003,1014023,1,6,15,122,10:00:00,11:50:00
1006,6,1,7,111,PUN0003,1014023,1,6,15,122,10:00:00,11:50:00
1007,6,1,6,109,ENT4002,1115054,1,6,5,115,10:00:00,11:50:00
1008,6,1,6,110,PUN0004,1114080,1,6,17,95,14:00:00,15:50:00
1009,6,1,6,110,PUN0004,1114080,1,6,17,95,14:00:00,15:50:00
1010,6,1,6,106,SOC4007,1115054,0,6,5,117,14:00:00,16:50:00
1011,6,1,7,106,SOC4007,1115054,0,6,5,117,14:00:00,16:50:00
1012,6,1,6,110,PUN0004,1114080,1,4,17,95,13:00:00,14:50:00
1013,6,1,7,116,ACC0001,1215032,0,3,1,125,10:00:00,11:50:00
1014,6,1,7,117,ACC4003,1215043,0,4,5,126,10:00:00,11:50:00
1015,6,1,7,117,ACC4003,1215043,0,2,16,126,10:00:00,11:50:00
1016,6,1,7,53,SOC3001,1214044,0,3,15,126,09:00:00,11:50:00
1017,6,1,6,114,PUN0007,1114048,0,3,3,118,13:00:00,14:50:00
1018,6,1,7,114,PUN0007,1114048,0,3,3,118,13:00:00,14:50:00
1021,6,1,6,111,PUN0003,1115045,0,5,18,127,13:00:00,14:50:00
1022,6,1,7,111,PUN0003,1115045,0,5,18,127,13:00:00,14:50:00
1023,6,1,6,111,PUN0003,1115045,0,4,15,127,10:00:00,11:50:00
1024,6,1,7,111,PUN0003,1115045,0,4,15,127,10:00:00,11:50:00
1025,6,1,14,162,LAW0005A,3015087,0,4,10,112,10:00:00,11:50:00
1026,5,1,6,3,UNI1001,1114005,1,4,3,5,10:00:00,11:50:00
1027,5,1,6,1,UNI1004,1114053,1,2,5,4,13:00:00,14:50:00
1028,6,1,4,139,CEM0005,2616007,0,5,10,110,09:00:00,11:50:00
1037,6,1,3,158,ARC4044,2114041,1,2,6,94,08:00:00,09:50:00
1038,6,1,3,158,ARC4044,2114041,1,2,6,94,10:00:00,11:50:00
1039,6,1,3,158,ARC4044,2115059,1,2,6,94,13:00:00,14:50:00
1040,6,1,3,158,ARC4044,2115059,1,2,6,94,15:00:00,16:50:00
1041,6,1,3,103,MKU003,3016009,0,6,16,77,08:00:00,09:50:00
1042,6,1,4,103,MKU003,3016009,0,6,16,77,08:00:00,09:50:00
1043,6,1,6,103,MKU003,3016009,0,6,16,77,08:00:00,09:50:00
1044,6,1,4,161,CEM6051,2215010,0,2,8,111,09:00:00,11:50:00
1045,6,1,13,118,HOT0008,1015022,0,2,4,106,08:00:00,09:50:00
1046,6,1,13,118,HOT0008,3115006,0,2,4,103,10:00:00,11:50:00
1047,6,1,13,126,HBP4017T,3115061,0,2,18,109,08:00:00,09:50:00
1048,6,1,7,164,ACC6006,1216016,0,3,16,126,13:00:00,14:50:00
1049,6,1,7,164,ACC6006,1216016,0,5,10,126,16:00:00,17:50:00
1050,6,1,3,35,ARC2022,2114041,0,2,5,20,13:00:00,15:50:00
1057,6,1,3,154,ARC0008,2114033,1,6,8,93,12:00:00,13:50:00
1061,6,1,3,36,ARC2012,2114045,0,4,8,20,13:00:00,15:50:00
1062,6,1,3,34,ARC2042,2116012,1,3,8,20,08:00:00,09:50:00
1063,6,1,3,34,ARC2042,2116012,1,3,8,20,10:00:00,11:50:00
1064,6,1,3,34,ARC2042,2114041,1,3,8,20,13:00:00,14:50:00
1065,6,1,3,34,ARC2042,2114041,1,3,8,20,15:00:00,16:50:00
1066,6,1,3,34,ARC2042,2114033,1,5,8,20,08:00:00,09:50:00
1067,6,1,3,34,ARC2042,2114033,1,5,8,20,10:00:00,11:50:00
1068,6,1,3,34,ARC2042,2114033,1,5,8,20,12:00:00,13:50:00
1069,6,1,3,34,ARC2042,2114033,1,5,8,20,14:00:00,15:50:00
1070,6,1,3,34,ARC2042,2114033,1,5,8,20,16:00:00,17:50:00
1071,6,1,4,15,CEM1031,2214066,0,5,4,19,13:00:00,14:50:00
1072,6,1,4,25,CEM2032,2616007,0,5,10,19,09:00:00,11:50:00
1073,6,1,4,26,CEM2051,2215010,0,2,8,19,13:00:00,14:50:00
1074,7,1,13,91,HOT0002,3115061,0,4,1,129,08:00:00,11:50:00
1075,7,1,13,91,HOT0002,3115061,0,4,1,130,13:00:00,16:50:00
1076,7,1,13,93,HOT0004,3115006,1,4,20,67,08:00:00,11:50:00
1077,7,1,13,93,HOT0004,3115006,1,4,20,68,13:00:00,16:50:00
1078,7,1,13,95,HOT0006,3114016,0,4,18,82,08:00:00,09:50:00
1079,7,1,13,96,HOT0007,3114039,1,4,18,82,10:00:00,11:50:00
1080,7,1,13,94,HOT0005,1015022,0,4,18,82,13:00:00,14:50:00
1081,7,1,13,91,HOT0002,3115061,1,2,1,67,08:00:00,11:50:00
1082,7,1,13,91,HOT0002,3115061,1,2,1,68,13:00:00,16:50:00
1083,7,1,13,93,HOT0004,3115006,0,2,20,69,08:00:00,11:50:00
1084,7,1,13,93,HOT0004,3115006,0,2,20,70,13:00:00,16:50:00
1085,7,1,13,95,HOT0006,3114016,0,2,18,128,10:00:00,11:50:00
1086,7,1,13,96,HOT0007,3114039,0,2,18,128,13:00:00,14:50:00
1087,7,1,13,94,HOT0005,1015022,0,2,18,128,15:00:00,16:50:00
1088,7,1,13,91,HOT0002,3115061,0,3,1,69,08:00:00,11:50:00
1090,7,1,13,91,HOT0002,3115061,0,3,1,70,13:00:00,16:50:00
1091,7,1,13,93,HOT0004,3115006,0,3,20,129,08:00:00,11:50:00
1092,7,1,13,93,HOT0004,3115006,0,3,20,130,13:00:00,16:50:00
1094,7,1,13,95,HOT0006,3114016,0,3,18,81,08:00:00,09:50:00
1095,7,1,13,96,HOT0007,3114039,1,3,18,81,10:00:00,11:50:00
1096,7,1,13,94,HOT0005,1015022,0,3,18,81,15:00:00,16:50:00
1097,7,1,13,302,ELC5002T,3114038,0,2,16,131,13:00:00,14:50:00
1098,7,1,13,300,ELC5001T,3114014,0,2,16,131,15:00:00,16:50:00
1099,7,1,13,308,ELC5005,3116015,0,2,17,132,13:00:00,14:50:00
1100,7,1,13,304,ELC5003T,3114039,0,2,17,132,15:00:00,15:50:00
1101,7,1,13,306,ELC5004T,3116015,0,2,17,132,16:00:00,16:50:00
1102,7,1,13,305,ELC5003P,3114039,0,5,11,132,08:00:00,11:50:00
1103,7,1,13,303,ELC5002P,3114038,0,5,12,131,08:00:00,11:50:00
1104,7,1,13,301,ELC5001P,3114014,0,5,12,131,13:00:00,16:50:00
1105,7,1,13,307,ELC5004P,3116015,0,5,22,132,13:00:00,16:50:00
1106,7,1,13,63,WUN0011,3114038,0,6,4,139,08:00:00,10:50:00
1107,7,1,13,63,WUN0011,3114016,0,6,5,140,08:00:00,10:50:00
1108,7,1,13,63,WUN0011,3114014,0,6,2,141,08:00:00,10:50:00
1109,7,1,7,83,"MKU004 ",1014073,0,6,17,134,08:00:00,09:50:00
1110,7,1,13,83,"MKU004 ",1014073,0,6,17,134,08:00:00,09:50:00
1111,7,1,7,84,MKU001,1014073,0,6,17,138,10:00:00,11:50:00
1112,7,1,13,84,MKU001,1014073,0,6,17,138,10:00:00,11:50:00
1113,7,1,6,83,"MKU004 ",1014073,0,6,17,134,08:00:00,09:50:00
1114,7,1,6,84,MKU001,1014073,0,6,17,138,10:00:00,11:50:00
1115,7,1,6,323,ENT6002,2416026,1,6,4,142,13:00:00,16:50:00
1116,7,1,6,295,ENT5004,1114080,0,4,4,142,08:00:00,09:50:00
1117,7,1,6,290,SOC5001,1115054,0,3,16,143,08:00:00,11:50:00
1118,7,1,7,290,SOC5001,1115054,0,3,16,143,08:00:00,11:50:00
1119,7,1,6,324,ENT7003,1114048,1,3,16,142,13:00:00,16:50:00
1120,7,1,6,321,ENT5001,1114055,1,5,5,142,13:00:00,16:50:00
1121,7,1,6,294,ENT0001,1116047,0,4,2,88,08:00:00,11:50:00
1122,7,1,6,288,PUN0010,1115054,0,5,15,144,09:00:00,11:50:00
1123,7,1,7,288,PUN0010,1115054,0,5,15,144,09:00:00,11:50:00
1124,7,1,6,285,PUN0013,1115053,0,2,24,145,13:00:00,16:50:00
1125,7,1,7,285,PUN0013,1115053,0,2,24,145,13:00:00,16:50:00
1126,7,1,6,320,PUN0011,1217099,0,3,2,88,13:00:00,15:50:00
1127,7,1,6,286,PUN0014,3015034,1,5,17,146,13:00:00,16:50:00
1128,7,1,7,286,PUN0014,3015034,1,5,17,146,13:00:00,16:50:00
1129,7,1,6,84,MKU001,1014073,0,6,17,147,13:00:00,14:50:00
1130,7,1,13,64,WUN0012,1115045,0,6,5,187,11:00:00,14:50:00
1131,7,1,13,64,WUN0012,1115045,0,6,5,189,15:00:00,19:00:00
1132,7,1,13,297,UNI5002,3116050,0,3,4,133,08:00:00,11:50:00
1133,7,1,13,92,HOT0003,3114016,1,5,10,82,08:00:00,09:50:00
1134,7,1,13,92,HOT0003,3114016,1,5,17,128,10:00:00,11:50:00
1135,7,1,13,298,HBP5017T,3114039,0,2,3,149,10:00:00,11:50:00
1136,7,1,13,298,HBP5017T,3116015,0,2,24,150,10:00:00,11:50:00
1137,7,1,13,299,HBP5017P,3114039,0,3,3,149,13:00:00,16:50:00
1138,7,1,13,299,HBP5017P,3116015,0,3,4,150,13:00:00,16:50:00
1139,7,1,13,90,HOT0001,3116050,0,3,18,81,13:00:00,14:50:00
1140,7,1,13,90,HOT0001,3116050,0,3,18,82,17:00:00,19:00:00
1141,7,1,13,92,HOT0003,3114016,1,5,4,81,15:00:00,16:50:00
1143,7,1,13,90,HOT0001,3114016,1,5,4,128,13:00:00,14:50:00
1144,7,1,13,64,WUN0012,1116049,0,5,10,188,10:00:00,13:50:00
1145,7,1,13,309,HOT0016,3114038,0,6,20,151,13:00:00,14:50:00
1146,7,1,13,310,HOT0017,3114038,0,6,13,151,15:00:00,19:00:00
1148,7,1,6,331,UGC1101,1116038,0,5,4,156,08:00:00,11:50:00
1149,7,1,6,331,ENT1101,1115027,1,2,16,157,08:00:00,11:50:00
1150,7,1,6,328,ENT1103,1115027,0,3,24,156,08:00:00,11:50:00
1151,7,1,6,328,ENT1103,1115027,0,5,16,157,13:00:00,16:50:00
1153,7,1,6,329,UGC1102,1114048,0,4,16,157,08:00:00,11:50:00
1154,7,1,6,242,ACC1101,1215043,0,3,26,156,13:00:00,16:50:00
1155,7,1,6,242,ACC1101,1215043,0,5,3,157,08:00:00,11:50:00
1156,7,1,6,169,ENT1101,1114080,0,6,3,156,13:00:00,16:50:00
1157,7,1,3,169,ENT1101,1014023,0,6,3,157,08:00:00,10:50:00
1158,7,1,7,296,ACC7001,1216016,0,3,17,158,13:00:00,15:50:00
1159,7,1,7,283,ACC0002,1215032,0,3,28,86,09:00:00,11:50:00
1160,7,1,7,284,PUN0012,1115054,0,2,17,86,09:00:00,11:50:00
1161,7,1,7,291,ACC5002,1215032,0,2,15,158,08:00:00,10:50:00
1162,7,1,7,287,ACC0003,1215043,0,4,4,86,10:00:00,11:50:00
1163,7,1,7,287,ACC0003,1215043,0,6,15,86,10:00:00,11:50:00
1164,7,1,7,289,ACC5001,1214044,0,4,17,158,08:00:00,11:50:00
1165,7,1,7,293,ACC3147,1215043,0,6,2,158,13:00:00,15:50:00
1166,7,1,13,311,HOT0018,3115006,1,5,13,151,08:00:00,17:50:00
1173,7,1,14,182,LAW1103,3015016,0,2,10,66,09:00:00,11:50:00
1174,7,1,14,210,LAW2114,3015034,0,2,3,159,13:00:00,14:50:00
1175,7,1,14,248,LAW2113,3015034,0,2,3,159,15:00:00,16:50:00
1176,7,1,14,238,LAW2119,3016046,1,3,5,159,08:00:00,09:50:00
1177,7,1,14,224,LAW2118,3015016,0,3,5,159,13:00:00,15:50:00
1178,7,1,14,180,LAW1101,3015016,1,4,15,66,13:00:00,15:50:00
1179,7,1,14,272,LAW2116,3016044,0,4,10,159,10:00:00,11:50:00
1180,7,1,14,255,LAW2117,3016041,0,4,10,159,14:00:00,16:50:00
1181,7,1,14,181,LAW1102,3015016,1,5,17,66,13:00:00,16:50:00
1182,7,1,14,216,LAW2115,3015016,0,6,10,159,09:00:00,11:50:00
1183,7,1,14,247,LAW2112,3016040,0,6,10,159,14:00:00,15:50:00
1184,7,1,14,183,LAW1104,3015064,0,6,15,66,13:00:00,15:50:00
1186,7,1,6,83,"MKU004 ",1014073,0,6,17,148,15:00:00,16:50:00
1187,7,1,7,83,"MKU004 ",1014073,0,6,17,148,15:00:00,16:50:00
1188,7,1,14,168,UNC0101,1014073,0,4,3,160,08:00:00,09:50:00
1189,7,1,16,168,UNC0101,1014073,0,4,3,160,08:00:00,09:50:00
1190,7,1,17,168,UNC0101,1014073,0,4,3,160,08:00:00,09:50:00
1191,7,1,18,168,UNC0101,1014073,0,4,3,160,08:00:00,09:50:00
1193,7,1,14,171,UNC0102,1014073,0,4,3,162,10:00:00,11:50:00
1194,7,1,19,171,UNC0102,1014073,0,4,3,162,10:00:00,11:50:00
1195,7,1,14,169,ENT1101,1114080,0,6,16,164,08:00:00,10:50:00
1196,7,1,16,169,ENT1101,1114080,0,6,16,164,08:00:00,10:50:00
1197,7,1,17,169,ENT1101,1114080,0,6,16,164,08:00:00,10:50:00
1198,7,1,18,169,ENT1101,1114080,0,6,16,164,08:00:00,10:50:00
1199,7,1,19,169,ENT1101,1114080,0,6,16,164,08:00:00,10:50:00
1200,7,1,3,174,ARC1111,2114045,0,2,2,165,09:00:00,11:50:00
1201,7,1,3,175,ARC1121,2114041,1,2,5,165,13:00:00,15:50:00
1202,7,1,3,169,ENT1101,1114080,0,4,17,169,13:00:00,15:50:00
1203,7,1,4,169,ENT1101,1114080,0,4,17,169,13:00:00,15:50:00
1205,7,1,3,170,UGC0101,2114002,1,5,18,165,10:00:00,11:50:00
1206,7,1,3,176,ARC1131,2114002,1,5,8,165,13:00:00,15:50:00
1207,7,1,3,168,UNC0101,1014073,0,4,3,161,15:00:00,16:50:00
1208,7,1,3,171,UNC0102,1014073,0,4,3,172,13:00:00,14:50:00
1209,7,1,18,171,UNC0102,1014073,0,4,3,172,13:00:00,14:50:00
1210,7,1,3,189,UGC0102,"1116036        ",0,5,18,91,08:00:00,09:50:00
1211,7,1,3,190,ARC3151,2516018,1,5,18,166,13:00:00,15:50:00
1212,7,1,7,332,ACC8005,1215032,0,3,28,158,13:00:00,15:50:00
1213,7,1,3,186,ARC2133,2116052,0,2,28,168,13:00:00,15:50:00
1214,7,1,3,186,ARC2133,2114042,1,6,1,91,08:00:00,10:50:00
1215,7,1,3,188,ARC2471,2114040,1,6,27,91,13:00:00,15:50:00
1216,7,1,3,194,ARC2483,2115013,1,5,8,166,08:00:00,10:50:00
1217,7,1,3,185,ARC2123,2114045,1,4,8,91,09:00:00,11:50:00
1218,7,1,3,199,ENG2101,2616007,0,3,24,184,13:00:00,15:50:00
1219,7,1,4,199,ENG2101,2616007,0,3,24,184,13:00:00,15:50:00
1220,7,1,3,241,ARC3481,2116043,0,3,2,166,09:00:00,11:50:00
1221,7,1,3,187,ARC2143,2115058,1,2,27,168,08:00:00,10:50:00
1222,7,1,3,187,ARC2143,2115058,1,3,27,167,08:00:00,11:50:00
1224,7,1,3,191,ARC3115,2516037,1,2,6,166,08:00:00,15:50:00
1225,7,1,3,184,ARC2113,2115059,1,2,8,167,08:00:00,15:50:00
1226,7,1,3,184,ARC2113,2116042,1,3,6,168,08:00:00,15:50:00
1227,7,1,3,173,ARC1141,2116012,1,3,8,165,08:00:00,15:50:00
1228,7,1,3,191,ARC3115,2114041,1,4,6,166,08:00:00,11:50:00
1229,7,1,3,192,ARC3161,2116048,1,4,6,166,13:00:00,16:50:00
1230,7,1,3,184,ARC2113,2115057,1,5,6,168,10:00:00,17:50:00
1231,7,1,3,184,ARC2113,2115059,1,5,27,167,10:00:00,17:50:00
1232,7,1,3,173,ARC1141,2114033,1,6,6,165,08:00:00,15:50:00
1233,7,1,3,191,ARC3115,2114041,1,6,8,166,08:00:00,15:50:00
1234,7,1,4,221,CEM2112,2214036,0,2,4,90,13:00:00,15:50:00
1236,7,1,4,182,LAW1103,3015016,0,2,10,66,09:00:00,11:50:00
1237,7,1,4,179,CEM1112,2215010,0,2,19,84,08:00:00,09:50:00
1238,7,1,4,178,CEM1102,2215010,0,2,19,84,10:00:00,11:50:00
1239,7,1,4,218,CEM3112,2216031,0,5,15,178,10:30:00,13:00:00
1240,7,1,19,198,PDP1102,2416026,0,2,4,179,10:00:00,11:50:00
1241,7,1,19,244,PDP1101,2415078,0,2,2,179,13:00:00,14:50:00
1242,7,1,16,196,STE1101,2316017,0,2,27,181,13:00:00,14:50:00
1243,7,1,4,219,CEM3123,2214036,0,3,19,178,09:00:00,11:50:00
1244,7,1,4,274,CEM3121,2216034,0,3,10,178,13:00:00,15:50:00
1245,7,1,4,167,ENG1106,2616002,1,3,17,185,11:00:00,12:50:00
1246,7,1,16,167,ENG1106,2616002,1,3,17,185,11:00:00,12:50:00
1247,7,1,4,220,CEM2113,2216031,0,4,10,90,08:00:00,10:30:00
1248,7,1,4,177,CEM1101,2215084,0,4,15,84,08:00:00,09:50:00
1250,7,1,4,170,UGC0101,2114002,1,4,27,183,10:00:00,11:50:00
1251,7,1,16,170,UGC0101,2114002,1,4,27,183,10:00:00,11:50:00
1252,7,1,18,170,UGC0101,2114002,1,4,27,183,10:00:00,11:50:00
1253,7,1,4,217,CEM2111,2215017,0,4,16,90,13:00:00,15:50:00
1254,7,1,4,271,CEM2101,2215055,0,5,2,90,13:00:00,15:50:00
1255,7,1,4,215,CEM3122,2216034,0,2,16,178,13:00:00,15:50:00
1256,7,1,4,166,ENG1103,2315075,0,5,15,177,13:00:00,15:50:00
1257,7,1,16,166,ENG1103,2315075,0,5,15,177,13:00:00,15:50:00
1258,7,1,18,166,ENG1103,2315075,0,5,15,177,13:00:00,15:50:00
1259,7,1,4,165,ENG1101,2315075,0,6,16,176,13:00:00,15:50:00
1260,7,1,16,165,ENG1101,2315075,0,6,16,176,13:00:00,15:50:00
1261,7,1,17,165,ENG1101,2315075,0,6,16,176,13:00:00,15:50:00
1262,7,1,18,165,ENG1101,2315075,0,6,16,176,13:00:00,15:50:00
1263,7,1,19,165,ENG1101,2315075,0,6,16,176,13:00:00,15:50:00
1264,7,1,4,276,CEM2121,2216034,0,6,19,90,08:00:00,10:50:00
1265,7,1,19,227,PDP1103,2415069,0,4,27,179,12:00:00,17:50:00
1266,7,1,19,252,ENG1104,2315075,0,5,15,175,16:00:00,17:50:00
1267,7,1,18,212,ENG1105,2616002,0,3,17,180,08:00:00,10:50:00
1268,7,1,18,172,ENV1101,2616007,1,5,5,180,10:00:00,11:50:00
1269,7,1,16,196,STE1101,2316017,0,3,27,181,15:00:00,16:50:00
1270,7,1,17,245,URP1101,1015074,1,3,15,182,08:00:00,09:50:00
1271,7,1,17,280,URP1103,1015074,1,3,15,192,13:00:00,15:50:00
1272,7,1,17,214,URP1104,1015074,1,5,2,191,10:00:00,11:50:00
1273,7,1,17,246,URP1102,2516018,1,5,18,182,13:00:00,15:50:00
1274,7,1,4,12,CEM1011,2315075,0,5,15,19,16:00:00,17:50:00
1275,7,1,4,72,CEM3043,2216031,0,5,10,19,08:00:00,10:30:00
1276,7,1,4,15,CEM1031,2215010,0,2,19,19,10:00:00,11:50:00
1277,7,1,4,43,CEM2041,2216034,0,6,19,19,08:00:00,10:50:00
1278,7,1,4,73,CEM3052,2215017,0,4,16,19,13:00:00,15:50:00
1279,7,1,4,26,CEM2051,2215010,0,2,19,19,08:00:00,09:50:00
1280,7,1,4,23,CEM2011,2616007,0,3,24,19,13:00:00,15:50:00
1281,7,1,4,168,UNC0101,1014073,0,4,3,160,08:00:00,09:50:00
1282,7,1,4,240,CEM3181,2215017,1,6,18,178,13:00:00,15:50:00
1284,7,1,4,171,UNC0102,1014073,0,4,3,162,10:00:00,11:50:00
1285,7,1,4,83,"MKU004 ",1014073,0,4,3,163,10:00:00,11:50:00
1286,7,1,6,58,SOC2107,1115053,0,2,24,16,13:00:00,16:50:00
1287,7,1,3,82,"ARC 3043",2115059,1,2,8,20,08:00:00,15:50:00
1288,7,1,3,82,"ARC 3043",2115059,1,5,27,20,10:00:00,17:50:00
1289,7,1,3,97,ARC0001,2114045,0,2,2,20,09:00:00,11:50:00
1290,7,1,3,99,ARC0003,2114002,1,5,8,20,13:00:00,15:50:00
1291,7,1,3,100,ARC0004,2116012,1,3,8,20,08:00:00,15:50:00
1293,7,1,6,65,PUN0001,1115027,0,3,24,16,08:00:00,11:50:00
1294,7,1,7,331,ENT1101,1115027,1,2,16,157,08:00:00,11:50:00
1295,7,1,7,169,ENT1101,1014023,0,6,3,157,08:00:00,10:50:00
1296,7,1,7,329,UGC1102,1114048,0,4,16,157,08:00:00,11:50:00
1297,7,1,7,257,ACC1155,1115027,0,5,16,85,13:00:00,16:50:00
1298,7,1,7,242,ACC1101,1215043,0,5,3,157,08:00:00,11:50:00
1299,7,1,7,242,ACC1101,1215043,0,3,26,156,13:00:00,16:50:00
1300,7,1,6,66,PUN0002,1215043,0,3,26,16,13:00:00,16:50:00
1301,7,1,3,100,ARC0004,2114033,1,6,6,20,08:00:00,15:50:00
1302,7,1,3,80,"ARC 3023",2114042,1,6,1,20,08:00:00,10:50:00
1303,7,1,3,81,"ARC 3033",2115058,1,3,27,20,08:00:00,10:50:00
1304,7,1,3,170,UGC0101,2114002,1,4,27,183,10:00:00,11:50:00
1307,7,1,3,84,MKU001,1014073,0,6,17,147,13:00:00,14:50:00
1308,7,1,3,84,MKU001,1014073,0,4,3,190,15:00:00,16:50:00
1310,7,1,6,329,UGC1102,"1116036        ",0,4,5,156,08:00:00,11:50:00
1311,7,1,6,64,WUN0012,"1116036        ",0,4,5,16,08:00:00,11:50:00
1312,7,1,3,2,UNI1003,"1116036        ",0,4,5,20,08:00:00,11:50:00
1314,7,1,4,21,CEM2043,2215084,0,4,15,19,08:00:00,09:50:00
1315,7,1,7,169,ENT1101,1114080,0,6,16,164,08:00:00,10:50:00
1316,7,1,4,74,CEM0001,2315075,0,5,15,194,13:00:00,15:50:00
1317,7,1,4,141,CEM0007,2214036,0,4,15,195,08:00:00,09:50:00
1318,7,1,4,163,CEM0009A,2215010,0,2,19,195,08:00:00,09:50:00
1319,7,1,4,138,CEM0004,2215010,0,2,19,195,10:00:00,11:50:00
1338,8,1,19,360,PDP1203,2415078,0,2,15,225,13:00:00,14:50:00
1339,8,1,19,363,PDP1206,2415078,0,2,15,225,15:00:00,16:50:00
1341,8,1,19,361,PDP1204,2416026,0,3,2,225,10:00:00,11:50:00
1342,8,1,19,362,PDP1205,2415069,0,4,6,225,13:00:00,17:50:00
1343,8,1,19,359,PDP1201,2315075,0,5,16,225,13:00:00,15:50:00
1350,8,1,3,236,UNC0202,3016009,0,4,17,226,15:00:00,16:50:00
1352,8,1,6,236,UNC0202,3016009,0,6,17,224,10:00:00,11:50:00
1353,8,1,7,236,UNC0202,3016009,0,6,17,224,10:00:00,11:50:00
1355,8,1,13,236,UNC0202,3016009,0,6,18,223,08:00:00,09:50:00
1356,8,1,14,236,UNC0202,3016009,0,6,18,223,08:00:00,09:50:00
1357,8,1,16,236,UNC0202,3016009,0,6,18,223,08:00:00,09:50:00
1358,8,1,18,236,UNC0202,3016009,0,6,18,223,08:00:00,09:50:00
1359,8,1,19,236,UNC0202,3016009,0,6,18,223,08:00:00,09:50:00
1362,8,1,6,213,UNC0201,1014073,0,6,17,222,08:00:00,09:50:00
1363,8,1,7,213,UNC0201,1014073,0,6,17,222,08:00:00,09:50:00
1364,8,1,13,213,UNC0201,1014073,0,6,18,221,10:00:00,11:50:00
1365,8,1,18,213,UNC0201,1014073,0,6,18,221,10:00:00,11:50:00
1366,8,1,3,213,UNC0201,1014073,0,4,17,227,13:00:00,14:50:00
1367,8,1,4,89,MKU002,1014073,0,6,18,19,10:00:00,11:50:00
1368,8,1,18,355,ENV1201,2315075,0,5,16,228,13:00:00,15:50:00
1369,8,1,16,365,STE1202,2315075,0,5,16,229,13:00:00,15:50:00
1370,8,1,4,380,CEM2224,2215017,0,4,5,19,13:00:00,15:50:00
1371,8,1,4,373,CEM1203,2217002,0,4,18,110,13:00:00,15:50:00
1372,8,1,16,364,STE1201,2217002,0,4,18,229,13:00:00,15:50:00
1373,8,1,6,340,ENT1234,1116066,0,5,3,230,13:00:00,14:50:00
1374,8,1,6,340,ENT1234,1116066,0,5,24,231,10:00:00,11:50:00
1375,8,1,7,339,ACC1258,1116066,0,5,24,215,10:00:00,11:50:00
1376,8,1,6,342,ENT1235,"1117012        ",0,3,4,230,08:00:00,11:50:00
1377,8,1,6,342,ENT1235,"1117012        ",0,3,6,231,13:00:00,16:50:00
1378,8,1,7,341,ACC1259,"1117012        ",0,3,6,215,13:00:00,16:50:00
1379,8,1,6,115,PUN0008,"1117012        ",0,3,6,16,13:00:00,16:50:00
1380,8,1,6,405,ENT2239,1115027,0,3,1,204,11:00:00,11:50:00
1381,8,1,7,414,ACC2265,1115027,0,3,1,216,11:00:00,11:50:00
1382,8,1,6,337,ENT1233,1114048,0,3,5,230,13:00:00,14:50:00
1388,8,1,13,422,HOT0023,3116050,0,4,16,235,09:00:00,11:50:00
1389,8,1,13,422,HOT0023,3116050,0,4,16,236,13:00:00,15:50:00
1390,8,1,6,403,ENT2214,1115054,0,5,3,204,09:00:00,11:50:00
1391,8,1,7,412,ACC2206,1115054,0,5,3,216,09:00:00,11:50:00
1392,8,1,6,404,ENT2240,1116047,0,4,15,204,08:00:00,10:50:00
1393,8,1,7,413,ACC2264,1116047,0,4,15,216,08:00:00,10:50:00
1399,8,1,13,110,PUN0004,3114016,0,3,18,233,08:00:00,11:50:00
1400,8,1,13,110,PUN0004,3114014,0,3,24,234,08:00:00,11:50:00
1401,8,1,16,368,ENG1201,2616002,0,6,15,229,13:00:00,14:50:00
1402,8,1,16,367,STE1203,2316017,0,5,29,229,09:00:00,11:50:00
1403,8,1,16,366,STE1204,2316017,0,3,3,229,09:00:00,11:50:00
1404,8,1,18,356,ENV1202,2616007,0,5,19,228,09:00:00,11:50:00
1405,8,1,18,357,ENV1203,2616002,0,3,3,228,13:00:00,15:50:00
1407,8,1,14,399,LAW2208,3016044,0,6,10,237,10:00:00,11:50:00
1408,8,1,14,397,LAW2206,3015016,1,5,10,237,08:00:00,09:50:00
1409,8,1,14,395,LAW2204,3017001,0,4,10,237,08:00:00,09:50:00
1410,8,1,6,337,ENT1233,1114048,0,3,5,231,10:00:00,11:50:00
1411,8,1,7,338,ACC1257,1114048,0,3,5,215,10:00:00,11:50:00
1412,8,1,14,424,LAW2257,3016046,0,3,10,237,08:00:00,09:50:00
1413,8,1,14,396,LAW2205,3017001,0,4,10,237,10:00:00,11:50:00
1414,8,1,14,386,LAW1202,3015034,0,2,10,112,13:00:00,14:50:00
1415,8,1,14,132,LAW0006,3015034,0,2,10,238,13:00:00,14:50:00
1417,8,1,14,391,LAW1207,3015016,0,6,5,112,10:00:00,11:50:00
1418,8,1,14,385,LAW1201,3015016,1,4,10,112,15:00:00,16:50:00
1419,8,1,14,390,LAW1206,3017001,0,3,10,112,13:00:00,15:50:00
1420,8,1,14,389,LAW1205,3015064,0,6,10,112,14:00:00,16:50:00
1421,8,1,18,358,ENV1204,2516037,0,2,10,228,08:00:00,09:50:00
1422,8,1,14,388,LAW1204,3015047,0,2,10,112,08:00:00,09:50:00
1423,8,1,14,387,LAW1203,3015047,0,4,10,112,13:00:00,14:50:00
1424,8,1,4,372,CEM1202,2214036,0,3,16,110,13:00:00,15:50:00
1425,8,1,4,371,CEM1201,2616002,0,6,15,110,08:00:00,10:50:00
1426,8,1,4,369,CEM1211,2214036,0,2,5,110,08:00:00,09:50:00
1427,8,1,4,370,CEM1221,2217002,0,5,15,110,09:00:00,11:50:00
1428,8,1,4,376,CEM2213,2214036,0,3,19,111,09:00:00,11:50:00
1429,8,1,4,374,CEM2211,2215010,0,2,19,111,10:00:00,11:50:00
1430,8,1,4,377,CEM2221,2217015,0,3,19,111,13:00:00,15:50:00
1431,8,1,4,375,CEM2212,2216031,0,5,5,111,08:00:00,10:50:00
1432,8,1,4,379,CEM2223,2215055,0,5,5,111,13:00:00,15:50:00
1434,8,1,4,427,CEM3411,2215010,0,2,19,239,08:00:00,09:50:00
1435,8,1,4,384,CEM3222,2217015,0,4,5,239,09:00:00,11:50:00
1436,8,1,4,381,CEM3201,2616007,0,3,15,239,13:00:00,14:50:00
1438,8,1,6,336,ENT1220,1115027,0,5,1,230,08:00:00,11:20:00
1439,8,1,6,336,ENT1220,1115053,0,5,1,231,13:00:00,16:50:00
1440,8,1,7,335,ACC1256,1115053,0,5,1,215,13:00:00,16:50:00
1441,8,1,6,408,ENT2215,1117034,0,5,24,205,13:00:00,16:50:00
1442,8,1,6,402,ENT2221,1115027,0,3,1,204,08:00:00,10:50:00
1444,8,1,6,431,ENT3222,1114080,1,2,15,205,08:00:00,09:50:00
1446,8,1,6,430,ENT3232,1114080,0,2,16,205,13:00:00,16:50:00
1447,8,1,6,429,ENT3380,"1116036        ",0,5,29,205,13:00:00,16:50:00
1448,8,1,6,428,ENT3233,2416026,0,4,2,205,13:00:00,16:50:00
1450,8,1,7,411,ACC2209,1216016,0,2,28,216,08:00:00,11:20:00
1451,8,1,7,409,ACC2207,1215043,0,3,28,216,13:00:00,16:50:00
1452,8,1,7,410,ACC2208,1215032,0,5,28,216,13:00:00,15:50:00
1453,8,1,7,434,ACC3220,1214044,0,5,26,217,13:00:00,16:50:00
1454,8,1,7,416,ACC3216,1214044,0,5,2,217,09:00:00,10:40:00
1455,8,1,7,435,ACC3217,1215032,0,2,4,217,09:00:00,11:50:00
1457,8,1,7,433,ACC3218,"1217005   ",0,3,15,217,09:00:00,12:50:00
1458,8,1,7,432,ACC3114,1115054,0,3,2,217,14:00:00,15:50:00
1459,8,1,13,118,HOT0008,3114039,0,6,24,102,10:00:00,11:50:00
1460,8,1,13,118,HOT0008,3115006,0,6,26,103,10:00:00,11:50:00
1461,8,1,13,118,HOT0008,3114014,0,4,24,105,10:00:00,11:50:00
1462,8,1,13,118,HOT0008,3115006,0,4,26,106,10:00:00,11:50:00
1464,8,1,13,118,HOT0008,3114039,0,5,4,241,10:00:00,11:50:00
1465,8,1,13,119,HOT0009,3114039,0,6,24,102,14:00:00,17:50:00
1466,8,1,13,119,HOT0009,3115006,0,6,26,103,14:00:00,17:50:00
1467,8,1,13,119,HOT0009,3114014,0,4,24,105,13:00:00,16:50:00
1468,8,1,13,119,HOT0009,3115006,0,4,26,106,13:00:00,16:50:00
1470,8,1,13,119,HOT0009,3114039,0,5,4,241,13:00:00,16:50:00
1471,8,1,13,120,HOT0010,3116015,0,2,26,101,10:00:00,11:50:00
1472,8,1,13,120,HOT0010,3114014,0,2,26,104,13:00:00,14:50:00
1473,8,1,13,120,HOT0010,3114039,0,2,26,234,08:00:00,09:50:00
1474,8,1,13,121,HOT0011,3117016,0,5,11,102,13:00:00,16:50:00
1475,8,1,13,121,HOT0011,3117016,0,5,11,103,08:00:00,11:50:00
1476,8,1,13,121,HOT0011,"3117022  ",0,6,11,105,14:00:00,17:50:00
1477,8,1,13,121,HOT0011,"3117022  ",0,6,11,106,08:00:00,11:50:00
1478,8,1,13,121,HOT0011,3117016,0,4,11,240,13:00:00,16:50:00
1480,8,1,13,121,HOT0011,3117016,0,4,11,241,08:00:00,11:50:00
1481,8,1,13,122,HOT0012,3116051,0,2,3,232,08:00:00,09:50:00
1482,8,1,13,122,HOT0012,3116051,0,2,15,104,10:00:00,11:50:00
1483,8,1,13,122,HOT0012,3116051,0,2,5,234,13:00:00,14:50:00
1485,8,1,13,123,HOT0013,3116015,0,4,22,102,08:00:00,11:50:00
1486,8,1,13,123,HOT0013,3116015,0,4,22,103,13:00:00,16:50:00
1487,8,1,13,123,HOT0013,3117021,0,5,22,105,08:00:00,11:50:00
1488,8,1,13,123,HOT0013,3117021,0,5,22,106,13:00:00,16:50:00
1489,8,1,13,123,HOT0013,3117021,0,6,22,240,08:00:00,11:50:00
1490,8,1,13,123,HOT0013,3117021,0,6,22,241,14:00:00,17:50:00
1491,8,1,13,124,HOT0014,3116057,0,3,18,232,13:00:00,14:50:00
1493,8,1,13,124,HOT0014,3116057,0,3,18,234,15:00:00,16:50:00
1496,8,1,13,125,HOT0015,3116051,0,6,12,106,14:00:00,17:50:00
1497,8,1,13,125,HOT0015,3116051,0,6,12,105,08:00:00,11:50:00
1498,8,1,13,420,HOT0019,3114039,0,2,17,242,10:00:00,11:50:00
1499,8,1,13,420,HOT0019,3114016,0,2,18,243,10:00:00,11:50:00
1500,8,1,13,420,HOT0019,3115006,0,2,5,244,10:00:00,11:50:00
1501,8,1,13,420,HOT0019,3115061,0,2,3,245,10:00:00,11:50:00
1502,8,1,13,419,HOT0020,3114039,0,2,17,242,13:00:00,16:50:00
1503,8,1,13,124,HOT0014,3116057,0,2,26,233,15:00:00,16:50:00
1504,8,1,13,419,HOT0020,3114016,0,2,18,243,13:00:00,16:50:00
1505,8,1,13,419,HOT0020,3115006,0,2,24,244,13:00:00,16:50:00
1506,8,1,13,419,HOT0020,3115061,0,2,3,245,13:00:00,16:50:00
1507,8,1,13,421,HOT0021,3117039,0,5,2,235,13:00:00,14:50:00
1508,8,1,13,421,HOT0021,3117039,0,5,18,236,10:00:00,11:50:00
1509,8,1,13,418,PUN0018,3116057,0,6,8,235,14:00:00,16:50:00
1510,8,1,13,418,PUN0018,3116057,0,6,16,236,09:00:00,11:50:00
1512,8,1,13,111,PUN0003,1115045,0,6,2,235,08:00:00,11:50:00
1513,8,1,13,111,PUN0003,"1116036        ",0,6,2,236,14:00:00,17:50:00
1514,8,1,13,444,HOT0047,3114039,0,3,33,252,10:00:00,11:50:00
1515,8,1,13,445,HOT0048,3114039,0,3,11,253,13:00:00,16:50:00
1517,8,1,13,443,HOT0046,3117020,0,2,33,250,10:00:00,11:50:00
1520,8,1,13,436,HOT0039,3114039,0,4,4,246,10:00:00,11:50:00
1521,8,1,13,436,HOT0039,3114016,0,4,3,247,10:00:00,11:50:00
1522,8,1,13,437,HOT0040,3114039,0,4,4,246,13:00:00,16:50:00
1523,8,1,13,437,HOT0040,3114016,0,4,3,247,13:00:00,16:50:00
1524,8,1,13,440,HOT0043,3114038,1,5,33,249,09:00:00,10:50:00
1525,8,1,13,439,HOT0042,3117018,0,5,18,254,13:00:00,16:50:00
1526,8,1,13,442,HOT0045,3114038,1,3,24,248,13:00:00,15:50:00
1527,8,1,13,438,HOT0041,3116057,0,2,4,254,13:00:00,14:50:00
1528,8,1,13,110,PUN0004,3116057,0,3,17,232,08:00:00,11:50:00
1529,8,1,13,125,HOT0015,3115006,0,5,12,102,08:00:00,11:50:00
1530,8,1,13,125,HOT0015,3115006,0,5,12,103,13:00:00,16:50:00
1531,8,1,13,118,HOT0008,3114014,0,5,17,240,10:00:00,11:50:00
1533,8,1,6,406,ENT2260,1117007,0,4,1,204,13:00:00,15:50:00
1534,8,1,7,415,ACC2263,1117007,0,4,1,216,13:00:00,15:50:00
1535,8,1,6,407,ENT2238,2616030,0,6,16,204,13:00:00,16:50:00
1536,8,1,3,350,ARC2473,2214036,1,4,27,94,09:00:00,11:50:00
1537,8,1,3,354,ARC3252,2516018,1,5,6,255,13:00:00,15:50:00
1538,8,1,3,351,ARC2482,2415078,1,3,8,94,13:00:00,15:50:00
1539,8,1,3,349,ARC2472,2114045,1,6,8,94,09:00:00,11:50:00
1540,8,1,3,425,URP3206,2516018,1,5,26,255,09:00:00,10:50:00
1543,8,1,3,401,ARC2481,2117010,1,6,8,94,14:00:00,16:50:00
1544,8,1,3,346,ARC1242,2114002,1,5,6,256,08:00:00,10:50:00
1545,8,1,3,348,ARC2244,2115058,1,3,8,94,08:00:00,10:50:00
1546,8,1,3,344,ARC1222,2114045,0,2,2,256,09:00:00,11:50:00
1547,8,1,3,345,ARC1232,2114041,0,2,2,256,13:00:00,15:50:00
1548,8,1,3,343,ARC1212,2114033,1,3,27,256,08:00:00,16:50:00
1549,8,1,3,343,ARC1212,2114033,1,6,27,256,08:00:00,16:50:00
1550,8,1,3,353,ARC3216,2114042,1,2,6,255,08:00:00,16:50:00
1551,8,1,3,353,ARC3216,2114042,1,4,8,255,13:00:00,16:50:00
1552,8,1,3,353,ARC3216,2114042,1,6,6,255,08:00:00,16:50:00
1553,8,1,3,347,ARC2214,2114041,1,2,27,257,08:00:00,16:50:00
1554,8,1,3,347,ARC2214,2114041,1,2,8,258,08:00:00,16:50:00
1555,8,1,3,347,ARC2214,2114041,1,5,27,257,08:00:00,16:50:00
1556,8,1,3,347,ARC2214,2114041,1,5,8,258,08:00:00,16:50:00
1559,8,1,4,150,CEM4055,2214036,0,3,19,19,09:00:00,11:50:00
1560,8,1,4,146,CEM4051,2215010,0,2,19,19,10:00:00,11:50:00
1561,8,1,4,148,CEM3051,2216031,0,5,5,19,08:00:00,10:50:00
1562,8,1,4,145,CEM4042,2215055,0,5,5,19,13:00:00,15:50:00
1564,8,1,4,71,CEM3042,2217015,0,3,19,19,13:00:00,15:50:00
1567,8,1,3,333,ENT1201,1114080,1,4,17,196,08:00:00,11:50:00
1568,8,1,4,333,ENT1201,1114080,1,4,17,196,08:00:00,11:50:00
1569,8,1,6,333,ENT1201,1114080,1,4,17,196,08:00:00,11:50:00
1570,8,1,7,333,ENT1201,1114080,1,4,17,196,08:00:00,11:50:00
1571,8,1,14,333,ENT1201,1114080,1,4,17,196,08:00:00,11:50:00
1572,8,1,16,333,ENT1201,1114080,1,4,17,196,08:00:00,11:50:00
1573,8,1,18,333,ENT1201,1114080,1,4,17,196,08:00:00,11:50:00
1574,8,1,19,333,ENT1201,1114080,1,4,17,196,08:00:00,11:50:00
1575,8,1,14,392,LAW2201,3015034,0,2,10,237,15:00:00,16:50:00
1576,8,1,14,394,LAW2203,3017001,0,3,10,237,10:00:00,11:50:00
1577,8,1,14,398,LAW2207,3015016,0,5,10,237,10:00:00,11:50:00
1578,8,1,14,393,LAW2202,"3017006     ",0,5,10,237,13:00:00,14:50:00
1579,8,1,4,142,CEM0008,2217002,0,5,15,195,09:00:00,11:50:00
1581,8,1,4,139,CEM0005,2616002,0,6,15,195,08:00:00,10:50:00
1584,8,1,6,113,PUN0006,1114048,0,3,5,16,10:00:00,11:50:00
1585,8,1,6,112,PUN0005,1115053,0,5,1,16,13:00:00,16:50:00
1587,8,1,3,153,ARC0007,2114002,1,5,6,20,08:00:00,10:50:00
1588,8,1,3,154,ARC0008,2114033,1,3,27,20,08:00:00,16:50:00
1589,8,1,3,154,ARC0008,2114033,1,6,27,20,08:00:00,16:50:00
1592,8,1,6,334,UGC1202,"1116036        ",0,2,16,230,08:00:00,11:50:00
1593,8,1,7,334,UGC1202,"1116036        ",0,2,16,230,08:00:00,11:50:00
1594,8,1,6,334,UGC1202,1114048,0,2,24,231,08:00:00,11:50:00
1595,8,1,7,334,UGC1202,1114048,0,2,24,231,08:00:00,11:50:00
1596,8,1,6,111,PUN0003,1114048,0,2,24,16,08:00:00,11:50:00
1597,8,1,7,111,PUN0003,1114048,0,2,24,16,08:00:00,11:50:00
1598,8,1,6,114,PUN0007,1116066,0,5,3,16,13:00:00,14:50:00
1599,8,1,3,160,ARC4024,2117010,1,6,1,20,14:00:00,16:50:00
1600,8,1,3,157,ARC4034,2115058,1,3,8,20,08:00:00,10:50:00
1601,8,1,3,156,ARC4051,2114045,1,6,8,20,09:00:00,11:50:00
1602,8,1,3,89,MKU002,1014073,0,4,17,20,13:00:00,14:50:00
1603,8,1,3,159,ARC4081,2415078,1,3,8,20,13:00:00,15:50:00
1604,8,1,6,107,SOC4008,2616030,0,6,16,16,13:00:00,16:50:00
1605,8,1,6,106,SOC4007,1115054,0,5,3,16,09:00:00,11:50:00
1606,8,1,7,446,ACC4145,1215043,0,4,2,217,09:00:00,11:50:00
1608,8,1,13,423,HOT0022,3117039,0,4,34,236,10:00:00,11:50:00
1610,8,1,13,119,HOT0009,3114014,0,5,17,240,13:00:00,16:50:00
1611,8,1,3,158,ARC4044,2114041,1,2,8,20,08:00:00,16:50:00
1612,8,1,3,158,ARC4044,2114041,1,5,8,20,08:00:00,16:50:00
1613,8,1,13,125,HOT0015,3116051,0,4,12,240,08:00:00,11:50:00
1615,8,1,13,125,HOT0015,3116051,0,4,12,241,13:00:00,16:50:00
1616,8,1,13,423,HOT0022,3117039,0,4,15,235,13:00:00,14:50:00
1617,8,1,13,417,PUN0016,1015022,0,3,26,236,13:00:00,15:50:00
1618,8,1,13,417,PUN0016,1015022,0,3,26,235,09:00:00,11:50:00
1619,8,1,4,103,MKU003,3016009,0,6,18,19,08:00:00,09:50:00
1620,8,1,4,378,CEM2222,2217002,1,2,19,111,13:00:00,15:50:00
1621,8,1,4,144,CEM4041,2217002,1,2,19,19,13:00:00,15:50:00
1624,8,1,6,103,MKU003,3016009,0,6,17,16,10:00:00,11:50:00
1625,8,1,4,426,CEM3414,2217023,0,5,16,239,08:00:00,09:50:00
1626,8,1,7,400,ACC1202,1215043,0,5,28,215,09:00:00,09:50:00
1627,8,1,4,383,CEM3221,2217002,1,5,15,239,13:00:00,15:50:00
1628,8,1,13,441,HOT0044,3115061,0,3,6,251,09:00:00,11:50:00
1629,8,1,6,89,MKU002,1014073,0,6,17,16,08:00:00,09:50:00
1630,8,1,4,27,CEM2052,2214036,0,2,5,19,08:00:00,09:50:00
1631,8,1,4,382,CEM3211,2117026,0,6,17,239,14:00:00,15:50:00
1632,8,1,4,140,CEM0006,2214036,0,3,16,19,13:00:00,15:50:00
1633,8,1,3,163,CEM0009A,2214036,1,4,27,20,09:00:00,11:50:00
1635,8,1,6,114,PUN0007,1116066,0,5,24,259,10:00:00,11:50:00
1636,8,1,4,68,CEM3011,2217002,0,5,15,19,09:00:00,11:50:00
1639,11,1,19,513,PDP3103,2415069,0,5,29,423,09:00:00,11:50:00
1640,11,1,19,469,PDP2104,2417037,0,6,5,424,08:00:00,10:50:00
1643,11,1,19,468,PDP2105,2417037,0,6,16,427,13:00:00,15:50:00
1648,11,1,19,252,ENG1102,2416026,0,5,4,425,10:00:00,11:50:00
1656,11,1,17,246,URP1102,2517042,0,5,37,191,08:00:00,09:50:00
1660,11,1,16,196,STE1101,2316017,0,3,35,181,13:00:00,16:50:00
1661,11,1,16,473,STE2103,2315075,0,6,26,430,08:00:00,10:50:00
1668,11,1,14,507,LAW3105,3015034,0,2,41,405,13:00:00,14:50:00
1669,11,1,14,216,LAW2104,3015047,0,3,16,406,13:00:00,15:50:00
1670,11,1,14,508,LAW3106,3017001,0,4,3,407,08:00:00,09:50:00
1671,11,1,14,224,LAW2107,3017001,0,4,35,408,13:00:00,15:50:00
1677,11,1,14,238,LAW2108,3016046,0,4,10,410,10:00:00,11:50:00
1678,11,1,14,182,LAW1103,3015016,0,5,10,411,08:00:00,10:50:00
1680,11,1,6,181,LAW1102,3015064,0,6,17,263,14:00:00,17:50:00
1681,11,1,7,181,LAW1102,3015064,0,6,17,263,14:00:00,17:50:00
1682,11,1,14,181,LAW1102,3015064,0,6,17,263,14:00:00,17:50:00
1683,11,1,14,183,LAW1104,3017001,0,3,15,112,13:00:00,15:50:00
1684,11,1,14,248,LAW2102,3016044,0,2,35,413,10:00:00,11:50:00
1685,11,1,14,510,LAW3101,3016044,0,4,3,414,10:00:00,11:50:00
1688,11,1,14,512,LAW3102,3015034,0,2,41,416,15:00:00,16:50:00
1689,11,1,14,272,LAW2105,3016044,0,6,10,418,10:00:00,11:50:00
1690,11,1,13,492,HOT0034,3116015,1,3,34,327,08:00:00,09:50:00
1691,11,1,13,493,HOT0033,3116015,1,5,22,328,13:00:00,16:50:00
1692,11,1,13,493,HOT0033,3116015,1,5,22,329,08:00:00,11:50:00
1693,11,1,13,494,HOT0032,3116015,1,6,36,330,10:00:00,10:50:00
1694,11,1,13,95,HOT0006,3117060,0,4,18,235,10:00:00,11:50:00
1695,11,1,13,95,HOT0006,3117060,0,4,5,331,15:00:00,16:50:00
1696,11,1,13,94,HOT0005,3117060,0,4,36,332,13:00:00,14:50:00
1697,11,1,13,94,HOT0005,3117060,0,4,18,333,08:00:00,09:50:00
1698,11,1,13,95,HOT0006,3117060,0,5,17,236,10:00:00,11:50:00
1699,11,1,13,94,HOT0005,3117060,0,5,17,334,08:00:00,09:50:00
1700,11,1,13,95,HOT0006,3117060,0,5,39,335,13:00:00,14:50:00
1701,11,1,13,94,HOT0005,3117060,0,5,17,336,15:00:00,16:50:00
1702,11,1,13,311,HOT0018,3115006,1,2,9,338,08:00:00,16:50:00
1703,11,1,13,495,HOT0024,3117018,0,2,24,339,10:00:00,11:50:00
1704,11,1,13,496,HOT0025,3117018,0,2,24,340,13:00:00,16:50:00
1705,11,1,13,456,HBP4706,3116015,0,3,36,341,13:00:00,16:50:00
1707,11,1,4,453,CEM4113,2217057,0,6,24,295,14:00:00,16:50:00
1708,11,1,4,199,ENG2101,2616007,0,4,6,288,13:00:00,15:50:00
1709,11,1,18,199,ENG2101,2616007,0,4,6,288,13:00:00,15:50:00
1715,11,1,4,166,ENG1103,2315075,0,5,4,177,13:00:00,15:50:00
1716,11,1,16,166,ENG1103,2315075,0,5,4,177,13:00:00,15:50:00
1717,11,1,18,166,ENG1103,2315075,0,5,4,177,13:00:00,15:50:00
1720,11,1,19,198,PDP1102,2416026,0,3,4,225,13:00:00,14:50:00
1721,11,1,6,169,ENT1101,1114080,1,4,17,164,13:00:00,15:50:00
1722,11,1,16,169,ENT1101,1114080,1,4,17,164,13:00:00,15:50:00
1723,11,1,19,169,ENT1101,1114080,1,4,17,164,13:00:00,15:50:00
1724,11,1,6,169,ENT1101,1117048,1,4,18,262,13:00:00,15:50:00
1725,11,1,7,169,ENT1101,1117048,1,4,18,262,13:00:00,15:50:00
1726,11,1,14,169,ENT1101,1117048,1,4,18,262,13:00:00,15:50:00
1727,11,1,3,169,ENT1101,1116047,1,4,3,286,13:00:00,15:50:00
1728,11,1,4,169,ENT1101,1116047,1,4,3,286,13:00:00,15:50:00
1729,11,1,3,189,UGC0102,"1116036        ",0,5,18,282,08:00:00,09:50:00
1730,11,1,4,189,UGC0102,"1116036        ",0,5,18,282,08:00:00,09:50:00
1731,11,1,14,189,UGC0102,"1116036        ",0,5,18,282,08:00:00,09:50:00
1732,11,1,16,189,UGC0102,"1116036        ",0,5,18,282,08:00:00,09:50:00
1733,11,1,18,189,UGC0102,"1116036        ",0,5,18,282,08:00:00,09:50:00
1737,11,1,14,171,UNC0102,1014073,0,4,15,162,08:00:00,09:50:00
1738,11,1,18,171,UNC0102,1014073,0,4,15,162,08:00:00,09:50:00
1739,11,1,19,171,UNC0102,1014073,0,4,15,162,08:00:00,09:50:00
1743,11,1,13,171,UNC0102,1014073,0,4,15,172,10:00:00,11:50:00
1744,11,1,13,171,UNC0102,1014073,0,4,15,384,13:00:00,14:50:00
1745,11,1,3,171,UNC0102,1014073,0,4,15,281,15:00:00,16:50:00
1746,11,1,13,168,UNC0101,3016009,0,4,17,160,08:00:00,09:50:00
1747,11,1,7,168,UNC0101,3016009,0,4,17,161,10:00:00,11:50:00
1748,11,1,14,168,UNC0101,3016009,0,4,17,161,10:00:00,11:50:00
1749,11,1,16,168,UNC0101,3016009,0,4,17,161,10:00:00,11:50:00
1750,11,1,17,168,UNC0101,3016009,0,4,17,161,10:00:00,11:50:00
1751,11,1,18,168,UNC0101,3016009,0,4,17,161,10:00:00,11:50:00
1752,11,1,19,168,UNC0101,3016009,0,4,17,161,10:00:00,11:50:00
1753,11,1,3,168,UNC0101,3016009,0,4,16,280,13:00:00,14:50:00
1754,11,1,4,168,UNC0101,3016009,0,4,16,280,13:00:00,14:50:00
1755,11,1,13,168,UNC0101,3016009,0,4,16,394,15:00:00,16:50:00
1756,11,1,3,168,UNC0101,1014073,0,6,18,317,14:00:00,15:50:00
1757,11,1,6,168,UNC0101,1014073,0,6,18,317,14:00:00,15:50:00
1758,11,1,13,456,HBP4706,3116015,0,3,24,342,13:00:00,16:50:00
1759,11,1,13,495,HOT0024,3114038,0,2,4,345,10:00:00,11:50:00
1760,11,1,13,496,HOT0025,3114038,0,2,4,346,13:00:00,16:50:00
1761,11,1,13,457,HBP4705,3114038,0,3,36,347,10:00:00,11:50:00
1762,11,1,13,457,HBP4705,3114038,0,3,34,348,10:00:00,11:50:00
1764,11,1,13,93,HOT0004,3116051,1,5,33,353,08:00:00,11:50:00
1765,11,1,13,93,HOT0004,3116051,1,6,33,354,14:00:00,17:50:00
1766,11,1,13,93,HOT0004,3116051,1,5,33,355,13:00:00,16:50:00
1767,11,1,13,93,HOT0004,3116051,1,6,33,356,08:00:00,11:50:00
1768,11,1,13,93,HOT0004,3116051,1,4,33,357,13:00:00,16:50:00
1769,11,1,13,93,HOT0004,3116051,1,4,33,358,08:00:00,11:50:00
1770,11,1,13,497,HOT0029,3114039,0,5,24,359,08:00:00,11:50:00
1771,11,1,13,497,HOT0029,3114039,0,5,24,360,13:00:00,16:50:00
1772,11,1,13,91,HOT0002,3115061,0,3,1,362,08:00:00,11:50:00
1773,11,1,13,498,HOT0030,3114039,0,6,36,361,08:00:00,08:50:00
1774,11,1,13,91,HOT0002,3115061,0,3,1,363,13:00:00,16:50:00
1775,11,1,13,499,HOT0035,1015022,0,5,18,364,10:00:00,11:50:00
1776,11,1,13,96,HOT0007,3117021,0,2,39,365,10:00:00,11:50:00
1778,11,1,13,93,HOT0004,3116051,0,3,33,367,13:00:00,16:50:00
1780,11,1,13,96,HOT0007,3117021,0,6,18,369,08:00:00,09:50:00
1781,11,1,13,96,HOT0007,3117021,0,6,39,370,14:00:00,15:50:00
1782,11,1,13,64,WUN0012,"1116036        ",0,2,10,371,08:00:00,11:50:00
1783,11,1,13,459,HBP4703,3114016,0,6,39,372,08:00:00,09:50:00
1784,11,1,13,454,HBP4707,3114038,0,5,3,373,13:00:00,14:50:00
1785,11,1,13,90,HOT0001,3116057,0,2,3,374,13:00:00,14:50:00
1786,11,1,13,90,HOT0001,3116057,0,2,34,375,08:00:00,09:50:00
1787,11,1,13,90,HOT0001,3116057,0,2,3,376,15:00:00,16:50:00
1788,11,1,13,90,HOT0001,3116057,0,2,34,377,10:00:00,11:50:00
1789,11,1,13,91,HOT0002,3116057,0,4,1,378,08:00:00,11:50:00
1790,11,1,13,91,HOT0002,3116057,0,4,1,379,13:00:00,16:50:00
1792,11,1,13,91,HOT0002,3115061,0,5,1,381,13:00:00,16:50:00
1793,11,1,13,91,HOT0002,3116057,0,6,29,382,08:00:00,11:50:00
1794,11,1,13,91,HOT0002,3116057,0,6,29,383,14:00:00,17:50:00
1795,11,1,13,503,HOT0031,3117016,0,5,11,389,08:00:00,11:50:00
1796,11,1,13,503,HOT0031,3117016,0,5,11,390,13:00:00,16:50:00
1797,11,1,13,504,HOT0037,1015022,0,5,15,395,13:00:00,16:50:00
1798,11,1,13,505,HOT0036,1015022,0,6,24,396,08:00:00,11:50:00
1799,11,1,13,64,WUN0012,1117056,0,2,10,397,13:00:00,16:50:00
1800,11,1,13,64,WUN0012,1117056,0,3,10,128,13:00:00,16:50:00
1801,11,1,13,64,WUN0012,1117056,0,5,15,398,08:00:00,11:50:00
1802,11,1,13,92,HOT0003,3117039,0,3,10,399,08:00:00,09:50:00
1803,11,1,13,92,HOT0003,3117039,0,3,39,400,10:00:00,11:50:00
1804,11,1,13,92,HOT0003,3117039,0,4,10,401,08:00:00,09:50:00
1805,11,1,13,326,PUN0022,3117039,0,5,34,402,08:00:00,11:50:00
1806,11,1,13,92,HOT0003,3117039,0,5,17,403,13:00:00,14:50:00
1807,11,1,6,448,ENT4290,1116066,1,6,4,212,13:00:00,17:50:00
1808,11,1,6,328,ENT1120,1115027,0,5,16,87,08:00:00,11:50:00
1809,11,1,6,488,ENT3116,1115054,0,6,17,205,08:00:00,11:50:00
1810,11,1,6,489,ENT2136,1116066,0,3,17,88,13:00:00,16:50:00
1811,11,1,6,485,ENT3131,1114048,0,4,39,208,13:00:00,16:50:00
1812,11,1,6,487,ENT3142,1116047,0,4,39,209,08:00:00,11:50:00
1813,11,1,6,403,ENT2214,1217055,0,4,34,142,13:00:00,15:50:00
1814,11,1,6,490,ENT2112,1115054,0,5,16,318,13:00:00,15:50:00
1815,11,1,6,483,ENT4120,1114080,0,5,5,211,08:00:00,11:50:00
1816,11,1,6,486,ENT3130,1017061,0,5,39,207,08:00:00,11:50:00
1818,11,1,4,215,CEM3122,2217015,0,6,19,290,13:00:00,15:50:00
1819,11,1,4,217,CEM2111,2215017,0,3,6,291,09:00:00,11:50:00
1822,11,1,4,460,CEM4112,2217023,0,5,4,299,08:00:00,09:50:00
1824,11,1,4,461,CEM4480,2217002,0,5,34,301,13:00:00,16:50:00
1827,11,1,4,274,CEM3121,2217002,0,4,27,313,08:00:00,10:50:00
1828,11,1,4,276,CEM2121,2217015,0,2,19,111,09:00:00,11:50:00
1829,11,1,3,175,ARC1131,2114041,1,2,15,304,09:00:00,11:50:00
1830,11,1,3,173,ARC1111,2114033,1,3,8,168,13:00:00,16:50:00
1831,11,1,3,173,ARC1111,2114033,0,3,8,168,08:00:00,10:00:00
1832,11,1,3,173,ARC1111,2116012,1,3,27,167,13:00:00,16:50:00
1833,11,1,3,173,ARC1111,2116012,0,3,27,167,08:00:00,10:00:00
1834,11,1,3,173,ARC1111,2116012,0,6,27,167,08:00:00,11:50:00
1835,11,1,3,173,ARC1111,2116012,1,6,27,167,13:00:00,16:50:00
1836,11,1,3,173,ARC1111,2115059,0,6,6,168,08:00:00,11:50:00
1837,11,1,3,184,ARC2113,2115059,1,2,27,255,08:00:00,11:50:00
1838,11,1,3,184,ARC2113,2115059,1,2,27,255,13:00:00,16:50:00
1839,11,1,3,184,ARC2113,2115059,1,5,27,255,10:00:00,11:50:00
1841,11,1,3,184,ARC2113,2115059,1,5,27,255,13:00:00,17:50:00
1842,11,1,3,191,ARC3115,2114041,0,4,6,306,08:00:00,11:50:00
1843,11,1,3,191,ARC3115,2114041,0,6,37,307,08:00:00,11:50:00
1844,11,1,3,191,ARC3115,2117058,1,2,6,306,13:00:00,16:50:00
1845,11,1,3,191,ARC3115,2117058,0,4,8,307,08:00:00,11:50:00
1846,11,1,3,191,ARC3115,2117058,1,6,8,306,13:00:00,16:50:00
1847,11,1,3,191,ARC3115,2117058,1,6,8,306,08:00:00,11:50:00
1848,11,1,3,191,ARC3115,2117058,1,2,6,306,08:00:00,11:50:00
1849,11,1,3,191,ARC3115,2517107,0,2,37,307,08:00:00,11:50:00
1850,11,1,3,191,ARC3115,2516037,1,2,37,307,13:00:00,16:50:00
1851,11,1,3,191,ARC3115,2516037,1,6,37,307,13:00:00,16:50:00
1852,11,1,3,449,ARC4117,2114033,0,2,8,308,08:00:00,11:50:00
1860,11,1,3,188,ARC2471,2114040,1,6,34,272,13:00:00,16:50:00
1861,11,1,3,174,ARC1121,2114045,0,2,16,93,09:00:00,11:50:00
1862,11,1,3,174,ARC1121,2114045,0,2,16,92,13:00:00,15:50:00
1865,11,1,3,194,ARC2483,2114040,0,5,2,283,08:00:00,11:50:00
1867,11,1,3,190,ARC3151,2517107,1,5,5,285,13:00:00,15:50:00
1868,11,1,7,447,ACC4121,"1217059        ",0,6,41,269,14:00:00,17:50:00
1869,11,1,7,197,ACC3111,1214044,0,5,41,219,13:00:00,16:50:00
1870,11,1,7,208,ACC4110,1216016,0,2,28,220,09:00:00,11:50:00
1871,11,1,7,450,ACC4122,1115054,0,3,41,268,13:00:00,16:50:00
1872,11,1,7,451,ACC4144,1215032,0,5,2,267,13:00:00,15:50:00
1873,11,1,7,242,ACC1101,1215043,0,5,41,264,08:00:00,11:50:00
1875,11,1,7,237,ACC2104,1215043,0,2,39,216,13:00:00,16:50:00
1876,11,1,7,251,ACC2160,1115054,0,3,41,158,09:00:00,11:50:00
1877,11,1,7,253,ACC2105,1115054,0,5,3,217,09:00:00,11:50:00
1879,11,1,7,257,ACC1155,"1217059        ",0,6,3,125,08:00:00,11:50:00
1880,11,1,7,277,ACC2161,1217055,0,6,4,218,08:00:00,11:50:00
1881,11,1,7,465,ACC4147,"1217005   ",0,4,41,266,13:00:00,15:50:00
1882,11,1,7,466,ACC4119,"1217005   ",0,4,41,265,10:00:00,11:50:00
1883,11,1,17,214,URP1104,2517042,0,4,2,193,08:00:00,09:50:00
1884,11,1,3,449,ARC4117,2516018,1,4,37,308,08:00:00,11:50:00
1885,11,1,19,244,PDP1101,2415078,0,4,16,179,10:00:00,11:50:00
1887,11,1,3,185,ARC2123,2114045,0,4,34,284,09:00:00,11:50:00
1890,11,1,6,331,UGC1101,1117048,0,3,24,316,08:00:00,11:50:00
1899,11,1,13,63,WUN0011,3117070,1,4,26,234,09:00:00,11:50:00
1900,11,1,13,63,WUN0011,3117070,1,4,26,337,13:00:00,15:50:00
1901,11,1,13,63,WUN0011,3117070,1,5,26,233,13:00:00,15:50:00
1902,11,1,13,63,WUN0011,3117070,1,5,26,232,09:00:00,11:50:00
1903,11,1,6,329,UGC1102,"1116036        ",0,2,18,261,13:00:00,16:50:00
1904,11,1,7,329,UGC1102,"1116036        ",0,2,18,261,13:00:00,16:50:00
1905,11,1,6,329,UGC1102,1114048,0,2,17,315,13:00:00,16:50:00
1906,11,1,3,199,ENG2101,2616007,0,3,5,303,13:00:00,15:50:00
1915,11,1,14,511,LAW3104,3016044,1,4,24,415,13:00:00,16:50:00
1916,11,1,16,472,STE2102,2317041,0,4,10,428,14:00:00,16:50:00
1917,11,1,18,480,ENV2105,2317041,0,3,15,323,08:00:00,10:50:00
1918,11,1,13,310,HOT0017,3116015,0,7,9,343,13:00:00,16:50:00
1919,11,1,13,309,HOT0016,3116015,0,7,9,344,10:00:00,11:50:00
1922,11,1,14,247,LAW2101,3017071,0,6,10,412,14:00:00,15:50:00
1927,11,1,4,178,CEM1102,2217002,0,6,5,298,14:00:00,15:50:00
1928,11,1,7,222,ACC2103,1217055,0,2,41,86,09:00:00,11:50:00
1931,11,1,19,227,PDP1103,2415069,1,5,10,421,13:00:00,14:50:00
1932,11,1,19,227,PDP1103,2417036,1,2,34,421,13:00:00,14:50:00
1941,11,1,3,170,UGC0101,2417036,0,3,3,420,10:00:00,11:50:00
1942,11,1,19,170,UGC0101,2417036,0,3,3,420,10:00:00,11:50:00
1943,11,1,4,179,CEM1112,2215010,0,2,5,110,13:00:00,14:50:00
1944,11,1,3,170,UGC0101,2114002,0,3,18,274,10:00:00,11:50:00
1945,11,1,14,170,UGC0101,2114002,0,3,18,274,10:00:00,11:50:00
1946,11,1,3,170,UGC0101,2415078,0,3,17,183,10:00:00,11:50:00
1947,11,1,4,170,UGC0101,2415078,0,3,17,183,10:00:00,11:50:00
1948,11,1,16,170,UGC0101,2416026,0,3,4,322,10:00:00,11:50:00
1949,11,1,17,170,UGC0101,2416026,0,3,4,322,10:00:00,11:50:00
1950,11,1,18,170,UGC0101,2416026,0,3,4,322,10:00:00,11:50:00
1951,11,1,13,96,HOT0007,3117021,0,2,26,366,15:00:00,16:50:00
1952,11,1,4,218,CEM3112,2117026,0,6,19,292,09:00:00,11:50:00
1955,11,1,4,455,CEM4481,2215017,0,5,13,296,10:00:00,11:50:00
1956,11,1,4,482,CEM3111,2217057,0,5,36,312,13:00:00,15:50:00
1957,11,1,4,271,CEM2101,2215055,0,5,19,178,13:30:00,16:00:00
1958,11,1,16,515,STE2105,2215055,0,5,19,429,13:30:00,16:00:00
1959,11,1,17,245,URP1101,2516028,0,2,26,182,13:00:00,14:50:00
1960,11,1,18,478,ENV2103,2617083,0,6,3,324,13:00:00,15:50:00
1961,11,1,18,172,ENV1101,2616002,0,6,35,180,13:00:00,14:50:00
1962,11,1,3,175,ARC1131,2117078,1,2,15,305,13:00:00,15:50:00
1963,11,1,3,173,ARC1111,2117066,1,6,6,168,13:00:00,16:50:00
1964,11,1,3,449,ARC4117,2117077,0,6,38,308,13:00:00,16:50:00
1965,11,1,3,449,ARC4117,2516018,1,4,37,308,13:00:00,16:50:00
1966,11,1,3,176,ARC1141,2114002,1,5,8,309,08:00:00,11:50:00
1967,11,1,3,176,ARC1141,2114040,1,5,8,310,13:00:00,16:50:00
1968,11,1,3,187,ARC2143,2115058,1,3,2,311,08:00:00,11:50:00
1969,11,1,4,167,ENG1106,2617083,0,6,16,185,09:00:00,11:50:00
1970,11,1,16,167,ENG1106,2617083,0,6,37,185,09:00:00,11:50:00
1971,11,1,18,212,ENG1105,2617083,0,6,16,321,09:00:00,11:50:00
1972,11,1,6,484,ENT3141,1017082,0,3,5,206,10:00:00,11:50:00
1973,11,1,4,220,CEM2113,2216031,0,4,19,294,08:00:00,10:50:00
1974,11,1,3,192,ARC3161,"2117014        ",1,4,27,278,13:00:00,15:50:00
1975,11,1,18,476,ENV2101,2617085,0,5,37,228,15:00:00,17:50:00
1976,11,1,3,462,ARC4162,2114002,1,5,6,279,13:00:00,15:50:00
1978,11,1,3,169,ENT1101,1017082,0,4,4,287,13:00:00,15:50:00
1979,11,1,17,169,ENT1101,1017082,0,4,4,287,13:00:00,15:50:00
1980,11,1,18,169,ENT1101,1017082,0,4,4,287,13:00:00,15:50:00
1981,11,1,13,93,HOT0004,3116051,1,3,33,368,08:00:00,11:50:00
1982,11,1,13,91,HOT0002,3115061,0,5,1,380,08:00:00,11:50:00
1983,11,1,4,221,CEM2112,2217096,0,3,6,239,13:00:00,15:50:00
1984,11,1,4,177,CEM1101,2217096,1,3,16,84,08:00:00,09:50:00
1985,11,1,4,467,CEM3415,2217057,0,3,16,314,10:00:00,11:50:00
1986,11,1,4,83,"MKU004 ",1014073,0,4,15,162,08:00:00,09:50:00
1987,11,1,6,83,"MKU004 ",1014073,0,4,15,162,08:00:00,09:50:00
1988,11,1,7,83,"MKU004 ",1014073,0,4,15,162,08:00:00,09:50:00
1989,11,1,6,463,ENT4135,"1117067        ",0,3,26,210,13:00:00,16:50:00
1990,11,1,6,491,ENT2137,1117084,0,4,24,115,08:00:00,11:50:00
1991,11,1,6,242,ACC1101,"1117067        ",0,5,18,320,13:00:00,16:50:00
1993,11,1,18,479,ENV2104,2616002,0,2,35,325,13:00:00,15:50:00
1994,11,1,7,256,ACC3113,1215032,0,3,28,270,09:00:00,11:50:00
1995,11,1,13,66,PUN0002,3117092,0,3,2,391,14:00:00,17:50:00
1996,11,1,13,66,PUN0002,3117092,0,6,36,393,14:00:00,17:50:00
1997,11,1,19,470,PDP3102,2415078,0,5,35,422,13:00:00,15:50:00
1998,11,1,19,514,PDP2181,2415069,1,4,8,426,13:00:00,17:50:00
2000,11,1,13,495,HOT0024,1017080,0,2,3,349,10:00:00,11:50:00
2001,11,1,13,496,HOT0025,1017080,0,2,2,350,13:00:00,16:50:00
2002,11,1,13,495,HOT0024,3117079,0,2,36,351,10:00:00,11:50:00
2003,11,1,13,496,HOT0025,3117079,0,2,36,352,13:00:00,16:50:00
2007,11,1,7,254,ACC3112,1115054,0,6,17,271,08:00:00,11:50:00
2008,11,1,13,500,HOT0028,3117079,0,2,4,385,08:00:00,09:50:00
2009,11,1,13,501,HOT0027,3117079,0,5,12,386,08:00:00,11:50:00
2010,11,1,13,501,HOT0027,3117079,0,5,12,387,13:00:00,16:50:00
2011,11,1,13,502,HOT0026,3117079,0,6,39,388,10:00:00,11:50:00
2012,11,1,13,320,PUN0011,3117092,0,4,36,392,15:00:00,17:50:00
2014,11,1,14,255,LAW2106,3017076,0,5,38,417,09:00:00,11:50:00
2015,11,1,6,331,UGC1101,1115027,0,3,26,260,08:00:00,11:50:00
2016,11,1,7,331,UGC1101,1115027,0,3,26,260,08:00:00,11:50:00
2017,11,1,6,181,LAW1102,3015016,0,6,15,146,08:00:00,11:50:00
2018,11,1,13,310,HOT0017,3116015,0,7,9,434,13:00:00,16:50:00
2021,11,1,18,477,ENV2102,2616002,0,4,35,326,09:00:00,11:50:00
2022,11,1,16,474,STE2104,2616002,0,4,35,432,09:00:00,11:50:00
2023,11,1,16,165,ENG1101,2416026,0,6,26,419,13:00:00,15:50:00
2024,11,1,19,165,ENG1101,2416026,0,6,26,419,13:00:00,15:50:00
2029,11,1,3,458,CEM4111,2617083,0,5,37,297,10:00:00,11:50:00
2030,11,1,4,458,CEM4111,2617083,0,5,37,297,10:00:00,11:50:00
2031,11,1,4,280,URP1103,2517107,0,3,18,192,13:00:00,15:50:00
2032,11,1,17,280,URP1103,2516037,0,3,18,192,13:00:00,15:50:00
2033,11,1,14,509,LAW3103,3017073,0,6,18,409,10:00:00,11:50:00
2034,11,1,4,165,ENG1101,2416026,0,2,5,176,09:00:00,11:50:00
2035,11,1,17,165,ENG1101,2416026,0,2,5,176,09:00:00,11:50:00
2036,11,1,18,165,ENG1101,2416026,0,2,5,176,09:00:00,11:50:00
2037,11,1,4,219,CEM3123,2217087,0,3,34,293,13:00:00,15:50:00
2038,11,1,14,180,LAW1101,3015016,0,2,26,159,08:00:00,10:30:00
2039,11,1,16,475,STE2106,2317041,0,6,15,431,13:00:00,15:50:00
2040,11,1,14,506,LAW2255,3017075,0,6,10,404,08:00:00,09:50:00
2041,11,1,3,186,ARC2133,2117010,1,6,1,275,08:00:00,11:50:00
2042,11,1,4,240,CEM3481,2217015,0,2,13,300,13:00:00,15:50:00
2043,11,1,16,471,STE2101,2317041,0,2,38,229,08:00:00,10:50:00
2044,11,1,4,210,LAW2103,3015034,0,2,35,237,08:00:00,09:40:00
2045,11,1,14,210,LAW2103,3015034,0,2,35,237,08:00:00,09:40:00
2046,11,1,3,449,ARC4117,2114033,0,2,8,308,13:00:00,16:50:00
2058,12,1,16,364,STE1201,2317041,0,2,35,181,08:00:00,10:30:00
2061,12,1,16,526,STE2204,2317041,0,3,35,440,08:00:00,10:30:00
2079,12,1,16,528,STE2202,2315075,0,5,16,429,09:00:00,11:30:00
2081,12,1,16,367,STE1203,2316017,0,3,6,428,13:00:00,15:30:00
2082,12,1,16,366,STE1204,2316017,0,5,16,430,13:00:00,15:30:00
2085,12,1,19,362,PDP1205,2417036,1,5,6,421,08:00:00,12:20:00
2086,12,1,19,363,PDP1206,2417037,0,6,2,425,13:00:00,14:40:00
2087,12,1,19,360,PDP1203,2415078,0,3,2,179,15:00:00,16:40:00
2088,12,1,19,523,PDP3202,2415069,0,4,29,427,08:00:00,10:30:00
2089,12,1,19,525,PDP2205,2416026,0,3,5,423,09:00:00,11:30:00
2090,12,1,19,524,PDP3203,2417037,0,6,2,424,09:00:00,11:30:00
2092,12,1,17,541,URP1203,2517042,1,5,37,192,08:00:00,10:30:00
2094,12,1,17,540,URP1205,2516028,0,3,29,471,09:00:00,11:30:00
2095,12,1,7,519,ACC4223,1215032,0,4,41,265,08:00:00,13:00:00
2098,12,1,3,564,ARC4218,2114033,0,2,38,285,08:00:00,12:00:00
2099,12,1,7,520,ACC4224,1217099,0,6,34,443,13:00:00,15:30:00
2102,12,1,6,517,ENT4181,"1116036        ",1,6,9,452,13:00:00,18:00:00
2103,12,1,3,565,ARC4263,2114045,0,6,38,447,13:00:00,17:00:00
2105,12,1,4,534,CEM3416,2215017,1,5,38,296,10:00:00,11:40:00
2106,12,1,4,533,CEM4211,2217096,0,4,37,295,08:00:00,09:40:00
2109,12,1,4,535,CEM4212,2217057,0,5,15,289,15:30:00,16:40:00
2114,12,1,7,341,ACC1259,1115054,0,2,41,215,08:00:00,11:20:00
2121,12,1,14,386,LAW1202,3017071,0,3,38,159,08:00:00,09:40:00
2122,12,1,4,371,CEM1201,2616002,1,4,27,84,13:00:00,15:30:00
2123,12,1,6,213,UNC0201,1014073,0,6,4,450,13:00:00,14:40:00
2124,12,1,3,345,ARC1232,2114041,1,2,34,168,09:00:00,11:30:00
2125,12,1,3,345,ARC1232,2114041,1,2,34,167,13:00:00,15:30:00
2126,12,1,14,390,LAW1206,3017001,0,2,10,410,13:00:00,15:30:00
2127,12,1,14,387,LAW1203,3015047,0,3,10,237,13:00:00,14:40:00
2128,12,1,4,372,CEM1202,2217057,0,3,17,110,08:00:00,10:30:00
2129,12,1,14,385,LAW1201,3016044,0,4,10,112,13:00:00,14:40:00
2130,12,1,6,342,ENT1235,1117048,0,6,4,116,08:00:00,11:20:00
2131,12,1,7,335,ACC1256,"1217059        ",0,6,29,85,08:00:00,11:20:00
2135,12,1,17,538,URP1204,2517113,0,5,10,193,13:00:00,14:40:00
2136,12,1,17,539,URP1201,2616007,1,6,5,182,13:00:00,14:40:00
2137,12,1,14,389,LAW1205,3017098,0,5,39,408,13:00:00,15:30:00
2138,12,1,14,388,LAW1204,3015047,0,3,10,406,15:00:00,16:40:00
2139,12,1,17,537,URP1202,2516018,1,6,35,191,09:00:00,11:30:00
2140,12,1,13,110,PUN0004,3117070,1,4,15,371,08:00:00,11:20:00
2142,12,1,13,110,PUN0004,3117070,1,4,15,82,13:00:00,16:20:00
2143,12,1,13,110,PUN0004,3117070,1,5,18,128,08:00:00,11:20:00
2148,12,1,3,346,ARC1242,2114002,1,5,8,257,08:00:00,12:00:00
2149,12,1,3,346,ARC1242,2114002,1,5,8,258,13:00:00,17:00:00
2150,12,1,13,118,HOT0008,3117079,0,6,24,105,10:00:00,11:40:00
2153,12,1,13,118,HOT0008,3115061,0,6,26,106,10:00:00,11:40:00
2154,12,1,13,118,HOT0008,3114014,0,6,36,240,10:00:00,11:40:00
2155,12,1,13,118,HOT0008,1015022,0,6,3,241,10:00:00,11:40:00
2156,12,1,13,119,HOT0009,3115006,0,6,17,457,13:00:00,16:20:00
2158,12,1,13,119,HOT0009,3115061,0,6,26,454,13:00:00,16:20:00
2159,12,1,13,119,HOT0009,3114014,0,6,36,453,13:00:00,16:20:00
2160,12,1,13,119,HOT0009,1015022,0,6,3,458,13:00:00,16:20:00
2161,12,1,13,120,HOT0010,3117021,0,2,3,235,08:00:00,09:40:00
2162,12,1,13,120,HOT0010,3117021,0,2,17,236,10:00:00,11:40:00
2163,12,1,13,120,HOT0010,3117021,0,2,17,331,15:00:00,16:40:00
2164,12,1,13,121,HOT0011,3114039,0,3,11,473,08:00:00,11:20:00
2165,12,1,13,121,HOT0011,3114039,0,3,11,474,13:00:00,16:20:00
2166,12,1,13,121,HOT0011,"3117022  ",0,4,11,476,13:00:00,16:20:00
2167,12,1,13,121,HOT0011,"3117022  ",0,4,11,475,08:00:00,11:20:00
2168,12,1,13,122,HOT0012,3116051,0,2,3,403,10:00:00,11:40:00
2169,12,1,13,122,HOT0012,3116051,0,2,5,399,13:00:00,14:40:00
2170,12,1,13,122,HOT0012,3116051,0,2,17,400,08:00:00,09:40:00
2171,12,1,13,123,HOT0013,3117021,0,4,22,472,13:00:00,16:20:00
2172,12,1,13,123,HOT0013,3117021,0,5,22,468,08:00:00,11:20:00
2173,12,1,13,123,HOT0013,3117021,0,5,22,469,13:00:00,16:20:00
2175,12,1,13,123,HOT0013,3117021,0,4,22,470,08:00:00,11:20:00
2176,12,1,3,213,UNC0201,1014073,0,4,36,221,10:00:00,11:40:00
2177,12,1,4,213,UNC0201,1014073,0,4,36,221,10:00:00,11:40:00
2178,12,1,7,213,UNC0201,1014073,0,4,36,221,10:00:00,11:40:00
2179,12,1,13,213,UNC0201,1014073,0,4,36,221,10:00:00,11:40:00
2180,12,1,3,213,UNC0201,1014073,0,4,36,222,08:00:00,09:40:00
2181,12,1,4,213,UNC0201,1014073,0,4,36,222,08:00:00,09:40:00
2182,12,1,7,213,UNC0201,1014073,0,4,36,222,08:00:00,09:40:00
2183,12,1,13,213,UNC0201,1014073,0,4,36,222,08:00:00,09:40:00
2184,12,1,3,213,UNC0201,1014073,0,4,36,227,15:00:00,16:40:00
2185,12,1,4,213,UNC0201,1014073,0,4,36,227,15:00:00,16:40:00
2186,12,1,13,213,UNC0201,1014073,0,4,36,227,15:00:00,16:40:00
2187,12,1,16,213,UNC0201,1014073,0,4,36,227,15:00:00,16:40:00
2188,12,1,18,213,UNC0201,1014073,0,4,36,227,15:00:00,16:40:00
2189,12,1,19,213,UNC0201,1014073,0,4,36,227,15:00:00,16:40:00
2190,12,1,3,213,UNC0201,1014073,0,4,36,532,13:00:00,14:40:00
2191,12,1,4,213,UNC0201,1014073,0,4,36,532,13:00:00,14:40:00
2192,12,1,16,213,UNC0201,1014073,0,4,36,532,13:00:00,14:40:00
2193,12,1,18,213,UNC0201,1014073,0,4,36,532,13:00:00,14:40:00
2194,12,1,19,213,UNC0201,1014073,0,4,36,532,13:00:00,14:40:00
2195,12,1,3,236,UNC0202,3016009,0,4,26,223,08:00:00,09:40:00
2196,12,1,4,236,UNC0202,3016009,0,4,26,223,08:00:00,09:40:00
2197,12,1,7,236,UNC0202,3016009,0,4,26,223,08:00:00,09:40:00
2198,12,1,13,236,UNC0202,3016009,0,4,26,223,08:00:00,09:40:00
2199,12,1,3,236,UNC0202,3016009,0,4,26,224,10:00:00,11:40:00
2200,12,1,4,236,UNC0202,3016009,0,4,26,224,10:00:00,11:40:00
2201,12,1,7,236,UNC0202,3016009,0,4,26,224,10:00:00,11:40:00
2202,12,1,13,236,UNC0202,3016009,0,4,26,224,10:00:00,11:40:00
2203,12,1,14,236,UNC0202,3016009,0,4,26,224,10:00:00,11:40:00
2204,12,1,3,236,UNC0202,3016009,0,4,26,226,13:00:00,14:40:00
2205,12,1,4,236,UNC0202,3016009,0,4,26,226,13:00:00,14:40:00
2206,12,1,14,236,UNC0202,3016009,0,4,26,226,13:00:00,14:40:00
2207,12,1,16,236,UNC0202,3016009,0,4,26,226,13:00:00,14:40:00
2208,12,1,17,236,UNC0202,3016009,0,4,26,226,13:00:00,14:40:00
2209,12,1,18,236,UNC0202,3016009,0,4,26,226,13:00:00,14:40:00
2210,12,1,19,236,UNC0202,3016009,0,4,26,226,13:00:00,14:40:00
2211,12,1,3,236,UNC0202,3016009,0,4,26,461,15:00:00,16:40:00
2212,12,1,4,236,UNC0202,3016009,0,4,26,461,15:00:00,16:40:00
2213,12,1,14,236,UNC0202,3016009,0,4,26,461,15:00:00,16:40:00
2214,12,1,16,236,UNC0202,3016009,0,4,26,461,15:00:00,16:40:00
2215,12,1,17,236,UNC0202,3016009,0,4,26,461,15:00:00,16:40:00
2216,12,1,18,236,UNC0202,3016009,0,4,26,461,15:00:00,16:40:00
2217,12,1,19,236,UNC0202,3016009,0,4,26,461,15:00:00,16:40:00
2218,12,1,6,236,UNC0202,3016009,0,6,4,449,15:00:00,16:40:00
2219,12,1,3,333,ENT1201,1114080,1,4,42,196,08:00:00,11:20:00
2220,12,1,4,333,ENT1201,1114080,1,4,42,196,08:00:00,11:20:00
2221,12,1,6,333,ENT1201,1114080,1,4,42,196,08:00:00,11:20:00
2222,12,1,7,333,ENT1201,1114080,1,4,42,196,08:00:00,11:20:00
2223,12,1,14,333,ENT1201,1114080,1,4,42,196,08:00:00,11:20:00
2224,12,1,16,333,ENT1201,1114080,1,4,42,196,08:00:00,11:20:00
2225,12,1,17,333,ENT1201,1114080,1,4,42,196,08:00:00,11:20:00
2226,12,1,18,333,ENT1201,1114080,1,4,42,196,08:00:00,11:20:00
2227,12,1,19,333,ENT1201,1114080,1,4,42,196,08:00:00,11:20:00
2228,12,1,13,123,HOT0013,3116015,0,3,22,466,08:00:00,11:20:00
2229,12,1,13,123,HOT0013,3116015,0,3,22,467,13:00:00,16:20:00
2230,12,1,13,124,HOT0014,3114014,0,2,5,374,15:00:00,16:40:00
2231,12,1,6,337,ENT1233,1114048,0,3,4,444,08:00:00,09:40:00
2232,12,1,18,358,ENV1204,2616007,0,6,5,180,13:00:00,14:40:00
2233,12,1,13,124,HOT0014,3114014,0,2,5,375,08:00:00,09:40:00
2235,12,1,13,124,HOT0014,3114016,0,2,17,376,13:00:00,14:40:00
2238,12,1,6,334,UGC1202,"1116036        ",0,5,3,197,13:00:00,15:50:00
2239,12,1,7,334,UGC1202,"1116036        ",0,5,3,197,13:00:00,15:50:00
2242,12,1,6,334,UGC1202,1114048,0,5,3,198,08:00:00,11:20:00
2243,12,1,7,334,UGC1202,1114048,0,5,3,198,08:00:00,11:20:00
2244,12,1,6,337,ENT1233,1114048,0,3,4,437,10:00:00,11:40:00
2245,12,1,7,338,ACC1257,1114048,0,3,4,17,10:00:00,11:40:00
2246,12,1,6,336,ENT1220,1115027,0,5,1,156,08:00:00,11:20:00
2247,12,1,6,336,ENT1220,1115027,0,5,1,157,13:00:00,15:50:00
2250,12,1,6,340,ENT1234,1117048,0,3,3,445,10:00:00,11:40:00
2252,12,1,16,529,STE2201,2317041,0,6,17,432,08:00:00,09:40:00
2253,12,1,16,365,STE1202,2316017,0,6,15,546,08:00:00,10:30:00
2254,12,1,14,566,LAW3168,3017098,0,5,10,549,09:00:00,11:30:00
2255,12,1,18,355,ENV1201,2617100,0,6,15,548,08:00:00,10:30:00
2256,12,1,19,359,PDP1201,2416026,0,6,15,547,08:00:00,10:30:00
2257,12,1,16,368,ENG1201,2616002,1,3,6,229,10:00:00,11:40:00
2259,12,1,13,553,HOT0054,3114016,0,6,33,528,08:00:00,16:00:00
2260,12,1,7,400,ACC1202,1215043,0,6,28,86,14:00:00,14:50:00
2268,12,1,3,343,ARC1212,2116012,1,3,27,304,08:00:00,12:00:00
2269,12,1,3,343,ARC1212,2116012,1,6,27,304,08:00:00,12:00:00
2270,12,1,3,343,ARC1212,2116012,1,3,27,304,13:00:00,17:00:00
2271,12,1,3,343,ARC1212,2116012,1,6,27,304,13:00:00,17:00:00
2272,12,1,3,344,ARC1222,2114045,0,2,15,277,09:00:00,11:30:00
2273,12,1,3,344,ARC1222,2114045,0,2,15,276,13:00:00,15:30:00
2274,12,1,18,356,ENV1202,2616007,0,5,38,326,13:00:00,15:30:00
2275,12,1,13,125,HOT0015,3116051,0,5,12,462,08:00:00,11:20:00
2276,12,1,13,125,HOT0015,3116051,0,5,12,463,13:00:00,16:20:00
2277,12,1,13,125,HOT0015,3117079,0,3,12,459,08:00:00,11:20:00
2278,12,1,13,125,HOT0015,3117079,0,3,12,460,13:00:00,16:20:00
2279,12,1,13,125,HOT0015,3115006,0,4,12,464,08:00:00,11:20:00
2280,12,1,13,125,HOT0015,3115006,0,4,12,465,13:00:00,16:20:00
2281,12,1,13,119,HOT0009,3117079,0,6,24,455,13:00:00,16:20:00
2282,12,1,13,118,HOT0008,3115006,0,6,17,102,10:00:00,11:40:00
2283,12,1,4,373,CEM1203,2217002,0,3,5,298,13:00:00,15:30:00
2284,12,1,4,370,CEM1221,2217002,0,5,37,178,13:00:00,15:30:00
2286,12,1,19,361,PDP1204,2416026,0,3,2,225,13:00:00,14:40:00
2287,12,1,14,391,LAW1207,3017098,0,6,15,66,13:00:00,14:40:00
2288,12,1,13,121,HOT0011,3114039,0,5,11,477,08:00:00,11:20:00
2289,12,1,13,121,HOT0011,3114039,0,5,11,478,13:00:00,16:20:00
2290,12,1,3,343,ARC1212,2115059,0,6,8,305,13:00:00,17:00:00
2291,12,1,3,343,ARC1212,2114033,0,3,8,305,08:00:00,12:00:00
2292,12,1,3,343,ARC1212,2117077,0,3,8,305,13:00:00,17:00:00
2293,12,1,14,399,LAW2208,3016044,0,6,10,415,10:00:00,11:40:00
2294,12,1,14,397,LAW2206,"3017009       ",0,3,15,409,08:00:00,09:40:00
2295,12,1,3,347,ARC2214,2114041,0,5,27,166,08:00:00,12:00:00
2296,12,1,3,347,ARC2214,2114041,0,5,27,166,13:00:00,17:00:00
2297,12,1,19,521,PDP2183,2415069,1,4,35,422,13:00:00,17:20:00
2298,12,1,4,377,CEM2221,2217015,0,3,38,313,13:00:00,15:30:00
2299,12,1,4,378,CEM2222,2217015,0,5,34,312,13:00:00,15:30:00
2300,12,1,7,411,ACC2209,1217099,0,4,2,271,08:00:00,11:20:00
2301,12,1,4,374,CEM2211,2217096,0,2,37,239,15:00:00,16:40:00
2302,12,1,4,375,CEM2212,2217096,0,5,41,294,09:00:00,11:30:00
2304,12,1,18,542,ENV2204,2616002,0,4,35,439,09:00:00,11:30:00
2306,12,1,14,394,LAW2203,3016044,0,6,35,404,13:00:00,14:40:00
2307,12,1,4,376,CEM2213,2218002,0,2,37,291,09:00:00,11:30:00
2308,12,1,6,408,ENT2215,1017082,0,5,5,88,08:00:00,11:20:00
2309,12,1,18,545,ENV2203,2616007,0,3,35,448,13:00:00,15:30:00
2310,12,1,18,544,ENV2207,2616007,0,6,2,323,15:00:00,16:40:00
2311,12,1,14,393,LAW2202,3015016,0,2,10,418,10:00:00,11:40:00
2312,12,1,18,549,ENV2206,2617100,0,5,35,533,08:00:00,09:40:00
2313,12,1,18,548,ENV2205,2617100,0,5,35,529,10:00:00,11:40:00
2314,12,1,14,392,LAW2201,3016044,0,2,10,417,08:00:00,09:40:00
2315,12,1,3,401,ARC2481,2117010,1,6,1,275,13:00:00,17:00:00
2316,12,1,13,419,HOT0020,3117079,0,2,4,507,13:00:00,16:20:00
2317,12,1,13,419,HOT0020,3115061,0,2,18,506,13:00:00,16:20:00
2318,12,1,13,419,HOT0020,3117018,0,2,24,505,13:00:00,16:20:00
2319,12,1,13,419,HOT0020,1017080,0,2,26,504,13:00:00,16:20:00
2320,12,1,13,419,HOT0020,3116015,0,2,36,503,13:00:00,16:20:00
2321,12,1,13,419,HOT0020,3114039,0,2,39,502,13:00:00,16:20:00
2322,12,1,13,420,HOT0019,3117079,0,2,4,501,10:00:00,11:40:00
2323,12,1,13,420,HOT0019,3115061,0,2,18,500,10:00:00,11:40:00
2324,12,1,13,420,HOT0019,3117018,0,2,24,499,10:00:00,11:40:00
2325,12,1,13,420,HOT0019,1017080,0,2,26,498,10:00:00,11:40:00
2326,12,1,13,420,HOT0019,3116015,0,2,36,497,10:00:00,11:40:00
2327,12,1,13,420,HOT0019,3114039,0,2,39,496,10:00:00,11:40:00
2328,12,1,13,421,HOT0021,3117079,0,4,5,493,10:00:00,11:40:00
2329,12,1,13,421,HOT0021,3117079,0,2,4,495,08:00:00,09:40:00
2330,12,1,13,421,HOT0021,3117079,0,5,36,494,13:00:00,14:40:00
2331,12,1,7,415,ACC2263,"1217059        ",0,6,29,216,13:00:00,15:30:00
2332,12,1,6,406,ENT2260,1117007,0,5,5,204,13:00:00,15:30:00
2333,12,1,13,418,PUN0018,3116057,0,3,1,490,08:00:00,10:30:00
2334,12,1,13,418,PUN0018,3116057,0,3,1,491,11:00:00,13:30:00
2335,12,1,13,418,PUN0018,3116057,0,3,1,492,14:00:00,16:30:00
2336,12,1,3,350,ARC2473,2317041,0,4,27,272,09:00:00,11:30:00
2337,12,1,7,409,ACC2207,1215043,0,3,28,218,08:00:00,11:20:00
2339,12,1,14,398,LAW2207,3015016,0,4,18,414,10:00:00,11:40:00
2340,12,1,7,410,ACC2208,1217055,0,4,2,220,13:00:00,15:30:00
2341,12,1,6,516,ENT2111,1017082,0,3,39,142,13:00:00,15:30:00
2342,12,1,6,407,ENT2238,1117084,0,3,26,205,08:00:00,11:20:00
2344,12,1,6,402,ENT2221,1115027,0,4,1,206,09:00:00,11:30:00
2345,12,1,13,423,HOT0022,3117039,0,4,24,487,13:00:00,14:40:00
2346,12,1,13,423,HOT0022,3117039,0,3,18,488,08:00:00,09:40:00
2347,12,1,13,423,HOT0022,3117039,0,3,18,489,10:00:00,11:40:00
2348,12,1,7,412,ACC2206,1217055,0,2,16,217,09:00:00,11:30:00
2349,12,1,7,413,ACC2264,1115054,0,3,41,158,13:00:00,15:30:00
2350,12,1,6,404,ENT2240,1116066,0,4,18,207,13:00:00,15:30:00
2351,12,1,13,417,PUN0016,3117039,0,3,16,434,13:00:00,15:30:00
2352,12,1,13,417,PUN0016,3117039,0,5,39,486,08:00:00,10:30:00
2353,12,1,13,417,PUN0016,3117039,0,4,39,485,08:00:00,10:30:00
2354,12,1,3,348,ARC2244,2114002,1,3,37,255,08:00:00,12:00:00
2356,12,1,13,111,PUN0003,1117056,0,4,16,483,13:00:00,16:20:00
2357,12,1,13,111,PUN0003,1117056,0,6,39,482,13:00:00,16:20:00
2358,12,1,13,111,PUN0003,1117056,0,6,39,484,08:00:00,11:40:00
2360,12,1,7,414,ACC2265,1115054,0,2,2,219,13:00:00,13:50:00
2361,12,1,6,405,ENT2239,1115027,0,4,1,208,08:00:00,08:50:00
2362,12,1,18,546,ENV2202,2617085,0,4,10,326,15:00:00,17:30:00
2363,12,1,16,527,STE2206,2315075,0,2,35,441,13:00:00,14:40:00
2364,12,1,16,531,STE2203,2317041,0,5,35,431,13:00:00,15:30:00
2366,12,1,3,347,ARC2214,2114040,1,2,27,166,13:00:00,17:00:00
2367,12,1,4,379,CEM2223,2315075,0,6,19,300,08:00:00,10:30:00
2368,12,1,13,422,HOT0023,3114016,0,5,2,479,14:00:00,16:30:00
2369,12,1,13,422,HOT0023,3114016,0,5,2,481,08:00:00,10:30:00
2370,12,1,13,422,HOT0023,3114016,0,5,2,480,11:00:00,13:30:00
2371,12,1,7,434,ACC3220,1214044,0,5,28,268,13:00:00,16:20:00
2372,12,1,14,562,LAW3208,3016044,0,2,2,544,10:00:00,11:40:00
2373,12,1,7,416,ACC3216,1214044,0,5,28,442,10:00:00,11:40:00
2374,12,1,14,559,LAW3205,3016046,0,4,34,543,13:00:00,14:40:00
2375,12,1,3,354,ARC3252,2516028,1,5,34,283,08:00:00,10:30:00
2376,12,1,4,383,CEM3221,2217015,1,3,2,301,09:00:00,11:30:00
2378,12,1,4,369,CEM1211,2217015,0,5,15,111,08:00:00,09:40:00
2379,12,1,4,382,CEM3211,2117026,0,6,15,314,15:00:00,16:40:00
2380,12,1,4,384,CEM3222,2217096,0,5,41,299,13:00:00,15:30:00
2381,12,1,3,353,ARC3216,2114033,0,4,8,536,08:00:00,12:00:00
2382,12,1,3,353,ARC3216,2117058,0,4,6,537,08:00:00,12:00:00
2383,12,1,3,353,ARC3216,2117058,1,2,6,537,08:00:00,12:00:00
2384,12,1,3,353,ARC3216,2117058,0,2,6,537,13:00:00,17:00:00
2385,12,1,19,522,PDP3102,2415078,0,5,6,426,13:00:00,15:30:00
2386,12,1,4,427,CEM3411,2218002,0,6,3,297,08:00:00,09:40:00
2387,12,1,6,431,ENT3222,1114080,0,3,36,209,10:00:00,11:40:00
2388,12,1,3,353,ARC3216,2114042,1,6,37,536,08:00:00,12:00:00
2389,12,1,3,353,ARC3216,2114042,1,6,37,536,13:00:00,17:00:00
2390,12,1,3,353,ARC3216,2116042,1,6,6,537,08:00:00,12:00:00
2391,12,1,6,430,ENT3232,1114080,0,3,3,210,13:00:00,16:20:00
2392,12,1,14,560,LAW3206,3017001,0,3,10,542,08:00:00,09:40:00
2393,12,1,13,445,HOT0048,3114039,0,6,11,253,08:00:00,11:20:00
2394,12,1,13,445,HOT0048,3116015,0,6,11,526,13:00:00,16:20:00
2395,12,1,13,444,HOT0047,3114039,1,4,39,524,13:00:00,14:40:00
2397,12,1,13,441,HOT0044,3114039,0,4,5,523,16:00:00,17:40:00
2398,12,1,7,435,ACC3217,1215032,0,6,28,270,08:00:00,10:30:00
2399,12,1,13,443,HOT0046,3117020,0,5,24,522,08:00:00,09:40:00
2400,12,1,13,437,HOT0040,3117018,0,5,4,521,13:00:00,16:20:00
2401,12,1,13,437,HOT0040,3115061,0,5,17,520,13:00:00,16:20:00
2402,12,1,13,437,HOT0040,3114038,0,5,26,518,13:00:00,16:20:00
2403,12,1,13,437,HOT0040,1015022,0,5,24,519,13:00:00,16:20:00
2404,12,1,13,436,HOT0039,3117018,0,5,4,517,10:00:00,11:40:00
2405,12,1,13,436,HOT0039,3115061,0,5,17,516,10:00:00,11:40:00
2406,12,1,13,436,HOT0039,3114038,0,5,26,514,10:00:00,11:40:00
2407,12,1,13,436,HOT0039,1015022,0,5,24,515,10:00:00,11:40:00
2408,12,1,13,440,HOT0043,3114038,1,2,3,513,13:00:00,15:30:00
2409,12,1,13,552,HOT0051,"1014059  ",0,3,24,512,14:00:00,17:20:00
2410,12,1,13,551,HOT0050,"1014059  ",0,3,24,511,12:00:00,13:40:00
2413,12,1,13,550,HOT0049,1015022,0,3,24,550,09:00:00,10:40:00
2414,12,1,13,439,HOT0042,1017080,0,6,16,341,13:00:00,16:20:00
2415,12,1,13,439,HOT0042,3117018,0,6,16,342,08:00:00,11:20:00
2416,12,1,13,442,HOT0045,3115061,1,4,5,510,13:00:00,15:30:00
2417,12,1,13,438,HOT0041,3116057,0,2,18,508,08:00:00,09:40:00
2418,12,1,13,438,HOT0041,3116057,0,2,1,509,10:00:00,11:40:00
2419,12,1,13,554,HOT0055,1017080,1,3,33,530,13:00:00,18:00:00
2420,12,1,6,429,ENT3380,"1116036        ",0,4,9,211,08:00:00,11:20:00
2421,12,1,3,353,ARC3216,2116042,1,6,6,537,13:00:00,17:00:00
2422,12,1,14,556,LAW3202,3017073,1,6,10,540,08:00:00,09:40:00
2423,12,1,6,428,ENT3233,1017061,0,4,17,212,13:00:00,16:20:00
2424,12,1,14,561,LAW3207,3015064,0,6,10,539,14:00:00,15:40:00
2425,12,1,3,353,ARC3216,2116042,0,2,8,536,08:00:00,12:00:00
2427,12,1,14,396,LAW2205,3017001,0,3,15,407,10:00:00,11:40:00
2428,12,1,14,558,LAW3204,3015047,0,3,10,535,10:00:00,11:40:00
2429,12,1,3,353,ARC3216,2116042,0,2,8,536,13:00:00,17:00:00
2430,12,1,7,432,ACC3114,1115054,0,3,41,267,10:00:00,11:40:00
2431,12,1,3,241,ARC3481,2114045,0,3,34,311,09:00:00,11:30:00
2432,12,1,7,433,ACC3218,"1217005   ",0,2,28,269,08:00:00,11:20:00
2433,12,1,14,557,LAW3203,3017098,0,2,41,534,13:00:00,14:40:00
2434,12,1,4,381,CEM3201,2215017,0,2,2,290,08:00:00,09:40:00
2435,12,1,18,543,ENV2208,2617100,0,3,38,325,10:00:00,11:40:00
2436,12,1,3,564,ARC4218,2114033,0,2,38,285,13:00:00,17:00:00
2437,12,1,6,518,ENT4291,1116066,1,2,9,213,08:00:00,13:00:00
2438,12,1,3,564,ARC4218,2114045,0,4,38,285,08:00:00,12:00:00
2439,12,1,3,564,ARC4218,2114045,0,6,38,285,08:00:00,12:00:00
2441,12,1,4,536,CEM4482,2218002,1,6,41,525,13:00:00,16:20:00
2442,12,1,7,293,ACC3147,1215043,0,2,28,266,13:00:00,15:30:00
2443,12,1,14,395,LAW2204,3017001,0,4,10,405,10:00:00,11:40:00
2444,12,1,13,119,HOT0009,1014026,0,6,18,456,13:00:00,16:20:00
2445,12,1,13,118,HOT0008,1014026,0,6,18,103,10:00:00,11:40:00
2446,12,1,16,530,STE2205,2316017,0,4,37,451,13:00:00,15:30:00
2448,12,1,3,564,ARC4218,2114033,0,3,15,285,13:00:00,17:00:00
2449,12,1,4,380,CEM2224,2215017,0,4,16,292,08:00:00,10:30:00
2452,12,1,3,349,ARC2472,2117058,0,3,34,284,13:00:00,17:00:00
2453,12,1,14,555,LAW3201,3017098,0,3,37,538,13:00:00,14:40:00
2456,12,1,14,171,UNC0102,3017098,0,4,24,162,08:00:00,09:40:00
2457,12,1,3,158,ARC4044,2114040,1,2,27,166,08:00:00,12:00:00
2458,12,1,6,340,ENT1234,1116066,0,3,3,438,08:00:00,09:40:00
