ID,CurriculumID,Semester,CurriculumTypeID,ProdiID,EducationLevelID,MKID,MKCode,MKType,LecturerNIP,CoursesGroupsID,TotalSKS,SKSTeori,SKSPraktikum,SKSPraktikLapangan,StatusMK,PreconditionMKID,StatusSilabus,StatusSAP,UpdateBy,UpdateAt
1,1,1,2,4,NULL,1,UNI1004,1,1214044,NULL,4,4,0,0,NULL,,0,0,2017090,2018-01-08 10:10:10
2,1,1,2,3,NULL,2,UNI1003,1,1114058,NULL,4,4,0,0,NULL,,0,0,2017090,2018-01-08 10:10:10
3,1,1,1,3,NULL,3,UNI1001,1,1114005,NULL,3,3,0,0,NULL,,0,0,2017090,2018-01-08 10:10:10
4,1,1,2,4,NULL,4,SOC1001,1,1114005,NULL,4,4,0,0,NULL,,0,0,2017090,2018-01-08 10:10:10
5,1,1,1,4,NULL,5,UNI1002,1,NULL,NULL,4,4,0,0,NULL,,0,0,2017090,2018-01-08 10:10:10
6,1,1,2,3,NULL,1,UNI1004,1,1114053,NULL,4,4,0,0,NULL,,0,0,2017090,2018-01-08 10:10:10
7,1,1,1,3,NULL,4,SOC1001,1,1014034,NULL,4,4,0,0,NULL,,0,0,2017090,2018-01-08 10:10:10
8,1,1,1,3,NULL,5,UNI1002,1,1214044,NULL,4,4,0,0,NULL,,0,0,2017090,2018-01-08 10:10:10
9,1,1,2,5,NULL,1,UNI1004,1,1114053,NULL,4,4,0,0,NULL,,0,0,2017090,2018-01-08 10:10:10
10,1,1,2,5,NULL,2,UNI1003,1,1114058,NULL,4,4,0,0,NULL,,0,0,2017090,2018-01-08 10:10:10
11,1,1,2,5,NULL,3,UNI1001,1,1114005,NULL,3,3,0,0,NULL,,0,0,2017090,2018-01-08 10:10:10
12,1,1,2,4,NULL,2,UNI1003,1,NULL,NULL,4,4,0,0,NULL,,0,0,2017090,2018-01-08 10:10:10
13,1,1,2,1,NULL,3,UNI1001,1,1114005,NULL,3,3,0,0,NULL,,0,0,2017090,2018-01-08 10:10:10
14,1,1,2,1,NULL,2,UNI1003,1,NULL,NULL,4,4,0,0,NULL,,0,0,2017090,2018-01-08 10:10:10
15,1,1,2,2,NULL,1,UNI1004,1,1114053,NULL,4,4,0,0,NULL,,0,0,2017090,2018-01-08 10:10:10
16,1,1,2,2,NULL,3,UNI1001,1,1114005,NULL,3,3,0,0,NULL,,0,0,2017090,2018-01-08 10:10:10
17,1,1,2,2,NULL,2,UNI1003,1,1114058,NULL,4,4,0,0,NULL,,0,0,2017090,2018-01-08 10:10:10
18,1,1,1,1,NULL,8,ARC1011,1,2114045,NULL,3,2,1,0,NULL,,0,0,2017090,2018-01-08 10:10:10
19,1,1,1,1,NULL,9,ARC1021,1,2114041,NULL,3,1,2,0,NULL,,0,0,2017090,2018-01-08 10:10:10
20,1,1,1,1,NULL,10,ARC1031,1,2114040,NULL,3,1,2,0,NULL,,0,0,2017090,2018-01-08 10:10:10
21,1,1,1,1,NULL,11,ARC1041,1,2114033,NULL,6,2,4,0,NULL,,0,0,2017090,2018-01-08 10:10:10
22,1,1,1,2,NULL,12,CEM1011,1,1014034,NULL,2,2,0,0,NULL,,0,0,2017090,2018-01-08 10:10:10
23,1,1,1,2,NULL,13,CEM1012,1,1014034,NULL,2,2,0,0,NULL,,0,0,2017090,2018-01-08 10:10:10
24,1,1,1,2,NULL,14,CEM1013,1,2214067,NULL,2,2,0,0,NULL,,0,0,2017090,2018-01-08 10:10:10
25,1,1,1,2,NULL,15,CEM1031,1,2214066,NULL,2,2,0,0,NULL,,0,0,2017090,2018-01-08 10:10:10
26,1,1,1,2,NULL,16,CEM1041,1,2114002,NULL,2,2,0,0,NULL,,0,0,2017090,2018-01-08 10:10:10
27,1,1,1,5,NULL,17,HBP1007,1,3114065,NULL,4,2,2,0,NULL,,0,0,2017090,2018-01-08 10:10:10
28,1,1,1,5,NULL,18,HBP1008,1,3114065,NULL,4,2,2,0,NULL,,0,0,2017090,2018-01-08 10:10:10
29,1,1,1,5,NULL,19,HBP1009,1,3114065,NULL,2,0,2,0,NULL,,0,0,2017090,2018-01-08 10:10:10
30,1,1,2,5,NULL,20,HBP1004,1,3114014,NULL,1,0,1,0,NULL,,0,0,2017090,2018-01-08 10:10:10
31,1,2,1,2,NULL,22,CEM2042,1,NULL,NULL,3,3,0,0,NULL,,0,0,2017090,2018-01-08 10:10:10
32,1,2,1,2,NULL,23,CEM2011,1,NULL,NULL,2,2,0,0,NULL,,0,0,2017090,2018-01-08 10:10:10
33,1,2,1,2,NULL,24,CEM2031,1,2214066,NULL,2,2,0,0,NULL,,0,0,2017090,2018-01-08 10:10:10
34,1,2,1,2,NULL,25,CEM2032,1,NULL,NULL,2,2,0,0,NULL,,0,0,2017090,2018-01-08 10:10:10
35,1,2,1,2,NULL,26,CEM2051,1,NULL,NULL,3,3,0,0,NULL,,0,0,2017090,2018-01-08 10:10:10
36,1,2,1,2,NULL,27,CEM2052,1,NULL,NULL,2,2,0,0,NULL,,0,0,2017090,2018-01-08 10:10:10
37,1,2,1,2,NULL,21,CEM2043,1,2214036,NULL,2,2,0,0,NULL,,0,0,2017090,2018-01-08 10:10:10
38,1,2,1,3,NULL,28,UNI2005,1,1114005,NULL,4,4,0,0,NULL,3,0,0,2017090,1/8/2018 10:10
39,1,2,1,3,NULL,29,SOC2002,1,1114055,NULL,4,4,0,0,NULL,4,0,0,2017090,1/8/2018 10:10
40,1,2,1,3,NULL,30,SOC2003,1,1114058,NULL,4,4,0,0,NULL,2,0,0,2017090,1/8/2018 10:10
41,1,2,1,3,NULL,31,SOC2004,1,1114053,NULL,2,2,0,0,NULL,,0,0,2017090,2018-01-08 10:10:10
42,1,2,1,3,NULL,32,SOC2005,1,1114053,NULL,2,2,0,0,NULL,,0,0,2017090,2018-01-08 10:10:10
43,1,2,1,3,NULL,33,SOC2006,1,1114053,NULL,4,4,0,0,NULL,,0,0,2017090,2018-01-08 10:10:10
44,1,2,1,1,NULL,36,ARC2012,1,2114045,NULL,3,2,1,0,NULL,,0,0,2017090,2018-01-08 10:10:10
45,1,2,1,1,NULL,35,ARC2022,1,2114041,NULL,3,1,2,0,NULL,,0,0,2017090,2018-01-08 10:10:10
46,1,2,1,1,NULL,37,ARC2032,1,2114002,NULL,3,1,2,0,NULL,,0,0,2017090,2018-01-08 10:10:10
47,1,2,1,1,NULL,38,ARC2061,1,2114040,NULL,3,2,1,0,NULL,,0,0,2017090,2018-01-08 10:10:10
48,1,2,1,4,NULL,28,UNI2005,1,1114005,NULL,4,4,0,0,NULL,3,0,0,2017090,1/8/2018 10:10
49,1,2,1,4,NULL,29,SOC2002,1,1114055,NULL,4,4,0,0,NULL,4,0,0,2017090,1/8/2018 10:10
50,1,2,1,4,NULL,30,SOC2003,1,1114058,NULL,4,4,0,0,NULL,2,0,0,2017090,1/8/2018 10:10
51,1,2,1,4,NULL,31,SOC2004,1,1114053,NULL,2,2,0,0,NULL,,0,0,2017090,2018-01-08 10:10:10
52,1,2,1,4,NULL,32,SOC2005,1,1114013,NULL,2,2,0,0,NULL,,0,0,2017090,2018-01-08 10:10:10
53,1,2,1,4,NULL,33,SOC2006,1,1114053,NULL,4,4,0,0,NULL,,0,0,2017090,2018-01-08 10:10:10
54,1,2,2,5,NULL,28,UNI2005,1,1114005,NULL,4,4,0,0,NULL,,0,0,2017090,2018-01-08 10:10:10
55,1,2,2,5,NULL,30,SOC2003,1,1114058,NULL,4,4,0,0,NULL,,0,0,2017090,2018-01-08 10:10:10
56,1,2,2,5,NULL,39,HBP2017T,1,3114016,NULL,2,2,0,0,NULL,,0,0,2017090,2018-01-08 10:10:10
57,1,2,1,5,NULL,42,HBP2001T,1,3114039,NULL,2,2,0,0,NULL,,0,0,2017090,2018-01-08 10:10:10
58,1,2,1,5,NULL,41,HBP2003T,1,3114016,NULL,2,2,0,0,NULL,,0,0,2017090,2018-01-08 10:10:10
59,1,2,1,5,NULL,40,HBP2005T,1,3114014,NULL,2,2,0,0,NULL,,0,0,2017090,2018-01-08 10:10:10
60,1,2,1,2,NULL,43,CEM2041,1,2215084,NULL,3,3,0,0,NULL,,0,0,2017090,2018-01-08 10:10:10
61,1,2,1,4,NULL,46,ACC2101,1,1214044,NULL,1,0,1,0,NULL,,0,0,2017090,2018-01-08 10:10:10
62,1,2,1,1,NULL,34,ARC2042,1,2114033,NULL,6,2,4,0,NULL,,0,0,2017090,2018-01-08 10:10:10
63,1,2,1,5,NULL,47,HBP2017P,1,3114016,NULL,2,0,2,0,NULL,,0,0,2017090,2018-01-08 10:10:10
64,1,2,1,5,NULL,50,HBP2005P,1,3114016,NULL,2,0,2,0,NULL,,0,0,2017090,2018-01-08 10:10:10
65,1,2,1,5,NULL,51,HBP2003P,1,3114014,NULL,2,0,2,0,NULL,,0,0,2017090,2018-01-08 10:10:10
66,1,2,1,5,NULL,52,HBP2001P,1,3114039,NULL,2,0,2,0,NULL,,0,0,2017090,2018-01-08 10:10:10
67,1,3,1,3,NULL,53,SOC3001,1,1215032,NULL,3,3,0,0,NULL,5,0,0,2017090,1/8/2018 10:10
68,1,3,1,3,NULL,54,SOC3002,1,1115027,NULL,3,3,0,0,NULL,5,0,0,2017090,1/8/2018 10:10
69,1,3,1,3,NULL,55,SOC3003,1,1114005,NULL,3,3,0,0,NULL,33,0,0,2017090,1/8/2018 10:10
70,1,3,1,3,NULL,56,SOC3004,1,3015087,NULL,4,4,0,0,NULL,,0,0,2017090,2018-01-08 10:10:10
71,1,3,1,3,NULL,57,ENT3001,1,1114053,NULL,4,4,0,0,NULL,3,0,0,2017090,1/8/2018 10:10
72,1,3,1,3,NULL,58,SOC2107,1,1115027,NULL,4,4,0,0,NULL,,0,0,2017090,2018-01-08 10:10:10
73,1,3,1,2,NULL,68,CEM3011,1,2215008,NULL,3,3,0,0,NULL,,0,0,2017090,2018-01-08 10:10:10
74,1,3,1,2,NULL,70,CEM3032,1,2215017,NULL,3,3,0,0,NULL,,0,0,2017090,2018-01-08 10:10:10
75,1,3,1,2,NULL,71,CEM3042,1,2215008,NULL,3,2,1,0,NULL,,0,0,2017090,2018-01-08 10:10:10
76,1,3,1,2,NULL,72,CEM3043,1,2215084,NULL,3,3,0,0,NULL,,0,0,2017090,2018-01-08 10:10:10
77,1,3,1,2,NULL,73,CEM3052,1,2215017,NULL,3,3,0,0,NULL,,0,0,2017090,2018-01-08 10:10:10
78,1,3,1,5,NULL,77,HBP3017,1,3114038,NULL,4,4,0,0,NULL,,0,0,2017090,2018-01-08 10:10:10
79,1,3,1,5,NULL,78,HBP3012,1,3114016,NULL,8,0,0,8,NULL,,0,0,2017090,2018-01-08 10:10:10
80,1,3,1,4,NULL,59,ACC3001,1,1215032,NULL,3,3,0,0,NULL,,0,0,2017090,2018-01-08 10:10:10
81,1,3,2,4,NULL,58,SOC2107,1,1115027,NULL,4,4,0,0,NULL,,0,0,2017090,2018-01-08 10:10:10
82,1,3,1,4,NULL,56,SOC3004,1,3015087,NULL,4,4,0,0,NULL,,0,0,2017090,2018-01-08 10:10:10
83,1,3,2,4,NULL,54,SOC3002,1,1115027,NULL,3,3,0,0,NULL,66,0,0,2017090,1/8/2018 10:10
84,1,3,1,4,NULL,60,ACC3002,1,1215032,NULL,4,4,0,0,NULL,66,0,0,2017090,1/8/2018 10:10
85,1,3,1,4,NULL,55,SOC3003,1,1114005,NULL,3,3,0,0,NULL,33,0,0,2017090,1/8/2018 10:10
86,1,3,2,1,NULL,79,ARC 3013,1,2114040,NULL,3,2,1,0,NULL,,0,0,2017090,2018-01-08 10:10:10
87,1,3,1,1,NULL,80,ARC3023,1,2114041,NULL,3,1,2,0,NULL,,0,0,2017090,2018-01-08 10:10:10
88,1,3,2,1,NULL,81,ARC 3033,1,2114045,NULL,3,1,2,0,NULL,,0,0,2017090,2018-01-08 10:10:10
89,1,3,1,1,NULL,82,ARC 3043,1,2114033,NULL,6,2,4,0,NULL,,0,0,2017090,2018-01-08 10:10:10
90,1,3,1,1,NULL,1,UNI1004,1,1114053,NULL,4,4,0,0,NULL,,0,0,2017090,2018-01-08 10:10:10
91,1,3,1,1,NULL,83,MKU004 ,1,2114002,NULL,2,2,0,0,NULL,,0,0,2017090,2018-01-08 10:10:10
92,1,3,1,1,NULL,84,MKU001,1,3015016,NULL,2,2,0,0,NULL,,0,0,2017090,2018-01-08 10:10:10
93,1,3,1,2,NULL,101,CEM3031,1,2214036,NULL,2,2,0,0,NULL,,0,0,2017090,2018-01-08 10:10:10
94,1,6,2,2,NULL,89,MKU002,1,3015016,NULL,2,2,0,0,NULL,,0,0,2017090,2018-01-08 10:10:10
95,1,6,1,2,NULL,83,MKU004 ,1,1014073,NULL,2,2,0,0,NULL,,0,0,2017090,2018-01-08 10:10:10
96,1,4,1,3,NULL,104,SOC4005,1,1115027,NULL,3,3,0,0,NULL,,0,0,2017090,2018-01-08 10:10:10
97,1,4,1,3,NULL,106,SOC4007,1,1115054,NULL,3,3,0,0,NULL,,0,0,2017090,2018-01-08 10:10:10
98,1,4,1,3,NULL,105,SOC4006,1,1114080,NULL,3,3,0,0,NULL,,0,0,2017090,2018-01-08 10:10:10
99,1,4,2,3,NULL,107,SOC4008,1,1115027,NULL,4,4,0,0,NULL,58,0,0,2017090,1/8/2018 10:10
100,1,4,1,3,NULL,109,ENT4002,1,1115054,NULL,4,4,0,0,NULL,,0,0,2017090,2018-01-08 10:10:10
101,1,4,1,3,NULL,108,SOC4009,1,1115018,NULL,1,1,0,0,NULL,,0,0,2017090,2018-01-08 10:10:10
102,1,4,1,1,NULL,156,ARC4051,1,2114045,NULL,3,2,1,0,NULL,,0,0,2017090,2018-01-08 10:10:10
103,1,4,1,1,NULL,157,ARC4034,1,2114045,NULL,3,2,1,0,NULL,,0,0,2017090,2018-01-08 10:10:10
104,1,4,1,1,NULL,158,ARC4044,1,2114040,NULL,6,2,4,0,NULL,,0,0,2017090,2018-01-08 10:10:10
105,1,4,2,1,NULL,159,ARC4081,0,2114002,NULL,3,1,2,0,NULL,,0,0,2017090,2018-01-08 10:10:10
106,1,4,2,1,NULL,160,ARC4024,1,2114042,NULL,3,1,2,0,NULL,,0,0,2017090,2018-01-08 10:10:10
107,1,4,1,1,NULL,163,CEM0009A,0,2214036,NULL,2,2,0,0,NULL,,0,0,2017090,2018-01-08 10:10:10
108,1,4,1,1,NULL,103,MKU003,1,3015016,NULL,2,2,0,0,NULL,,0,0,2017090,2018-01-08 10:10:10
109,1,4,1,1,NULL,89,MKU002,1,3015016,NULL,2,2,0,0,NULL,,0,0,2017090,2018-01-08 10:10:10
110,1,4,1,4,NULL,104,SOC4005,1,1115027,NULL,3,3,0,0,NULL,,0,0,2017090,2018-01-08 10:10:10
111,1,4,1,4,NULL,108,SOC4009,1,1115018,NULL,1,1,0,0,NULL,,0,0,2017090,2018-01-08 10:10:10
112,1,4,1,4,NULL,105,SOC4006,1,1114080,NULL,3,3,0,0,NULL,,0,0,2017090,2018-01-08 10:10:10
113,1,4,1,4,NULL,106,SOC4007,1,1115054,NULL,3,3,0,0,NULL,,0,0,2017090,2018-01-08 10:10:10
114,1,4,2,4,NULL,107,SOC4008,1,1115027,NULL,4,4,0,0,NULL,,0,0,2017090,2018-01-08 10:10:10
115,1,4,1,4,NULL,53,SOC3001,1,1215032,NULL,3,3,0,0,NULL,5,0,0,2017090,1/8/2018 10:10
116,1,4,2,5,NULL,126,HBP4017T,1,3114038,NULL,2,2,0,0,NULL,,0,0,2017090,2018-01-08 10:10:10
117,1,4,2,5,NULL,127,HBP4017P,1,3114038,NULL,2,0,2,0,NULL,,0,0,2017090,2018-01-08 10:10:10
118,1,4,1,5,NULL,128,HBP4013,1,3114016,NULL,2,2,0,0,NULL,,0,0,2017090,2018-01-08 10:10:10
119,1,4,1,5,NULL,129,HBP4014,1,3115006,NULL,2,2,0,0,NULL,,0,0,2017090,2018-01-08 10:10:10
120,1,4,1,5,NULL,130,HBP4011,1,3114039,NULL,3,3,0,0,NULL,,0,0,2017090,2018-01-08 10:10:10
121,1,4,1,2,NULL,144,CEM4041,1,2215008,NULL,3,3,0,0,NULL,43,0,0,2017090,1/8/2018 10:10
122,1,4,1,2,NULL,145,CEM4042,1,2215017,NULL,3,2,1,0,NULL,70,0,0,2017090,1/8/2018 10:10
123,1,4,1,2,NULL,146,CEM4051,1,2215017,NULL,3,2,1,0,NULL,,0,0,2017090,2018-01-08 10:10:10
124,1,4,1,2,NULL,147,CEM4052,1,2215017,NULL,2,2,0,0,NULL,,0,0,2017090,2018-01-08 10:10:10
125,1,4,1,2,NULL,148,CEM3051,1,2215084,NULL,3,3,0,0,NULL,,0,0,2017090,2018-01-08 10:10:10
126,1,4,1,2,NULL,150,CEM4055,1,2214036,NULL,3,3,0,0,NULL,,0,0,2017090,2018-01-08 10:10:10
127,1,4,1,5,NULL,105,SOC4006,1,3114016,NULL,3,2,1,0,NULL,,0,0,2017090,2018-01-08 10:10:10
128,1,4,1,5,NULL,104,SOC4005,1,3114016,NULL,3,2,1,0,NULL,,0,0,2017090,2018-01-08 10:10:10
129,1,4,1,4,NULL,117,ACC4003,1,1215032,NULL,4,4,0,0,NULL,60,0,0,2017090,1/8/2018 10:10
130,1,4,1,2,NULL,161,CEM6051,1,2215010,NULL,3,3,0,0,NULL,26,0,0,2017090,1/8/2018 10:10
131,1,7,2,2,NULL,103,MKU003,1,3015016,NULL,2,2,0,0,NULL,,0,0,2017090,2018-01-08 10:10:10
132,1,6,2,3,NULL,103,MKU003,1,3016009,NULL,2,2,0,0,NULL,,0,0,2017090,2018-01-08 10:10:10
133,1,6,1,4,NULL,164,ACC6006,1,1215032,NULL,4,4,0,0,NULL,,0,0,2017090,2018-01-08 10:10:10
134,1,5,1,1,NULL,191,ARC3115,1,2114041,NULL,8,2,6,0,NULL,,0,0,2017090,2018-01-08 10:10:10
135,1,5,1,1,NULL,190,ARC3151,1,2114002,NULL,3,3,0,0,NULL,,0,0,2017090,2018-01-08 10:10:10
136,1,5,1,1,NULL,192,ARC3161,1,2114002,NULL,3,3,0,0,NULL,,0,0,2017090,2018-01-08 10:10:10
137,1,5,2,1,NULL,199,ENG2101,1,2616007,NULL,3,3,0,0,NULL,,0,0,2017090,2018-01-08 10:10:10
138,1,5,1,1,NULL,241,ARC3481,1,2114040,NULL,3,3,0,0,NULL,,0,0,2017090,2018-01-08 10:10:10
139,1,5,1,1,NULL,194,ARC2483,1,2114002,NULL,3,3,0,0,NULL,,170811,170812,2017090,2018-01-08 10:10:10
140,1,5,1,2,NULL,218,CEM3112,1,2215084,NULL,3,3,0,0,NULL,,0,0,2017090,2018-01-08 10:10:10
141,1,5,2,2,NULL,168,UNC0101,1,1014073,NULL,2,2,0,0,NULL,,0,0,2017090,2018-01-08 10:10:10
142,1,5,1,2,NULL,274,CEM3121,1,2215017,NULL,3,3,0,0,NULL,,0,0,2017090,2018-01-08 10:10:10
143,1,5,1,2,NULL,215,CEM3122,1,2215017,NULL,3,3,0,0,NULL,,0,0,2017090,2018-01-08 10:10:10
144,1,5,1,2,NULL,219,CEM3123,1,2214036,NULL,3,3,0,0,NULL,,0,0,2017090,2018-01-08 10:10:10
145,1,5,1,2,NULL,240,CEM3481,1,2215017,NULL,3,3,0,0,NULL,,0,0,2017090,2018-01-08 10:10:10
146,1,5,1,4,NULL,84,MKU001,1,1014073,NULL,2,2,0,0,NULL,,0,0,2017090,2018-01-08 10:10:10
147,1,5,1,4,NULL,83,MKU004 ,1,1014073,NULL,2,2,0,0,NULL,,0,0,2017090,2018-01-08 10:10:10
148,1,6,1,4,NULL,213,UNC0201,1,1014073,NULL,2,2,0,0,NULL,,0,0,2017090,2018-01-08 10:10:10
149,1,5,1,4,NULL,289,ACC5001,1,1214044,NULL,4,4,0,0,NULL,,0,0,2017090,2018-01-08 10:10:10
150,1,5,1,4,NULL,290,SOC5001,1,1115054,NULL,4,4,0,0,NULL,,0,0,2017090,2018-01-08 10:10:10
151,1,5,1,4,NULL,291,ACC5002,0,1215032,NULL,3,3,0,0,NULL,,0,0,2017090,2018-01-08 10:10:10
152,1,5,1,4,NULL,293,ACC3147,0,1215043,NULL,3,3,0,0,NULL,,0,0,2017090,2018-01-08 10:10:10
153,1,7,1,4,NULL,296,ACC7001,1,1216016,NULL,3,3,0,0,NULL,164,0,0,2017090,1/8/2018 10:10
154,1,5,1,5,NULL,84,MKU001,1,1014073,NULL,2,2,0,0,NULL,,0,0,2017090,2018-01-08 10:10:10
155,1,5,1,5,NULL,83,MKU004 ,1,1014073,NULL,2,2,0,0,NULL,,0,0,2017090,2018-01-08 10:10:10
156,1,5,2,5,NULL,297,UNI5002,1,3114016,NULL,4,4,0,0,NULL,,0,0,2017090,2018-01-08 10:10:10
157,1,5,1,5,NULL,298,HBP5017T,1,3114016,NULL,2,2,0,0,NULL,,0,0,2017090,2018-01-08 10:10:10
158,1,5,1,5,NULL,299,HBP5017P,1,3114039,NULL,2,0,2,0,NULL,,0,0,2017090,2018-01-08 10:10:10
159,1,5,1,5,NULL,304,ELC5003T,0,3114039,NULL,1,1,0,0,NULL,,0,0,2017090,2018-01-08 10:10:10
160,1,5,1,5,NULL,305,ELC5003P,0,3114039,NULL,2,0,2,0,NULL,,0,0,2017090,2018-01-08 10:10:10
161,1,5,1,5,NULL,306,ELC5004T,0,3116015,NULL,1,1,0,0,NULL,,0,0,2017090,2018-01-08 10:10:10
162,1,5,1,5,NULL,307,ELC5004P,0,3116015,NULL,2,0,2,0,NULL,,0,0,2017090,2018-01-08 10:10:10
163,1,5,1,5,NULL,308,ELC5005,0,3116015,NULL,2,2,0,0,NULL,,0,0,2017090,2018-01-08 10:10:10
164,1,5,1,5,NULL,300,ELC5001T,0,3114014,NULL,2,2,0,0,NULL,,0,0,2017090,2018-01-08 10:10:10
165,1,5,1,5,NULL,301,ELC5001P,0,3114014,NULL,2,0,2,0,NULL,,0,0,2017090,2018-01-08 10:10:10
166,1,5,1,5,NULL,302,ELC5002T,0,3114038,NULL,2,2,0,0,NULL,,0,0,2017090,2018-01-08 10:10:10
167,1,5,1,5,NULL,303,ELC5002P,0,3114038,NULL,2,0,2,0,NULL,,0,0,2017090,2018-01-08 10:10:10
168,1,7,2,3,NULL,83,MKU004 ,1,1014073,NULL,2,2,0,0,NULL,,0,0,2017090,2018-01-08 10:10:10
169,1,7,2,3,NULL,84,MKU001,1,1014073,NULL,2,2,0,0,NULL,,0,0,2017090,2018-01-08 10:10:10
170,1,5,1,3,NULL,295,ENT5004,1,1114080,NULL,2,2,0,0,NULL,,0,0,2017090,2018-01-08 10:10:10
171,1,5,1,3,NULL,290,SOC5001,1,1115054,NULL,4,4,0,0,NULL,,0,0,2017090,2018-01-08 10:10:10
172,1,5,1,3,NULL,321,ENT5001,1,1116013,NULL,4,4,0,0,NULL,,0,0,2017090,2018-01-08 10:10:10
173,1,1,1,10,NULL,212,ENG1105,1,2616002,NULL,3,3,0,0,NULL,,0,0,2017090,2018-01-08 10:10:10
174,1,5,1,3,NULL,323,ENT6002,1,1115027,NULL,4,4,0,0,NULL,,0,0,2017090,2018-01-08 10:10:10
175,1,5,1,3,NULL,324,ENT7003,1,1114048,NULL,4,4,0,0,NULL,,0,0,2017090,2018-01-08 10:10:10
176,1,5,2,2,NULL,182,LAW1103,0,3015016,NULL,3,3,0,0,NULL,,0,0,2017090,2018-01-08 10:10:10
177,1,2,1,11,NULL,363,PDP1206,1,2415078,NULL,2,0,2,0,NULL,,0,0,2017090,2018-01-08 10:10:10
178,1,2,1,11,NULL,363,PDP1206,1,2415078,NULL,2,0,2,0,NULL,,0,0,2017090,2018-01-08 10:10:10
179,1,4,1,2,NULL,379,CEM2223,1,2215055,NULL,3,3,0,0,NULL,,0,0,2017090,2018-01-08 10:10:10
180,1,6,1,4,NULL,416,ACC3216,1,1214044,NULL,2,2,0,0,NULL,,0,0,2017090,2018-01-08 10:10:10
181,1,6,1,1,NULL,425,URP3206,1,2516018,NULL,2,2,0,0,NULL,,0,0,2017090,2018-01-08 10:10:10
182,1,6,1,1,NULL,353,ARC3216,1,2114042,NULL,8,2,6,0,NULL,,0,0,2017090,2018-01-08 10:10:10
183,1,6,1,1,NULL,354,ARC3252,1,2516018,NULL,3,3,0,0,NULL,,0,0,2017090,2018-01-08 10:10:10
184,1,6,1,2,NULL,426,CEM3414,1,2215017,NULL,2,2,0,0,NULL,,0,0,2017090,2018-01-08 10:10:10
185,1,6,1,2,NULL,382,CEM3211,1,2215017,NULL,2,2,0,0,NULL,,0,0,2017090,2018-01-08 10:10:10
186,1,6,1,2,NULL,427,CEM3411,1,2215010,NULL,2,2,0,0,NULL,,0,0,2017090,2018-01-08 10:10:10
187,1,6,1,2,NULL,381,CEM3201,1,2616007,NULL,2,2,0,0,NULL,,0,0,2017090,2018-01-08 10:10:10
188,1,6,1,2,NULL,384,CEM3222,1,2217015,NULL,3,3,0,0,NULL,,0,0,2017090,2018-01-08 10:10:10
189,1,6,1,2,NULL,380,CEM2224,1,2215017,NULL,3,3,0,0,NULL,,0,0,2017090,2018-01-08 10:10:10
190,1,6,1,2,NULL,383,CEM3221,1,2217002,NULL,3,3,0,0,NULL,,0,0,2017090,2018-01-08 10:10:10
191,1,6,1,3,NULL,89,MKU002,1,1014073,NULL,2,2,0,0,NULL,,0,0,2017090,2018-01-08 10:10:10
192,1,6,1,3,NULL,428,ENT3233,1,2416026,NULL,4,4,0,0,NULL,,0,0,2017090,2018-01-08 10:10:10
193,1,6,1,3,NULL,429,ENT3380,1,1116036,NULL,4,4,0,0,NULL,,0,0,2017090,2018-01-08 10:10:10
194,1,6,1,3,NULL,430,ENT3232,1,1114080,NULL,4,4,0,0,NULL,,0,0,2017090,2018-01-08 10:10:10
195,1,6,1,3,NULL,431,ENT3222,1,1114080,NULL,2,2,0,0,NULL,,0,0,2017090,2018-01-08 10:10:10
196,1,6,2,4,NULL,236,UNC0202,1,3016009,NULL,2,2,0,0,NULL,,0,0,2017090,2018-01-08 10:10:10
197,1,6,1,4,NULL,432,ACC3114,1,1115054,NULL,2,2,0,0,NULL,,0,0,2017090,2018-01-08 10:10:10
198,1,6,1,4,NULL,434,ACC3220,1,1214044,NULL,4,4,0,0,NULL,,0,0,2017090,2018-01-08 10:10:10
199,1,6,1,4,NULL,435,ACC3217,1,1215032,NULL,3,3,0,0,NULL,,0,0,2017090,2018-01-08 10:10:10
200,1,6,1,4,NULL,433,ACC3218,1,1217005,NULL,4,4,0,0,NULL,,0,0,2017090,2018-01-08 10:10:10
201,1,6,2,5,NULL,236,UNC0202,1,3016009,NULL,2,2,0,0,NULL,,0,0,2017090,2018-01-08 10:10:10
202,1,6,2,5,NULL,213,UNC0201,1,1014073,NULL,2,2,0,0,NULL,,0,0,2017090,2018-01-08 10:10:10
203,1,6,1,5,NULL,436,HOT0039,1,3114039,NULL,2,2,0,0,NULL,,0,0,2017090,2018-01-08 10:10:10
204,1,6,1,5,NULL,437,HOT0040,1,3114039,NULL,2,0,2,0,NULL,,0,0,2017090,2018-01-08 10:10:10
205,1,6,1,5,NULL,438,HOT0041,1,3114016,NULL,2,2,0,0,NULL,,0,0,2017090,2018-01-08 10:10:10
206,1,6,1,5,NULL,439,HOT0042,1,3114014,NULL,4,4,0,0,NULL,,0,0,2017090,2018-01-08 10:10:10
207,1,6,1,5,NULL,440,HOT0043,0,3114038,NULL,2,2,0,0,NULL,,0,0,2017090,2018-01-08 10:10:10
208,1,6,1,5,NULL,441,HOT0044,0,3115061,NULL,2,2,0,0,NULL,,0,0,2017090,2018-01-08 10:10:10
209,1,6,1,5,NULL,442,HOT0045,0,3115061,NULL,2,2,0,0,NULL,,0,0,2017090,2018-01-08 10:10:10
210,1,6,1,5,NULL,443,HOT0046,0,3114014,NULL,2,2,0,0,NULL,,0,0,2017090,2018-01-08 10:10:10
211,1,6,1,5,NULL,444,HOT0047,0,3114039,NULL,2,2,0,0,NULL,,0,0,2017090,2018-01-08 10:10:10
212,1,6,1,5,NULL,445,HOT0048,0,3114039,NULL,2,0,2,0,NULL,,0,0,2017090,2018-01-08 10:10:10
213,1,6,1,4,NULL,446,ACC4145,0,1215043,NULL,3,3,0,0,NULL,,0,0,2017090,2018-01-08 10:10:10
214,1,6,1,2,NULL,371,CEM1201,1,2616002,NULL,3,3,0,0,NULL,,0,0,2017090,2018-01-08 10:10:10
215,1,7,1,1,NULL,449,ARC4117,1,2114033,NULL,8,0,8,0,NULL,,0,0,2017090,2018-01-08 10:10:10
216,1,7,1,1,NULL,462,ARC4162,1,2114002,NULL,3,0,0,3,NULL,,0,0,2017090,2018-01-08 10:10:10
217,1,7,1,4,NULL,451,ACC4144,1,1215032,NULL,3,3,0,0,NULL,,0,0,2017090,2018-01-08 10:10:10
218,1,7,1,4,NULL,465,ACC4147,1,1217005,NULL,3,0,3,0,NULL,,0,0,2017090,2018-01-08 10:10:10
219,1,7,1,4,NULL,466,ACC4119,1,1217005,NULL,2,2,0,0,NULL,,0,0,2017090,2018-01-08 10:10:10
220,1,7,1,2,NULL,452,CEM3422,1,2217002,NULL,2,2,0,0,NULL,,0,0,2017090,2018-01-08 10:10:10
221,1,7,1,2,NULL,453,CEM4113,1,2217057,NULL,3,3,0,0,NULL,,0,0,2017090,2018-01-08 10:10:10
222,1,7,1,2,NULL,455,CEM4481,1,2215017,NULL,2,2,0,0,NULL,,0,0,2017090,2018-01-08 10:10:10
223,1,7,1,2,NULL,460,CEM4112,1,2215017,NULL,2,2,0,0,NULL,,0,0,2017090,2018-01-08 10:10:10
224,1,7,1,2,NULL,458,CEM4111,1,2215017,NULL,2,2,0,0,NULL,,0,0,2017090,2018-01-08 10:10:10
225,1,7,1,2,NULL,467,CEM3415,1,2215017,NULL,2,2,0,0,NULL,,0,0,2017090,2018-01-08 10:10:10
226,1,7,1,3,NULL,463,ENT4135,1,1116066,NULL,4,4,0,0,NULL,,0,0,2017090,2018-01-08 10:10:10
227,1,7,1,5,NULL,459,HBP4703,1,3114016,NULL,2,2,0,0,NULL,,0,0,2017090,2018-01-08 10:10:10
228,1,7,1,5,NULL,481,HBP4702,1,1215043,NULL,2,2,0,0,NULL,,0,0,2017090,2018-01-08 10:10:10
229,1,7,1,5,NULL,464,HBP4701,1,3114016,NULL,2,2,0,0,NULL,,0,0,2017090,2018-01-08 10:10:10
230,1,7,1,5,NULL,454,HBP4707,1,3114016,NULL,2,2,0,0,NULL,,0,0,2017090,2018-01-08 10:10:10
231,1,7,1,5,NULL,456,HBP4706,1,3114038,NULL,2,0,0,0,NULL,,0,0,2017090,2018-01-08 10:10:10
232,1,7,1,5,NULL,457,HBP4705,1,3114038,NULL,2,2,0,0,NULL,,0,0,2017090,2018-01-08 10:10:10
233,1,7,1,2,NULL,452,CEM3422,1,2217002,NULL,2,2,0,0,NULL,,0,0,2017090,2018-01-08 10:10:10
234,1,7,1,2,NULL,453,CEM4113,1,2217057,NULL,3,3,0,0,NULL,,0,0,2017090,2018-01-08 10:10:10
235,1,7,1,2,NULL,455,CEM4481,1,2215017,NULL,2,2,0,0,NULL,,0,0,2017090,2018-01-08 10:10:10
236,1,7,1,2,NULL,458,CEM4111,1,1214044,NULL,2,2,0,0,NULL,,0,0,2017090,2018-01-08 10:10:10
237,1,7,1,2,NULL,461,CEM4480,1,2217002,NULL,4,0,0,4,NULL,,0,0,2017090,2018-01-08 10:10:10
238,1,7,1,2,NULL,83,MKU004 ,1,1014073,NULL,2,2,0,0,NULL,,0,0,2017090,2018-01-08 10:10:10
239,1,7,1,2,NULL,467,CEM3415,1,1214044,NULL,2,2,0,0,NULL,,0,0,2017090,2018-01-08 10:10:10
240,1,7,1,3,NULL,448,ENT4290,1,1116066,NULL,6,0,0,6,NULL,,0,0,2017090,2018-01-08 10:10:10
241,1,7,1,3,NULL,483,ENT4120,1,1114080,NULL,4,4,0,0,NULL,,0,0,2017090,2018-01-08 10:10:10
242,1,7,1,4,NULL,447,ACC4121,1,1217059,NULL,4,4,0,0,NULL,,0,0,2017090,2018-01-08 10:10:10
243,1,7,1,4,NULL,450,ACC4122,1,1115054,NULL,4,4,0,0,NULL,,0,0,2017090,2018-01-08 10:10:10
244,1,7,1,4,NULL,451,ACC4144,1,1215032,NULL,3,3,0,0,NULL,,0,0,2017090,2018-01-08 10:10:10
245,1,7,1,4,NULL,466,ACC4119,1,1217005,NULL,3,2,0,0,NULL,,0,0,2017090,2018-01-08 10:10:10
246,1,3,1,5,NULL,456,HBP4706,1,3116015,NULL,2,0,2,0,NULL,,0,0,2017090,2018-01-08 10:10:10
247,1,7,1,5,NULL,457,HBP4705,1,3114038,NULL,2,2,0,0,NULL,,0,0,2017090,2018-01-08 10:10:10
248,1,7,1,5,NULL,459,HBP4703,1,3114016,NULL,2,2,0,0,NULL,,0,0,2017090,2018-01-08 10:10:10
249,1,7,1,5,NULL,320,PUN0011,1,1214044,NULL,3,3,0,0,NULL,,0,0,2017090,2018-01-08 10:10:10
250,1,7,1,5,NULL,326,PUN0022,1,3117039,NULL,4,4,0,0,NULL,,0,0,2017090,2018-01-08 10:10:10
251,1,7,1,1,NULL,458,CEM4111,0,NULL,NULL,2,2,0,0,NULL,,0,0,2017090,2018-01-08 10:10:10
252,1,7,1,2,NULL,280,URP1103,0,NULL,NULL,3,3,0,0,NULL,,0,0,2017090,2018-01-08 10:10:10
253,1,7,1,3,NULL,328,ENT1120,1,1115027,NULL,4,4,0,0,NULL,,0,0,2017090,2018-01-08 10:10:10
254,1,7,1,2,NULL,210,LAW2103,0,3015034,NULL,2,2,0,0,NULL,,0,0,2017090,2018-01-08 10:10:10
255,1,8,1,3,NULL,517,ENT4181,1,1116036,NULL,6,6,0,0,NULL,,0,0,2017090,2018-01-08 10:10:10
256,1,8,1,3,NULL,518,ENT4291,1,1117048,NULL,6,6,0,0,NULL,,0,0,2017090,2018-01-08 10:10:10
257,1,8,1,4,NULL,519,ACC4223,1,NULL,NULL,6,6,0,0,NULL,,0,0,2017090,2018-01-08 10:10:10
258,1,8,1,4,NULL,520,ACC4224,1,1217099,NULL,3,3,0,0,NULL,,0,0,2017090,2018-01-08 10:10:10
259,2,1,1,2,NULL,75,CEM0002,1,2214036,NULL,2,2,0,0,NULL,,0,0,2017090,2018-01-08 10:10:10
260,2,1,2,6,NULL,85,LAW0001,1,3015087,NULL,3,3,0,0,NULL,,0,0,2017090,2018-01-08 10:10:10
261,2,1,2,6,NULL,86,LAW0002,1,3015087,NULL,4,4,0,0,NULL,,0,0,2017090,2018-01-08 10:10:10
262,2,1,1,6,NULL,87,LAW0003,1,3015016,NULL,3,3,0,0,NULL,,0,0,2017090,2018-01-08 10:10:10
263,2,1,1,6,NULL,88,LAW0004,1,3015087,NULL,3,3,0,0,NULL,,0,0,2017090,2018-01-08 10:10:10
264,2,1,1,7,NULL,84,MKU001,1,3015016,NULL,2,2,0,0,NULL,,0,0,2017090,2018-01-08 10:10:10
265,2,1,1,6,NULL,89,MKU002,1,3015016,NULL,2,2,0,0,NULL,,0,0,2017090,2018-01-08 10:10:10
266,2,1,2,6,NULL,63,WUN0011,1,1114005,NULL,3,3,0,0,NULL,,0,0,2017090,2018-01-08 10:10:10
267,2,1,2,3,NULL,63,WUN0011,1,1114005,NULL,3,3,0,0,NULL,,0,0,2017090,2018-01-08 10:10:10
268,2,1,2,3,NULL,64,WUN0012,1,1014023,NULL,4,4,0,0,NULL,,0,0,2017090,2018-01-08 10:10:10
269,2,1,2,3,NULL,67,WUN0005,1,1114053,NULL,4,4,0,0,NULL,,0,0,2017090,2018-01-08 10:10:10
270,2,1,2,3,NULL,65,PUN0001,1,1114055,NULL,4,4,0,0,NULL,,0,0,2017090,2018-01-08 10:10:10
271,2,1,2,3,NULL,66,PUN0002,1,1215032,NULL,4,4,0,0,NULL,,0,0,2017090,2018-01-08 10:10:10
272,2,1,2,4,NULL,63,WUN0011,1,1114005,NULL,3,3,0,0,NULL,,0,0,2017090,2018-01-08 10:10:10
273,2,1,2,4,NULL,64,WUN0012,1,1014023,NULL,4,4,0,0,NULL,,0,0,2017090,2018-01-08 10:10:10
274,2,1,2,4,NULL,67,WUN0005,1,1114053,NULL,4,4,0,0,NULL,,0,0,2017090,2018-01-08 10:10:10
275,2,1,2,4,NULL,65,PUN0001,1,1114055,NULL,4,4,0,0,NULL,,0,0,2017090,2018-01-08 10:10:10
276,2,1,1,4,NULL,66,PUN0002,1,1215032,NULL,4,4,0,0,NULL,,0,0,2017090,2018-01-08 10:10:10
277,2,1,2,5,NULL,63,WUN0011,1,1114005,NULL,3,3,0,0,NULL,,0,0,2017090,2018-01-08 10:10:10
278,2,1,2,5,NULL,64,WUN0012,1,1014023,NULL,4,4,0,0,NULL,,0,0,2017090,2018-01-08 10:10:10
279,2,1,2,1,NULL,63,WUN0011,1,1114005,NULL,3,3,0,0,NULL,,0,0,2017090,2018-01-08 10:10:10
280,2,1,2,2,NULL,63,WUN0011,1,1114005,NULL,3,3,0,0,NULL,,0,0,2017090,2018-01-08 10:10:10
281,2,1,2,2,NULL,64,WUN0012,1,1014023,NULL,4,4,0,0,NULL,,0,0,2017090,2018-01-08 10:10:10
282,2,1,2,2,NULL,67,WUN0005,1,1114053,NULL,4,4,0,0,NULL,,0,0,2017090,2018-01-08 10:10:10
283,2,1,1,2,NULL,74,CEM0001,1,1014034,NULL,3,2,1,0,NULL,,1,0,2017090,2018-01-08 10:10:10
284,2,1,1,2,NULL,76,CEM0003,1,2214067,NULL,2,2,0,0,NULL,,0,0,2017090,2018-01-08 10:10:10
285,2,1,1,5,NULL,90,HOT0001,1,3114038,NULL,2,2,0,0,NULL,,0,0,2017090,2018-01-08 10:10:10
286,2,1,1,5,NULL,91,HOT0002,1,3115006,NULL,2,0,2,0,NULL,,0,0,2017090,2018-01-08 10:10:10
287,2,1,1,5,NULL,92,HOT0003,1,3114014,NULL,2,2,0,0,NULL,,0,0,2017090,2018-01-08 10:10:10
288,2,1,1,5,NULL,93,HOT0004,1,3114039,NULL,2,0,2,0,NULL,,0,0,2017090,2018-01-08 10:10:10
289,2,1,1,5,NULL,94,HOT0005,1,3114038,NULL,1,0,1,0,NULL,,0,0,2017090,2018-01-08 10:10:10
290,2,1,1,5,NULL,96,HOT0007,1,3114014,NULL,1,0,1,0,NULL,,0,0,2017090,2018-01-08 10:10:10
291,2,1,1,1,NULL,95,HOT0006,1,3114016,NULL,1,0,1,0,NULL,,0,0,2017090,2018-01-08 10:10:10
292,2,1,1,1,NULL,97,ARC0001,1,2114063,NULL,3,2,1,0,NULL,,0,0,2017090,2018-01-08 10:10:10
293,2,1,1,1,NULL,98,ARC0002,1,2114045,NULL,3,2,1,0,NULL,,0,0,2017090,2018-01-08 10:10:10
294,2,1,1,1,NULL,99,ARC0003,1,2114002,NULL,3,2,1,0,NULL,,0,0,2017090,2018-01-08 10:10:10
295,2,1,1,1,NULL,100,ARC0004,1,2114041,NULL,6,2,4,0,NULL,,0,0,2017090,2018-01-08 10:10:10
296,2,1,1,6,NULL,84,MKU001,1,3015016,NULL,2,2,0,0,NULL,,0,0,2017090,2018-01-08 10:10:10
297,2,2,1,3,NULL,110,PUN0004,1,1114080,NULL,4,4,0,0,NULL,63,0,0,2017090,1/8/2018 10:10
298,2,2,2,3,NULL,111,PUN0003,1,1014023,NULL,4,4,0,0,NULL,64,0,0,2017090,1/8/2018 10:10
299,2,2,1,3,NULL,112,PUN0005,1,1114055,NULL,4,4,0,0,NULL,65,0,0,2017090,1/8/2018 10:10
300,2,2,2,3,NULL,113,PUN0006,1,1114053,NULL,2,2,0,0,NULL,,0,0,2017090,2018-01-08 10:10:10
301,2,2,1,3,NULL,114,PUN0007,1,1114053,NULL,2,2,0,0,NULL,,0,0,2017090,2018-01-08 10:10:10
302,2,2,1,3,NULL,115,PUN0008,1,1114053,NULL,4,4,0,0,NULL,"116,46",0,0,2017090,1/8/2018 10:10
303,2,2,1,1,NULL,151,ARC0005,1,2114045,NULL,3,2,1,0,NULL,,0,0,2017090,2018-01-08 10:10:10
304,2,2,1,1,NULL,152,ARC0006,1,2114041,NULL,3,1,2,0,NULL,,0,0,2017090,2018-01-08 10:10:10
305,2,2,1,1,NULL,153,ARC0007,1,2114040,NULL,3,2,1,0,NULL,,0,0,2017090,2018-01-08 10:10:10
306,2,2,1,1,NULL,154,ARC0008,1,2114041,NULL,6,2,4,0,NULL,,0,0,2017090,2018-01-08 10:10:10
307,2,2,2,1,NULL,110,PUN0004,1,1114080,NULL,4,4,0,0,NULL,63,0,0,2017090,1/8/2018 10:10
308,2,2,1,4,NULL,110,PUN0004,1,1114080,NULL,4,4,0,0,NULL,63,0,0,2017090,1/8/2018 10:10
309,2,2,2,4,NULL,111,PUN0003,1,1014023,NULL,4,4,0,0,NULL,64,0,0,2017090,1/8/2018 10:10
310,2,2,1,4,NULL,112,PUN0005,1,1114055,NULL,4,4,0,0,NULL,65,0,0,2017090,1/8/2018 10:10
311,2,2,2,4,NULL,113,PUN0006,1,1114053,NULL,2,2,0,0,NULL,,0,0,2017090,2018-01-08 10:10:10
312,2,2,1,4,NULL,114,PUN0007,1,1114053,NULL,2,2,0,0,NULL,,0,0,2017090,2018-01-08 10:10:10
313,2,2,1,4,NULL,115,PUN0008,1,1114053,NULL,4,4,0,0,NULL,,0,0,2017090,2018-01-08 10:10:10
314,2,2,1,4,NULL,116,ACC0001,1,1214044,NULL,1,0,1,0,NULL,,0,0,2017090,2018-01-08 10:10:10
315,2,2,2,6,NULL,162,LAW0005,1,3015087,NULL,2,2,0,0,NULL,87,0,0,2017090,1/8/2018 10:10
316,2,2,1,6,NULL,132,LAW0006,1,3015087,NULL,2,2,0,0,NULL,86,0,0,2017090,1/8/2018 10:10
317,2,2,1,6,NULL,133,LAW0007,1,3015087,NULL,2,2,0,0,NULL,,0,0,2017090,2018-01-08 10:10:10
318,2,2,1,6,NULL,134,LAW0008,1,3015087,NULL,2,2,0,0,NULL,87,0,0,2017090,1/8/2018 10:10
319,2,2,1,6,NULL,135,LAW0009,1,3015087,NULL,3,3,0,0,NULL,87,0,0,2017090,1/8/2018 10:10
320,2,2,1,6,NULL,136,LAW0010,1,3015087,NULL,3,3,0,0,NULL,87,0,0,2017090,1/8/2018 10:10
321,2,2,1,6,NULL,137,LAW0011,1,3015087,NULL,2,2,0,0,NULL,87,0,0,2017090,1/8/2018 10:10
322,2,2,2,6,NULL,110,PUN0004,1,1114080,NULL,4,4,0,0,NULL,63,0,0,2017090,1/8/2018 10:10
323,2,2,1,5,NULL,110,PUN0004,1,1114080,NULL,4,4,0,0,NULL,63,0,0,2017090,1/8/2018 10:10
324,2,2,2,5,NULL,118,HOT0008,1,3114038,NULL,2,0,2,0,NULL,,0,0,2017090,2018-01-08 10:10:10
325,2,2,2,5,NULL,119,HOT0009,1,3114038,NULL,2,0,2,0,NULL,,0,0,2017090,2018-01-08 10:10:10
326,2,2,1,5,NULL,124,HOT0014,1,3114016,NULL,2,2,0,0,NULL,,0,0,2017090,2018-01-08 10:10:10
327,2,2,1,5,NULL,125,HOT0015,1,3114016,NULL,2,0,2,0,NULL,,0,0,2017090,2018-01-08 10:10:10
328,2,2,1,5,NULL,120,HOT0010,1,3114039,NULL,2,2,0,0,NULL,,0,0,2017090,2018-01-08 10:10:10
329,2,2,1,5,NULL,121,HOT0011,1,3114039,NULL,2,0,2,0,NULL,,0,0,2017090,2018-01-08 10:10:10
330,2,2,1,5,NULL,122,HOT0012,1,3114014,NULL,2,2,0,0,NULL,,0,0,2017090,2018-01-08 10:10:10
331,2,2,1,5,NULL,123,HOT0013,1,3114014,NULL,2,0,2,0,NULL,,0,0,2017090,2018-01-08 10:10:10
332,2,2,2,2,NULL,110,PUN0004,1,1114080,NULL,4,4,0,0,NULL,63,0,0,2017090,1/8/2018 10:10
333,2,2,1,2,NULL,138,CEM0004,1,2214066,NULL,2,2,0,0,NULL,,0,0,2017090,2018-01-08 10:10:10
334,2,2,1,2,NULL,139,CEM0005,1,2215009,NULL,3,2,1,0,NULL,,0,0,2017090,2018-01-08 10:10:10
335,2,2,1,2,NULL,140,CEM0006,1,2214036,NULL,3,2,1,0,NULL,,0,0,2017090,2018-01-08 10:10:10
336,2,2,1,2,NULL,141,CEM0007,1,2214036,NULL,2,2,0,0,NULL,,0,0,2017090,2018-01-08 10:10:10
337,2,2,1,2,NULL,142,CEM0008,1,2215008,NULL,3,3,0,0,NULL,,0,0,2017090,2018-01-08 10:10:10
338,2,2,1,2,NULL,163,CEM0009A,1,2215010,NULL,2,2,0,0,NULL,,0,0,2017090,2018-01-08 10:10:10
339,2,3,1,4,NULL,283,ACC0002,1,1215032,NULL,3,3,0,0,NULL,,0,0,2017090,2018-01-08 10:10:10
340,2,3,1,4,NULL,284,PUN0012,1,1115054,NULL,3,3,0,0,NULL,,0,0,2017090,2018-01-08 10:10:10
341,2,3,1,4,NULL,285,PUN0013,1,1114048,NULL,4,4,0,0,NULL,,0,0,2017090,2018-01-08 10:10:10
342,2,3,1,4,NULL,286,PUN0014,1,3015034,NULL,4,4,0,0,NULL,,0,0,2017090,2018-01-08 10:10:10
343,2,3,1,4,NULL,287,ACC0003,1,1215043,NULL,4,4,0,0,NULL,,0,0,2017090,2018-01-08 10:10:10
344,2,3,1,4,NULL,288,PUN0010,1,1115054,NULL,3,3,0,0,NULL,,0,0,2017090,2018-01-08 10:10:10
345,2,3,1,1,NULL,185,ARC2123,1,2114002,NULL,3,3,0,0,NULL,,0,0,2017090,2018-01-08 10:10:10
346,2,3,1,1,NULL,186,ARC2133,1,2114042,NULL,3,3,0,0,NULL,,0,0,2017090,2018-01-08 10:10:10
347,2,3,1,1,NULL,187,ARC2143,1,2115058,NULL,3,3,0,0,NULL,,0,0,2017090,2018-01-08 10:10:10
348,2,3,1,1,NULL,188,ARC2471,1,2114040,NULL,3,3,0,0,NULL,,0,0,2017090,2018-01-08 10:10:10
349,2,3,1,1,NULL,184,ARC2113,1,2115057,NULL,6,6,0,0,NULL,,0,0,2017090,2018-01-08 10:10:10
350,2,3,2,1,NULL,168,UNC0101,1,2114002,NULL,2,2,0,0,NULL,,0,0,2017090,2018-01-08 10:10:10
351,2,3,1,1,NULL,171,UNC0102,1,2114002,NULL,2,2,0,0,NULL,,0,0,2017090,2018-01-08 10:10:10
352,2,3,2,1,NULL,189,UGC0102,1,2114002,NULL,2,2,0,0,NULL,,0,0,2017090,2018-01-08 10:10:10
353,2,3,1,2,NULL,199,ENG2101,1,2616007,NULL,3,3,0,0,NULL,,0,0,2017090,2018-01-08 10:10:10
354,2,3,1,2,NULL,271,CEM2101,1,2215055,NULL,3,3,0,0,NULL,,0,0,2017090,2018-01-08 10:10:10
355,2,3,1,2,NULL,217,CEM2111,1,2215017,NULL,3,3,0,0,NULL,,0,0,2017090,2018-01-08 10:10:10
356,2,3,1,2,NULL,221,CEM2112,1,2214036,NULL,3,3,0,0,NULL,,0,0,2017090,2018-01-08 10:10:10
357,2,3,1,2,NULL,220,CEM2113,1,2215084,NULL,3,3,0,0,NULL,,0,0,2017090,2018-01-08 10:10:10
358,2,3,1,2,NULL,276,CEM2121,1,2215017,NULL,3,3,0,0,NULL,,0,0,2017090,2018-01-08 10:10:10
359,2,3,2,2,NULL,171,UNC0102,1,1014073,NULL,2,2,0,0,NULL,,0,0,2017090,2018-01-08 10:10:10
360,2,7,2,3,NULL,84,MKU001,1,1014073,NULL,2,2,0,0,NULL,168,0,0,2017090,1/8/2018 10:10
361,2,3,1,5,NULL,309,HOT0016,1,3114039,NULL,2,2,0,0,NULL,,0,0,2017090,2018-01-08 10:10:10
362,2,3,1,5,NULL,310,HOT0017,1,3114039,NULL,2,0,2,0,NULL,,0,0,2017090,2018-01-08 10:10:10
363,2,3,1,5,NULL,311,HOT0018,1,3114016,NULL,8,0,0,8,NULL,,0,0,2017090,2018-01-08 10:10:10
364,2,3,1,3,NULL,288,PUN0010,1,1115054,NULL,3,3,0,0,NULL,,0,0,2017090,2018-01-08 10:10:10
365,2,3,1,3,NULL,320,PUN0011,1,1215032,NULL,3,3,0,0,NULL,,0,0,2017090,2018-01-08 10:10:10
366,2,4,1,3,NULL,402,ENT2221,1,1115027,NULL,3,3,0,0,NULL,,0,0,2017090,2018-01-08 10:10:10
367,2,3,2,3,NULL,285,PUN0013,1,1115053,NULL,4,4,0,0,NULL,,0,0,2017090,2018-01-08 10:10:10
368,2,3,1,3,NULL,286,PUN0014,1,3015087,NULL,4,4,0,0,NULL,,0,0,2017090,2018-01-08 10:10:10
369,2,3,1,3,NULL,294,ENT0001,1,1116013,NULL,4,4,0,0,NULL,,0,0,2017090,2018-01-08 10:10:10
370,2,3,1,6,NULL,210,LAW2103,1,3015034,NULL,2,2,0,0,NULL,,0,0,2017090,2018-01-08 10:10:10
371,2,3,1,6,NULL,216,LAW2104,1,3015016,NULL,3,3,0,0,NULL,,0,0,2017090,2018-01-08 10:10:10
372,2,3,1,6,NULL,272,LAW2105,1,3015087,NULL,2,2,0,0,NULL,,0,0,2017090,2018-01-08 10:10:10
373,2,3,1,6,NULL,255,LAW2106,1,3015087,NULL,3,3,0,0,NULL,,0,0,2017090,2018-01-08 10:10:10
374,2,3,1,6,NULL,224,LAW2107,1,3015016,NULL,3,3,0,0,NULL,,0,0,2017090,2018-01-08 10:10:10
375,2,3,1,6,NULL,238,LAW2108,1,3015087,NULL,2,2,0,0,NULL,,0,0,2017090,2018-01-08 10:10:10
376,2,3,2,6,NULL,247,LAW2101,1,3015087,NULL,2,2,0,0,NULL,,0,0,2017090,2018-01-08 10:10:10
377,2,3,2,6,NULL,248,LAW2102,1,3015034,NULL,2,2,0,0,NULL,,0,0,2017090,2018-01-08 10:10:10
378,2,5,1,3,NULL,325,ENT0006,1,1014023,NULL,4,4,0,0,NULL,,0,0,2017090,2018-01-08 10:10:10
379,2,5,1,3,NULL,326,PUN0022,1,1115054,NULL,4,4,0,0,NULL,,0,0,2017090,2018-01-08 10:10:10
380,2,7,2,3,NULL,83,MKU004 ,1,1014073,NULL,2,2,0,0,NULL,,0,0,2017090,2018-01-08 10:10:10
381,2,4,2,5,NULL,111,PUN0003,1,1116036,NULL,4,4,0,0,NULL,,0,0,2017090,2018-01-08 10:10:10
382,2,4,2,1,NULL,213,UNC0201,1,1014073,NULL,2,2,0,0,NULL,,0,0,2017090,2018-01-08 10:10:10
383,2,4,2,1,NULL,236,UNC0202,1,3016009,NULL,2,2,0,0,NULL,,0,0,2017090,2018-01-08 10:10:10
384,2,4,1,1,NULL,347,ARC2214,1,2114041,NULL,6,0,6,0,NULL,,0,0,2017090,2018-01-08 10:10:10
385,2,4,1,1,NULL,348,ARC2244,1,2114002,NULL,3,3,0,0,NULL,,0,0,2017090,2018-01-08 10:10:10
386,2,4,1,1,NULL,349,ARC2472,1,2114045,NULL,3,3,0,0,NULL,,0,0,2017090,2018-01-08 10:10:10
387,2,4,1,1,NULL,350,ARC2473,1,2214036,NULL,3,3,0,0,NULL,,0,0,2017090,2018-01-08 10:10:10
388,2,4,1,1,NULL,401,ARC2481,1,2114042,NULL,3,3,0,0,NULL,,0,0,2017090,2018-01-08 10:10:10
389,2,4,1,1,NULL,351,ARC2482,1,2415078,NULL,3,3,0,0,NULL,,0,0,2017090,2018-01-08 10:10:10
390,2,4,1,2,NULL,374,CEM2211,1,2215010,NULL,2,2,0,0,NULL,,0,0,2017090,2018-01-08 10:10:10
391,2,4,1,2,NULL,375,CEM2212,1,2216031,NULL,3,3,0,0,NULL,,0,0,2017090,2018-01-08 10:10:10
392,2,4,1,2,NULL,376,CEM2213,1,2214036,NULL,3,3,0,0,NULL,,0,0,2017090,2018-01-08 10:10:10
393,2,4,1,2,NULL,377,CEM2221,1,2215017,NULL,3,3,0,0,NULL,,0,0,2017090,2018-01-08 10:10:10
394,2,4,1,2,NULL,378,CEM2222,1,2217002,NULL,3,3,0,0,NULL,,0,0,2017090,2018-01-08 10:10:10
395,2,4,1,2,NULL,380,CEM2224,1,2215017,NULL,3,3,0,0,NULL,,0,0,2017090,2018-01-08 10:10:10
396,2,4,1,2,NULL,379,CEM2223,1,2215055,NULL,3,3,0,0,NULL,,0,0,2017090,2018-01-08 10:10:10
397,2,4,1,3,NULL,408,ENT2215,1,1116038,NULL,4,4,0,0,NULL,,0,0,2017090,2018-01-08 10:10:10
398,2,4,1,3,NULL,407,ENT2238,1,1115027,NULL,4,4,0,0,NULL,,0,0,2017090,2018-01-08 10:10:10
399,2,4,1,3,NULL,403,ENT2214,1,1115054,NULL,3,3,0,0,NULL,,0,0,2017090,2018-01-08 10:10:10
400,2,4,1,3,NULL,404,ENT2240,1,1116047,NULL,3,3,0,0,NULL,,0,0,2017090,2018-01-08 10:10:10
401,2,4,1,3,NULL,405,ENT2239,1,1115027,NULL,1,0,1,0,NULL,,0,0,2017090,2018-01-08 10:10:10
402,2,4,1,3,NULL,406,ENT2260,1,1115027,NULL,3,3,0,0,NULL,,0,0,2017090,2018-01-08 10:10:10
403,2,4,1,4,NULL,409,ACC2207,1,1215043,NULL,4,4,0,0,NULL,,0,0,2017090,2018-01-08 10:10:10
404,2,4,1,4,NULL,410,ACC2208,1,1215032,NULL,3,3,0,0,NULL,,0,0,2017090,2018-01-08 10:10:10
405,2,4,1,4,NULL,411,ACC2209,1,1216016,NULL,4,4,0,0,NULL,,0,0,2017090,2018-01-08 10:10:10
406,2,4,1,4,NULL,412,ACC2206,1,1115054,NULL,3,3,0,0,NULL,,0,0,2017090,2018-01-08 10:10:10
407,2,4,1,4,NULL,413,ACC2264,1,1116047,NULL,3,3,0,0,NULL,,0,0,2017090,2018-01-08 10:10:10
408,2,4,1,4,NULL,414,ACC2265,1,1115027,NULL,1,0,1,0,NULL,,0,0,2017090,2018-01-08 10:10:10
409,2,4,1,4,NULL,415,ACC2263,1,1115027,NULL,3,3,0,0,NULL,,0,0,2017090,2018-01-08 10:10:10
410,2,4,1,5,NULL,111,PUN0003,1,1116036,NULL,4,4,0,0,NULL,,0,0,2017090,2018-01-08 10:10:10
411,2,4,1,5,NULL,417,PUN0016,1,1015022,NULL,3,3,0,0,NULL,,0,0,2017090,2018-01-08 10:10:10
412,2,4,1,5,NULL,418,PUN0018,1,3116057,NULL,3,3,0,0,NULL,,0,0,2017090,2018-01-08 10:10:10
413,2,4,1,5,NULL,420,HOT0019,1,3114039,NULL,2,2,0,0,NULL,,0,0,2017090,2018-01-08 10:10:10
414,2,4,1,5,NULL,419,HOT0020,1,3114039,NULL,2,0,2,0,NULL,,0,0,2017090,2018-01-08 10:10:10
415,2,4,1,5,NULL,421,HOT0021,1,3114016,NULL,2,2,0,0,NULL,,0,0,2017090,2018-01-08 10:10:10
416,2,4,1,5,NULL,423,HOT0022,1,3114016,NULL,2,2,0,0,NULL,,0,0,2017090,2018-01-08 10:10:10
417,2,4,1,5,NULL,422,HOT0023,1,3116050,NULL,3,3,0,0,NULL,,0,0,2017090,2018-01-08 10:10:10
418,2,4,2,6,NULL,236,UNC0202,1,3016009,NULL,2,2,0,0,NULL,,0,0,2017090,2018-01-08 10:10:10
419,2,4,1,6,NULL,399,LAW2208,1,3016044,NULL,2,2,0,0,NULL,,0,0,2017090,2018-01-08 10:10:10
420,2,4,1,6,NULL,397,LAW2206,1,3015016,NULL,2,2,0,0,NULL,,0,0,2017090,2018-01-08 10:10:10
421,2,4,1,6,NULL,395,LAW2204,1,3017001,NULL,2,2,0,0,NULL,,0,0,2017090,2018-01-08 10:10:10
422,2,4,1,6,NULL,398,LAW2207,1,3015016,NULL,2,2,0,0,NULL,,0,0,2017090,2018-01-08 10:10:10
423,2,4,1,6,NULL,394,LAW2203,1,3017001,NULL,2,2,0,0,NULL,,0,0,2017090,2018-01-08 10:10:10
424,2,4,1,6,NULL,393,LAW2202,1,3015016,NULL,2,2,0,0,NULL,,0,0,2017090,2018-01-08 10:10:10
425,2,4,1,6,NULL,392,LAW2201,1,3015034,NULL,2,2,0,0,NULL,,0,0,2017090,2018-01-08 10:10:10
426,2,4,1,6,NULL,424,LAW2257,1,3016046,NULL,2,2,0,0,NULL,,0,0,2017090,2018-01-08 10:10:10
427,2,4,1,6,NULL,396,LAW2205,1,3017001,NULL,2,2,0,0,NULL,,0,0,2017090,2018-01-08 10:10:10
428,2,4,1,2,NULL,369,CEM1211,1,2214036,NULL,2,2,0,0,NULL,,0,0,2017090,2018-01-08 10:10:10
429,2,5,1,1,NULL,199,ENG2101,1,2616007,NULL,3,0,0,0,NULL,,0,0,2017090,2018-01-08 10:10:10
430,2,5,1,1,NULL,191,ARC3115,1,2114033,NULL,8,0,8,0,NULL,,0,0,2017090,2018-01-08 10:10:10
431,2,5,1,1,NULL,170,UGC0101,1,2416026,NULL,2,2,0,0,NULL,,0,0,2017090,2018-01-08 10:10:10
432,2,5,1,1,NULL,192,ARC3161,1,2117014,NULL,3,0,0,3,NULL,,0,0,2017090,2018-01-08 10:10:10
433,2,5,1,1,NULL,194,ARC2483,1,2114040,NULL,3,3,0,0,NULL,,170811,170812,2017090,2018-01-08 10:10:10
434,2,5,1,1,NULL,190,ARC3151,1,2516037,NULL,3,3,0,0,NULL,,0,0,2017090,2018-01-08 10:10:10
435,2,5,1,2,NULL,215,CEM3122,1,2217015,NULL,3,3,0,0,NULL,,0,0,2017090,2018-01-08 10:10:10
436,2,5,1,2,NULL,218,CEM3112,1,2216031,NULL,3,3,0,0,NULL,,0,0,2017090,2018-01-08 10:10:10
437,2,5,1,2,NULL,219,CEM3123,1,1214044,NULL,3,3,0,0,NULL,,0,0,2017090,2018-01-08 10:10:10
438,2,5,1,2,NULL,240,CEM3481,1,2217015,NULL,3,0,0,3,NULL,,0,0,2017090,2018-01-08 10:10:10
439,2,5,1,2,NULL,168,UNC0101,1,3016009,NULL,2,2,0,0,NULL,,0,0,2017090,2018-01-08 10:10:10
440,2,5,1,2,NULL,482,CEM3111,1,2217057,NULL,3,3,0,0,NULL,,0,0,2017090,2018-01-08 10:10:10
441,2,5,1,2,NULL,274,CEM3121,1,2217002,NULL,3,3,0,0,NULL,,0,0,2017090,2018-01-08 10:10:10
442,2,5,1,3,NULL,484,ENT3141,1,1114080,NULL,2,2,0,0,NULL,,0,0,2017090,2018-01-08 10:10:10
443,2,5,1,3,NULL,485,ENT3131,1,1114048,NULL,4,4,0,0,NULL,,0,0,2017090,2018-01-08 10:10:10
444,2,5,1,3,NULL,486,ENT3130,1,1017061,NULL,4,4,0,0,NULL,,0,0,2017090,2018-01-08 10:10:10
445,2,5,1,3,NULL,487,ENT3142,1,1116047,NULL,4,4,0,0,NULL,,0,0,2017090,2018-01-08 10:10:10
446,2,5,1,3,NULL,488,ENT3116,1,1115054,NULL,4,4,0,0,NULL,,0,0,2017090,2018-01-08 10:10:10
447,2,3,1,3,NULL,403,ENT2214,1,NULL,NULL,3,3,0,0,NULL,,0,0,2017090,2018-01-08 10:10:10
448,2,3,1,4,NULL,197,ACC3111,1,1214044,NULL,4,4,0,0,NULL,,0,0,2017090,2018-01-08 10:10:10
449,2,5,1,4,NULL,208,ACC4110,1,1216016,NULL,3,3,0,0,NULL,,0,0,2017090,2018-01-08 10:10:10
450,2,5,1,4,NULL,197,ACC3111,1,1214044,NULL,4,4,0,0,NULL,,0,0,2017090,2018-01-08 10:10:10
451,2,5,1,4,NULL,168,UNC0101,1,3016009,NULL,2,2,0,0,NULL,,0,0,2017090,2018-01-08 10:10:10
452,2,5,1,4,NULL,254,ACC3112,1,1115054,NULL,4,4,0,0,NULL,,0,0,2017090,2018-01-08 10:10:10
453,2,5,1,4,NULL,256,ACC3113,1,1215032,NULL,3,3,0,0,NULL,,0,0,2017090,2018-01-08 10:10:10
454,2,5,1,4,NULL,83,MKU004 ,1,1014073,NULL,2,2,0,0,NULL,,0,0,2017090,2018-01-08 10:10:10
455,2,5,1,5,NULL,492,HOT0034,1,3116015,NULL,2,2,0,0,NULL,,0,0,2017090,2018-01-08 10:10:10
456,2,5,1,5,NULL,493,HOT0033,1,3116015,NULL,2,2,0,0,NULL,,0,0,2017090,2018-01-08 10:10:10
457,2,5,1,5,NULL,494,HOT0032,1,3116015,NULL,1,1,0,0,NULL,,0,0,2017090,2018-01-08 10:10:10
458,2,5,1,5,NULL,496,HOT0025,1,3117018,NULL,2,2,0,0,NULL,,0,0,2017090,2018-01-08 10:10:10
459,2,5,1,5,NULL,495,HOT0024,1,3117018,NULL,2,2,0,0,NULL,,0,0,2017090,2018-01-08 10:10:10
460,2,5,1,5,NULL,497,HOT0029,1,3114039,NULL,2,2,0,0,NULL,,0,0,2017090,2018-01-08 10:10:10
461,2,5,1,5,NULL,498,HOT0030,1,3114039,NULL,1,1,0,0,NULL,,0,0,2017090,2018-01-08 10:10:10
462,2,5,1,5,NULL,499,HOT0035,1,3115061,NULL,2,2,0,0,NULL,,0,0,2017090,2018-01-08 10:10:10
463,2,5,1,5,NULL,171,UNC0102,1,1014073,NULL,2,2,0,0,NULL,,0,0,2017090,2018-01-08 10:10:10
464,2,5,1,5,NULL,500,HOT0028,1,1214044,NULL,2,2,0,0,NULL,,0,0,2017090,2018-01-08 10:10:10
465,2,5,1,5,NULL,501,HOT0027,1,1214044,NULL,2,2,0,0,NULL,,0,0,2017090,2018-01-08 10:10:10
466,2,5,1,5,NULL,502,HOT0026,1,1214044,NULL,2,2,0,0,NULL,,0,0,2017090,2018-01-08 10:10:10
467,2,5,1,5,NULL,503,HOT0031,1,3117016,NULL,2,2,0,0,NULL,,0,0,2017090,2018-01-08 10:10:10
468,2,5,1,5,NULL,66,PUN0002,1,1214044,NULL,4,4,0,0,NULL,,0,0,2017090,2018-01-08 10:10:10
469,2,5,1,5,NULL,168,UNC0101,1,3016009,NULL,2,2,0,0,NULL,,0,0,2017090,2018-01-08 10:10:10
470,2,5,1,5,NULL,505,HOT0036,1,1015022,NULL,4,4,0,0,NULL,,0,0,2017090,2018-01-08 10:10:10
471,2,5,1,5,NULL,504,HOT0037,1,1015022,NULL,2,0,2,0,NULL,,0,0,2017090,2018-01-08 10:10:10
472,2,5,1,6,NULL,506,LAW2255,1,NULL,NULL,2,2,0,0,NULL,,0,0,2017090,2018-01-08 10:10:10
473,2,5,1,6,NULL,507,LAW3105,1,3015034,NULL,2,2,0,0,NULL,,0,0,2017090,2018-01-08 10:10:10
474,2,5,1,6,NULL,508,LAW3106,1,3017001,NULL,2,2,0,0,NULL,,0,0,2017090,2018-01-08 10:10:10
475,2,5,1,6,NULL,170,UGC0101,1,2416026,NULL,2,2,0,0,NULL,,0,0,2017090,2018-01-08 10:10:10
476,2,5,1,6,NULL,509,LAW3103,1,NULL,NULL,2,2,0,0,NULL,,0,0,2017090,2018-01-08 10:10:10
477,2,5,1,6,NULL,510,LAW3101,1,3016044,NULL,2,2,0,0,NULL,,0,0,2017090,2018-01-08 10:10:10
478,2,5,1,6,NULL,511,LAW3104,1,3016044,NULL,4,4,0,0,NULL,,0,0,2017090,2018-01-08 10:10:10
479,2,5,1,6,NULL,512,LAW3102,1,3015034,NULL,2,2,0,0,NULL,,0,0,2017090,2018-01-08 10:10:10
480,2,5,1,6,NULL,189,UGC0102,1,1116036,NULL,2,2,0,0,NULL,,0,0,2017090,2018-01-08 10:10:10
481,2,5,1,6,NULL,171,UNC0102,1,1014073,NULL,2,0,0,0,NULL,,0,0,2017090,2018-01-08 10:10:10
482,2,5,1,3,NULL,242,ACC1101,1,NULL,NULL,4,4,0,0,NULL,,0,0,2017090,2018-01-08 10:10:10
483,2,5,1,3,NULL,328,ENT1120,1,1115027,NULL,4,4,0,0,NULL,,0,0,2017090,2018-01-08 10:10:10
484,2,6,1,3,NULL,431,ENT3222,1,1114080,NULL,2,2,0,0,NULL,,0,0,2017090,2018-01-08 10:10:10
485,2,6,1,3,NULL,430,ENT3232,1,1114080,NULL,4,4,0,0,NULL,,0,0,2017090,2018-01-08 10:10:10
486,2,6,1,3,NULL,428,ENT3233,1,1017061,NULL,4,4,0,0,NULL,,0,0,2017090,2018-01-08 10:10:10
487,2,6,1,3,NULL,429,ENT3380,1,1116036,NULL,4,4,0,0,NULL,,0,0,2017090,2018-01-08 10:10:10
488,2,6,1,3,NULL,236,UNC0202,1,NULL,NULL,2,2,0,0,NULL,,0,0,2017090,2018-01-08 10:10:10
489,2,6,1,3,NULL,213,UNC0201,1,NULL,NULL,2,2,0,0,NULL,,0,0,2017090,2018-01-08 10:10:10
490,2,6,1,4,NULL,432,ACC3114,1,1115054,NULL,2,2,0,0,NULL,,0,0,2017090,2018-01-08 10:10:10
491,2,6,1,4,NULL,293,ACC3147,1,1215043,NULL,3,3,0,0,NULL,,0,0,2017090,2018-01-08 10:10:10
492,2,6,1,4,NULL,434,ACC3220,1,1214044,NULL,4,4,0,0,NULL,,0,0,2017090,2018-01-08 10:10:10
493,2,6,1,4,NULL,433,ACC3218,1,1217005,NULL,4,4,0,0,NULL,,0,0,2017090,2018-01-08 10:10:10
494,2,6,1,4,NULL,435,ACC3217,1,1215032,NULL,3,3,0,0,NULL,,0,0,2017090,2018-01-08 10:10:10
495,2,6,1,4,NULL,416,ACC3216,1,1214044,NULL,2,2,0,0,NULL,,0,0,2017090,2018-01-08 10:10:10
496,2,6,1,4,NULL,236,UNC0202,1,3016009,NULL,2,2,0,0,NULL,,0,0,2017090,2018-01-08 10:10:10
497,2,6,1,4,NULL,213,UNC0201,1,NULL,NULL,2,2,0,0,NULL,,0,0,2017090,2018-01-08 10:10:10
498,3,1,2,6,NULL,180,LAW1101,1,3015087,NULL,3,3,0,0,NULL,,0,0,2017090,2018-01-08 10:10:10
499,3,1,2,6,NULL,181,LAW1102,1,3015034,NULL,4,4,0,0,NULL,,0,0,2017090,2018-01-08 10:10:10
500,3,1,1,6,NULL,182,LAW1103,1,3015016,NULL,3,3,0,0,NULL,,0,0,2017090,2018-01-08 10:10:10
501,3,1,1,6,NULL,183,LAW1104,1,3015064,NULL,3,3,0,0,NULL,,0,0,2017090,2018-01-08 10:10:10
502,3,1,2,6,NULL,171,UNC0102,1,1014073,NULL,2,2,0,0,NULL,,0,0,2017090,2018-01-08 10:10:10
503,3,1,2,6,NULL,169,ENT1101,1,3015087,NULL,3,3,0,0,NULL,,0,0,2017090,2018-01-08 10:10:10
504,3,1,2,4,NULL,169,ENT1101,1,1114048,NULL,3,3,0,0,NULL,,0,0,2017090,2018-01-08 10:10:10
505,3,1,1,4,NULL,329,UGC1102,1,1114048,NULL,4,4,0,0,NULL,,0,0,2017090,2018-01-08 10:10:10
506,3,1,1,4,NULL,257,ACC1155,1,1115027,NULL,4,4,0,0,NULL,,0,0,2017090,2018-01-08 10:10:10
507,3,1,1,4,NULL,242,ACC1101,1,1215043,NULL,4,4,0,0,NULL,,0,0,2017090,2018-01-08 10:10:10
508,3,1,1,4,NULL,331,UGC1101,1,1215032,NULL,4,4,0,0,NULL,,0,0,2017090,2018-01-08 10:10:10
509,3,1,2,1,NULL,174,ARC1121,1,2114033,NULL,3,2,1,0,NULL,,0,0,2017090,2018-01-08 10:10:10
510,3,1,2,1,NULL,175,ARC1131,1,2114045,NULL,3,2,1,0,NULL,,0,0,2017090,2018-01-08 10:10:10
511,3,1,2,1,NULL,176,ARC1141,1,2114041,NULL,3,2,1,0,NULL,,0,0,2017090,2018-01-08 10:10:10
512,3,1,1,1,NULL,173,ARC1111,1,2114002,NULL,6,2,4,0,NULL,,0,0,2017090,2018-01-08 10:10:10
513,3,1,1,1,NULL,169,ENT1101,1,2114002,NULL,3,3,0,0,NULL,,0,0,2017090,2018-01-08 10:10:10
514,3,1,1,1,NULL,170,UGC0101,1,2114002,NULL,2,2,0,0,NULL,,0,0,2017090,2018-01-08 10:10:10
515,3,1,1,2,NULL,169,ENT1101,1,1116013,NULL,3,3,0,0,NULL,,0,0,2017090,2018-01-08 10:10:10
516,3,1,1,2,NULL,170,UGC0101,1,2215017,NULL,2,2,0,0,NULL,,0,0,2017090,2018-01-08 10:10:10
517,3,1,1,2,NULL,165,ENG1101,1,2315075,NULL,3,3,0,0,NULL,,0,0,2017090,2018-01-08 10:10:10
518,3,1,1,2,NULL,166,ENG1103,1,2315075,NULL,3,3,0,0,NULL,,0,0,2017090,2018-01-08 10:10:10
519,3,1,1,2,NULL,177,CEM1101,1,2215084,NULL,2,2,0,0,NULL,,0,0,2017090,2018-01-08 10:10:10
520,3,1,1,2,NULL,178,CEM1102,1,2215017,NULL,2,2,0,0,NULL,,0,0,2017090,2018-01-08 10:10:10
521,3,1,1,2,NULL,179,CEM1112,1,2215010,NULL,2,2,0,0,NULL,,0,0,2017090,2018-01-08 10:10:10
522,3,1,1,2,NULL,167,ENG1106,1,2616002,NULL,2,2,0,0,NULL,,0,0,2017090,2018-01-08 10:10:10
523,3,1,1,3,NULL,169,ENT1101,1,1114005,NULL,3,3,0,0,NULL,,0,0,2017090,2018-01-08 10:10:10
524,3,1,2,3,NULL,328,ENT1120,1,1214044,NULL,4,4,0,0,NULL,,0,0,2017090,2018-01-08 10:10:10
525,3,1,2,5,NULL,63,WUN0011,1,3114016,NULL,3,3,0,0,NULL,,0,0,2017090,2018-01-08 10:10:10
526,3,1,2,5,NULL,64,WUN0012,1,1115045,NULL,4,4,0,0,NULL,,0,0,2017090,2018-01-08 10:10:10
527,3,1,1,5,NULL,90,HOT0001,1,3114016,NULL,2,2,0,0,NULL,,0,0,2017090,2018-01-08 10:10:10
528,3,1,1,5,NULL,91,HOT0002,1,3115061,NULL,2,0,2,0,NULL,,0,0,2017090,2018-01-08 10:10:10
529,3,1,1,5,NULL,92,HOT0003,1,3114014,NULL,2,2,0,0,NULL,,0,0,2017090,2018-01-08 10:10:10
530,3,1,1,5,NULL,93,HOT0004,1,3115006,NULL,2,0,2,0,NULL,,0,0,2017090,2018-01-08 10:10:10
531,3,1,1,5,NULL,94,HOT0005,1,1015022,NULL,1,1,0,0,NULL,,0,0,2017090,2018-01-08 10:10:10
532,3,1,1,5,NULL,95,HOT0006,1,3114016,NULL,1,1,0,0,NULL,,0,0,2017090,2018-01-08 10:10:10
533,3,1,1,5,NULL,96,HOT0007,1,3114014,NULL,1,0,1,0,NULL,,0,0,2017090,2018-01-08 10:10:10
534,3,1,2,6,NULL,168,UNC0101,1,1014073,NULL,2,2,0,0,NULL,,0,0,2017090,2018-01-08 10:10:10
535,3,1,1,8,NULL,165,ENG1101,1,2315075,NULL,3,3,0,0,NULL,,0,0,2017090,2018-01-08 10:10:10
536,3,1,1,8,NULL,166,ENG1103,1,2315075,NULL,3,3,0,0,NULL,,0,0,2017090,2018-01-08 10:10:10
537,3,1,1,8,NULL,167,ENG1106,1,2616002,NULL,2,2,0,0,NULL,,0,0,2017090,2018-01-08 10:10:10
538,3,1,1,8,NULL,196,STE1101,1,2316017,NULL,4,4,0,0,NULL,,0,0,2017090,2018-01-08 10:10:10
539,3,1,2,8,NULL,168,UNC0101,1,1014073,NULL,2,2,0,0,NULL,,0,0,2017090,2018-01-08 10:10:10
540,3,1,2,8,NULL,170,UGC0101,1,2516018,NULL,2,2,0,0,NULL,,0,0,2017090,2018-01-08 10:10:10
541,3,1,2,8,NULL,169,ENT1101,1,1116013,NULL,3,3,0,0,NULL,,0,0,2017090,2018-01-08 10:10:10
542,3,1,2,9,NULL,169,ENT1101,1,1116013,NULL,3,3,0,0,NULL,,0,0,2017090,2018-01-08 10:10:10
543,3,1,2,9,NULL,170,UGC0101,1,2516018,NULL,2,2,0,0,NULL,,0,0,2017090,2018-01-08 10:10:10
544,3,1,2,9,NULL,168,UNC0101,1,1014073,NULL,2,2,0,0,NULL,,0,0,2017090,2018-01-08 10:10:10
545,3,1,1,9,NULL,165,ENG1101,1,2315075,NULL,3,3,0,0,NULL,,0,0,2017090,2018-01-08 10:10:10
546,3,1,1,9,NULL,245,URP1101,1,1015074,NULL,2,2,0,0,NULL,,0,0,2017090,2018-01-08 10:10:10
547,3,1,1,9,NULL,246,URP1102,1,2516018,NULL,2,2,0,0,NULL,,0,0,2017090,2018-01-08 10:10:10
548,3,1,1,9,NULL,280,URP1103,1,1015074,NULL,3,3,0,0,NULL,,0,0,2017090,2018-01-08 10:10:10
549,3,1,1,9,NULL,214,URP1104,1,1015074,NULL,2,2,0,0,NULL,,0,0,2017090,2018-01-08 10:10:10
550,3,1,2,11,NULL,171,UNC0102,1,1014073,NULL,2,2,0,0,NULL,,0,0,2017090,2018-01-08 10:10:10
551,3,1,2,11,NULL,169,ENT1101,1,1116013,NULL,3,3,0,0,NULL,,0,0,2017090,2018-01-08 10:10:10
552,3,1,1,11,NULL,165,ENG1101,1,2315075,NULL,3,3,0,0,NULL,,0,0,2017090,2018-01-08 10:10:10
553,3,1,1,11,NULL,252,ENG1102,1,2315075,NULL,2,2,0,0,NULL,,0,0,2017090,2018-01-08 10:10:10
554,3,1,1,11,NULL,244,PDP1101,1,2415078,NULL,2,2,0,0,NULL,,0,0,2017090,2018-01-08 10:10:10
555,3,1,1,11,NULL,198,PDP1102,1,2416026,NULL,2,2,0,0,NULL,,0,0,2017090,2018-01-08 10:10:10
556,3,1,1,11,NULL,227,PDP1103,1,2415069,NULL,6,6,0,0,NULL,,0,0,2017090,2018-01-08 10:10:10
557,3,1,2,10,NULL,169,ENT1101,1,1116013,NULL,3,3,0,0,NULL,,0,0,2017090,2018-01-08 10:10:10
558,3,1,2,10,NULL,170,UGC0101,1,2516018,NULL,2,2,0,0,NULL,,0,0,2017090,2018-01-08 10:10:10
559,3,1,1,10,NULL,165,ENG1101,1,2315075,NULL,3,3,0,0,NULL,,0,0,2017090,2018-01-08 10:10:10
560,3,1,1,10,NULL,166,ENG1103,1,2315075,NULL,3,3,0,0,NULL,,0,0,2017090,2018-01-08 10:10:10
561,3,1,1,10,NULL,172,ENV1101,1,2616007,NULL,2,2,0,0,NULL,,0,0,2017090,2018-01-08 10:10:10
562,3,1,2,10,NULL,168,UNC0101,1,1014073,NULL,2,2,0,0,NULL,,0,0,2017090,2018-01-08 10:10:10
563,3,1,2,10,NULL,171,UNC0102,1,1014073,NULL,2,2,0,0,NULL,,0,0,2017090,2018-01-08 10:10:10
564,3,1,1,10,NULL,212,ENG1105,1,2616002,NULL,3,3,0,0,NULL,,0,0,2017090,2018-01-08 10:10:10
565,3,1,1,3,NULL,331,UGC1101,1,1115027,NULL,4,4,0,0,NULL,,0,0,2017090,2018-01-08 10:10:10
566,3,1,1,3,NULL,242,ACC1101,1,1215043,NULL,4,4,0,0,NULL,,0,0,2017090,2018-01-08 10:10:10
567,3,1,1,3,NULL,329,UGC1102,1,1114048,NULL,4,4,0,0,NULL,,0,0,2017090,2018-01-08 10:10:10
568,3,7,2,3,NULL,171,UNC0102,1,1014073,NULL,2,2,0,0,NULL,,0,0,2017090,2018-01-08 10:10:10
569,3,6,2,3,NULL,213,UNC0201,1,1014073,NULL,2,2,0,0,NULL,,0,0,2017090,2018-01-08 10:10:10
570,3,6,2,3,NULL,236,UNC0202,1,3016009,NULL,2,2,0,0,NULL,,0,0,2017090,2018-01-08 10:10:10
571,3,2,1,11,NULL,360,PDP1203,1,2415078,NULL,2,2,0,0,NULL,,0,0,2017090,2018-01-08 10:10:10
572,3,2,1,11,NULL,363,PDP1206,1,2415078,NULL,2,2,0,0,NULL,,0,0,2017090,2018-01-08 10:10:10
573,3,2,1,11,NULL,361,PDP1204,1,2416026,NULL,2,2,0,0,NULL,,0,0,2017090,2018-01-08 10:10:10
574,3,2,1,11,NULL,333,ENT1201,1,1114080,NULL,4,4,0,0,NULL,,0,0,2017090,2018-01-08 10:10:10
575,3,2,1,11,NULL,362,PDP1205,1,2415069,NULL,5,0,5,0,NULL,,0,0,2017090,2018-01-08 10:10:10
576,3,2,1,11,NULL,359,PDP1201,1,2315075,NULL,3,3,0,0,NULL,,0,0,2017090,2018-01-08 10:10:10
577,3,2,1,11,NULL,236,UNC0202,1,3016009,NULL,2,0,0,0,NULL,,0,0,2017090,2018-01-08 10:10:10
578,3,2,2,1,NULL,333,ENT1201,1,1114080,NULL,4,4,0,0,NULL,169,0,0,2017090,1/8/2018 10:10
579,3,2,1,1,NULL,343,ARC1212,1,2114033,NULL,6,0,6,0,NULL,,0,0,2017090,2018-01-08 10:10:10
580,3,2,1,1,NULL,344,ARC1222,1,2114045,NULL,3,3,0,0,NULL,,0,0,2017090,2018-01-08 10:10:10
581,3,2,1,1,NULL,345,ARC1232,1,2114041,NULL,3,3,0,0,NULL,,0,0,2017090,2018-01-08 10:10:10
582,3,2,1,1,NULL,346,ARC1242,1,2114002,NULL,3,3,0,0,NULL,,0,0,2017090,2018-01-08 10:10:10
583,3,2,2,2,NULL,333,ENT1201,1,1114080,NULL,4,4,0,0,NULL,,0,0,2017090,2018-01-08 10:10:10
584,3,2,1,2,NULL,371,CEM1201,1,2616002,NULL,3,3,0,0,NULL,,0,0,2017090,2018-01-08 10:10:10
585,3,2,1,2,NULL,372,CEM1202,1,2214036,NULL,3,3,0,0,NULL,,0,0,2017090,2018-01-08 10:10:10
586,3,2,1,2,NULL,373,CEM1203,1,2217002,NULL,3,3,0,0,NULL,,0,0,2017090,2018-01-08 10:10:10
587,3,2,1,2,NULL,369,CEM1211,1,2214036,NULL,2,2,0,0,NULL,,0,0,2017090,2018-01-08 10:10:10
588,3,2,1,2,NULL,370,CEM1221,1,2217002,NULL,3,3,0,0,NULL,,0,0,2017090,2018-01-08 10:10:10
589,3,2,2,3,NULL,333,ENT1201,1,1114080,NULL,4,4,0,0,NULL,,0,0,2017090,2018-01-08 10:10:10
590,3,2,1,3,NULL,334,UGC1202,1,1116036,NULL,4,4,0,0,NULL,,0,0,2017090,2018-01-08 10:10:10
591,3,2,1,3,NULL,337,ENT1233,1,1114048,NULL,2,2,0,0,NULL,,0,0,2017090,2018-01-08 10:10:10
592,3,2,1,3,NULL,340,ENT1234,1,1116066,NULL,2,2,0,0,NULL,,0,0,2017090,2018-01-08 10:10:10
593,3,2,1,3,NULL,342,ENT1235,1,1116066,NULL,4,4,0,0,NULL,,0,0,2017090,2018-01-08 10:10:10
594,3,2,1,3,NULL,336,ENT1220,1,1115027,NULL,4,4,0,0,NULL,,0,0,2017090,2018-01-08 10:10:10
595,3,2,2,4,NULL,333,ENT1201,1,1114080,NULL,4,4,0,0,NULL,,0,0,2017090,2018-01-08 10:10:10
596,3,2,1,4,NULL,334,UGC1202,1,1114048,NULL,4,4,0,0,NULL,,0,0,2017090,2018-01-08 10:10:10
597,3,2,1,4,NULL,335,ACC1256,1,1115027,NULL,4,4,0,0,NULL,,0,0,2017090,2018-01-08 10:10:10
598,3,2,2,4,NULL,338,ACC1257,1,1114048,NULL,2,2,0,0,NULL,,0,0,2017090,2018-01-08 10:10:10
599,3,2,1,4,NULL,339,ACC1258,1,1116066,NULL,2,2,0,0,NULL,,0,0,2017090,2018-01-08 10:10:10
600,3,2,1,4,NULL,341,ACC1259,1,1117012,NULL,4,4,0,0,NULL,,0,0,2017090,2018-01-08 10:10:10
601,3,2,1,4,NULL,400,ACC1202,1,1215043,NULL,1,0,1,0,NULL,,0,0,2017090,2018-01-08 10:10:10
602,3,2,2,5,NULL,110,PUN0004,1,3114038,NULL,4,4,0,0,NULL,,0,0,2017090,2018-01-08 10:10:10
603,3,2,1,5,NULL,118,HOT0008,1,3114039,NULL,2,2,0,0,NULL,,0,0,2017090,2018-01-08 10:10:10
604,3,2,1,5,NULL,119,HOT0009,1,3114039,NULL,2,0,2,0,NULL,,0,0,2017090,2018-01-08 10:10:10
605,3,2,1,5,NULL,120,HOT0010,1,3114039,NULL,2,2,0,0,NULL,,0,0,2017090,2018-01-08 10:10:10
606,3,2,1,5,NULL,121,HOT0011,1,3114039,NULL,2,0,2,0,NULL,,0,0,2017090,2018-01-08 10:10:10
607,3,2,1,5,NULL,122,HOT0012,1,3116015,NULL,2,2,0,0,NULL,,0,0,2017090,2018-01-08 10:10:10
608,3,2,1,5,NULL,123,HOT0013,1,3116015,NULL,2,0,2,0,NULL,,0,0,2017090,2018-01-08 10:10:10
609,3,2,1,5,NULL,124,HOT0014,1,3115006,NULL,2,2,0,0,NULL,,0,0,2017090,2018-01-08 10:10:10
610,3,2,1,5,NULL,125,HOT0015,1,3115006,NULL,2,0,2,0,NULL,,0,0,2017090,2018-01-08 10:10:10
611,3,2,2,6,NULL,333,ENT1201,1,1114080,NULL,4,4,0,0,NULL,,0,0,2017090,2018-01-08 10:10:10
612,3,2,1,6,NULL,385,LAW1201,1,3015016,NULL,2,2,0,0,NULL,,0,0,2017090,2018-01-08 10:10:10
613,3,2,1,6,NULL,386,LAW1202,1,3015034,NULL,2,2,0,0,NULL,,0,0,2017090,2018-01-08 10:10:10
614,3,2,1,6,NULL,387,LAW1203,1,3015047,NULL,2,2,0,0,NULL,,0,0,2017090,2018-01-08 10:10:10
615,3,2,1,6,NULL,388,LAW1204,1,3015048,NULL,2,2,0,0,NULL,,0,0,2017090,2018-01-08 10:10:10
616,3,2,1,6,NULL,389,LAW1205,1,3015064,NULL,3,3,0,0,NULL,,0,0,2017090,2018-01-08 10:10:10
617,3,2,1,6,NULL,390,LAW1206,1,3017001,NULL,3,3,0,0,NULL,,0,0,2017090,2018-01-08 10:10:10
618,3,2,1,6,NULL,391,LAW1207,1,3015016,NULL,2,2,0,0,NULL,,0,0,2017090,2018-01-08 10:10:10
619,3,2,2,8,NULL,333,ENT1201,1,1114080,NULL,4,4,0,0,NULL,,0,0,2017090,2018-01-08 10:10:10
620,3,2,2,8,NULL,236,UNC0202,1,3016009,NULL,2,2,0,0,NULL,,0,0,2017090,2018-01-08 10:10:10
621,3,2,2,8,NULL,368,ENG1201,1,2616002,NULL,2,2,0,0,NULL,,0,0,2017090,2018-01-08 10:10:10
622,3,2,1,8,NULL,364,STE1201,1,2217002,NULL,3,3,0,0,NULL,,0,0,2017090,2018-01-08 10:10:10
623,3,2,1,8,NULL,365,STE1202,1,2315075,NULL,3,3,0,0,NULL,,0,0,2017090,2018-01-08 10:10:10
624,3,2,1,8,NULL,367,STE1203,1,2316017,NULL,3,3,0,0,NULL,,0,0,2017090,2018-01-08 10:10:10
625,3,2,1,8,NULL,366,STE1204,1,2316017,NULL,3,3,0,0,NULL,,0,0,2017090,2018-01-08 10:10:10
626,3,2,2,10,NULL,236,UNC0202,1,3016009,NULL,2,2,0,0,NULL,,0,0,2017090,2018-01-08 10:10:10
627,3,2,2,10,NULL,333,ENT1201,1,1114080,NULL,4,4,0,0,NULL,,0,0,2017090,2018-01-08 10:10:10
628,3,2,2,10,NULL,213,UNC0201,1,1014073,NULL,2,2,0,0,NULL,,0,0,2017090,2018-01-08 10:10:10
629,3,2,1,10,NULL,355,ENV1201,1,2315075,NULL,3,3,0,0,NULL,,0,0,2017090,2018-01-08 10:10:10
630,3,2,1,10,NULL,356,ENV1202,1,2616007,NULL,3,3,0,0,NULL,,0,0,2017090,2018-01-08 10:10:10
631,3,2,1,10,NULL,357,ENV1203,1,2616002,NULL,3,3,0,0,NULL,,0,0,2017090,2018-01-08 10:10:10
632,3,2,1,10,NULL,358,ENV1204,1,2516037,NULL,2,2,0,0,NULL,,0,0,2017090,2018-01-08 10:10:10
633,3,3,1,1,NULL,184,ARC2113,1,2115059,NULL,6,0,6,0,NULL,,0,0,2017090,2018-01-08 10:10:10
634,3,3,1,1,NULL,187,ARC2143,1,2115058,NULL,3,3,0,0,NULL,,0,0,2017090,2018-01-08 10:10:10
635,3,3,1,1,NULL,188,ARC2471,1,2114040,NULL,3,3,0,0,NULL,,0,0,2017090,2018-01-08 10:10:10
636,3,3,1,1,NULL,186,ARC2133,1,2116052,NULL,3,3,0,0,NULL,,0,0,2017090,2018-01-08 10:10:10
637,3,3,1,1,NULL,189,UGC0102,1,1116036,NULL,2,2,0,0,NULL,,0,0,2017090,2018-01-08 10:10:10
638,3,3,1,1,NULL,185,ARC2123,1,2114045,NULL,3,3,0,0,NULL,,0,0,2017090,2018-01-08 10:10:10
639,3,3,1,1,NULL,168,UNC0101,1,3016009,NULL,2,2,0,0,NULL,,0,0,2017090,2018-01-08 10:10:10
640,3,3,1,1,NULL,171,UNC0102,1,1014073,NULL,2,2,0,0,NULL,,0,0,2017090,2018-01-08 10:10:10
641,3,3,1,2,NULL,199,ENG2101,1,2616007,NULL,3,3,0,0,NULL,,0,0,2017090,2018-01-08 10:10:10
642,3,3,1,2,NULL,217,CEM2111,1,2215017,NULL,3,3,0,0,NULL,,0,0,2017090,2018-01-08 10:10:10
643,3,3,1,2,NULL,220,CEM2113,1,2217057,NULL,3,3,0,0,NULL,,0,0,2017090,2018-01-08 10:10:10
644,3,3,1,2,NULL,221,CEM2112,1,1214044,NULL,3,3,0,0,NULL,,0,0,2017090,2018-01-08 10:10:10
645,3,3,1,2,NULL,189,UGC0102,1,1116036,NULL,2,2,0,0,NULL,,0,0,2017090,2018-01-08 10:10:10
646,3,3,1,2,NULL,271,CEM2101,1,1214044,NULL,3,3,0,0,NULL,,0,0,2017090,2018-01-08 10:10:10
647,3,3,1,2,NULL,276,CEM2121,1,2217015,NULL,3,3,0,0,NULL,,0,0,2017090,2018-01-08 10:10:10
648,3,3,1,3,NULL,489,ENT2136,1,1116066,NULL,4,4,0,0,NULL,,0,0,2017090,2018-01-08 10:10:10
649,3,3,1,3,NULL,181,LAW1102,1,NULL,NULL,4,4,0,0,NULL,,0,0,2017090,2018-01-08 10:10:10
650,3,3,1,3,NULL,168,UNC0101,1,1014073,NULL,2,2,0,0,NULL,,0,0,2017090,2018-01-08 10:10:10
651,3,3,1,3,NULL,490,ENT2112,1,1115054,NULL,3,3,0,0,NULL,,0,0,2017090,2018-01-08 10:10:10
652,3,3,1,3,NULL,491,ENT2137,1,NULL,NULL,4,4,0,0,NULL,,0,0,2017090,2018-01-08 10:10:10
653,3,3,1,3,NULL,403,ENT2214,1,NULL,NULL,3,3,0,0,NULL,,0,0,2017090,2018-01-08 10:10:10
654,3,3,1,4,NULL,222,ACC2103,1,1217055,NULL,3,3,0,0,NULL,,0,0,2017090,2018-01-08 10:10:10
655,3,3,1,4,NULL,237,ACC2104,1,1215043,NULL,4,4,0,0,NULL,,0,0,2017090,2018-01-08 10:10:10
656,3,3,1,4,NULL,181,LAW1102,1,3015064,NULL,4,4,0,0,NULL,,0,0,2017090,2018-01-08 10:10:10
657,3,3,1,4,NULL,251,ACC2160,1,1115054,NULL,3,3,0,0,NULL,,0,0,2017090,2018-01-08 10:10:10
658,3,3,1,4,NULL,253,ACC2105,1,1115054,NULL,3,3,0,0,NULL,,0,0,2017090,2018-01-08 10:10:10
659,3,3,1,4,NULL,277,ACC2161,1,1217055,NULL,4,4,0,0,NULL,,0,0,2017090,2018-01-08 10:10:10
660,3,3,1,5,NULL,235,HBP2309,1,3115006,NULL,8,0,0,8,NULL,,0,0,2017090,2018-01-08 10:10:10
661,3,3,1,5,NULL,231,HBP2302,1,3116015,NULL,2,2,0,0,NULL,,0,0,2017090,2018-01-08 10:10:10
662,3,3,1,5,NULL,232,HBP2301,1,3116015,NULL,2,2,0,0,NULL,,0,0,2017090,2018-01-08 10:10:10
663,3,3,1,6,NULL,210,LAW2103,1,3015034,NULL,2,2,0,0,NULL,,0,0,2017090,2018-01-08 10:10:10
664,3,3,1,6,NULL,216,LAW2104,1,3015047,NULL,3,3,0,0,NULL,,0,0,2017090,2018-01-08 10:10:10
665,3,3,1,6,NULL,224,LAW2107,1,3017001,NULL,3,3,0,0,NULL,,0,0,2017090,2018-01-08 10:10:10
666,3,3,1,6,NULL,238,LAW2108,1,3016046,NULL,2,2,0,0,NULL,,0,0,2017090,2018-01-08 10:10:10
667,3,3,1,6,NULL,247,LAW2101,1,NULL,NULL,2,2,0,0,NULL,,0,0,2017090,2018-01-08 10:10:10
668,3,3,1,6,NULL,248,LAW2102,1,3016044,NULL,2,2,0,0,NULL,,0,0,2017090,2018-01-08 10:10:10
669,3,3,1,6,NULL,255,LAW2106,1,NULL,NULL,3,3,0,0,NULL,,0,0,2017090,2018-01-08 10:10:10
670,3,3,1,6,NULL,272,LAW2105,1,3016044,NULL,2,2,0,0,NULL,,0,0,2017090,2018-01-08 10:10:10
671,3,3,1,11,NULL,170,UGC0101,1,2416026,NULL,2,2,0,0,NULL,,0,0,2017090,2018-01-08 10:10:10
672,3,3,1,11,NULL,470,PDP3102,1,2415078,NULL,3,3,0,0,NULL,,0,0,2017090,2018-01-08 10:10:10
673,3,3,1,11,NULL,513,PDP3103,1,2415069,NULL,3,3,0,0,NULL,,0,0,2017090,2018-01-08 10:10:10
674,3,3,1,11,NULL,469,PDP2104,1,2417037,NULL,3,3,0,0,NULL,,0,0,2017090,2018-01-08 10:10:10
675,3,2,1,11,NULL,168,UNC0101,1,3016009,NULL,2,2,0,0,NULL,,0,0,2017090,2018-01-08 10:10:10
676,3,3,1,11,NULL,168,UNC0101,1,3016009,NULL,2,2,0,0,NULL,,0,0,2017090,2018-01-08 10:10:10
677,3,3,1,11,NULL,468,PDP2105,1,2417037,NULL,3,3,0,0,NULL,,0,0,2017090,2018-01-08 10:10:10
678,3,3,1,11,NULL,514,PDP2181,1,2415069,NULL,5,5,0,0,NULL,,0,0,2017090,2018-01-08 10:10:10
679,3,3,1,10,NULL,199,ENG2101,1,2616007,NULL,3,3,0,0,NULL,,0,0,2017090,2018-01-08 10:10:10
680,3,3,1,10,NULL,480,ENV2105,1,NULL,NULL,3,3,0,0,NULL,,0,0,2017090,2018-01-08 10:10:10
681,3,3,1,10,NULL,478,ENV2103,1,2616030,NULL,3,3,0,0,NULL,,0,0,2017090,2018-01-08 10:10:10
682,3,3,1,10,NULL,479,ENV2104,1,2616002,NULL,3,3,0,0,NULL,,0,0,2017090,2018-01-08 10:10:10
683,3,3,1,10,NULL,476,ENV2101,1,2617024,NULL,3,3,0,0,NULL,,0,0,2017090,2018-01-08 10:10:10
684,3,3,1,10,NULL,189,UGC0102,1,1116036,NULL,2,2,0,0,NULL,,0,0,2017090,2018-01-08 10:10:10
685,3,3,1,10,NULL,477,ENV2102,1,2616002,NULL,3,3,0,0,NULL,,0,0,2017090,2018-01-08 10:10:10
686,3,3,1,8,NULL,471,STE2101,1,1214044,NULL,3,3,0,0,NULL,,0,0,2017090,2018-01-08 10:10:10
687,3,3,1,8,NULL,472,STE2102,1,1214044,NULL,3,3,0,0,NULL,,0,0,2017090,2018-01-08 10:10:10
688,3,3,1,8,NULL,189,UGC0102,1,1116036,NULL,2,2,0,0,NULL,,0,0,2017090,2018-01-08 10:10:10
689,3,3,1,8,NULL,515,STE2105,1,1214044,NULL,3,3,0,0,NULL,,0,0,2017090,2018-01-08 10:10:10
690,3,3,1,8,NULL,473,STE2103,1,2315075,NULL,3,3,0,0,NULL,,0,0,2017090,2018-01-08 10:10:10
691,3,3,1,8,NULL,475,STE2106,1,1214044,NULL,3,3,0,0,NULL,,0,0,2017090,2018-01-08 10:10:10
692,3,3,1,8,NULL,474,STE2104,1,2616002,NULL,3,3,0,0,NULL,,0,0,2017090,2018-01-08 10:10:10
693,3,3,1,3,NULL,328,ENT1120,1,1115027,NULL,4,4,0,0,NULL,,0,0,2017090,2018-01-08 10:10:10
694,3,3,1,3,NULL,331,UGC1101,1,1117048,NULL,4,4,0,0,NULL,,0,0,2017090,2018-01-08 10:10:10
695,3,3,1,5,NULL,311,HOT0018,1,3115006,NULL,8,0,0,8,NULL,,0,0,2017090,2018-01-08 10:10:10
696,3,3,1,5,NULL,310,HOT0017,1,3116015,NULL,2,0,2,0,NULL,,0,0,2017090,2018-01-08 10:10:10
697,3,3,1,5,NULL,309,HOT0016,1,3116015,NULL,3,3,0,0,NULL,,0,0,2017090,2018-01-08 10:10:10
698,3,4,1,3,NULL,406,ENT2260,1,NULL,NULL,3,3,0,0,NULL,,0,0,2017090,2018-01-08 10:10:10
699,3,4,1,3,NULL,402,ENT2221,1,1115027,NULL,3,3,0,0,NULL,,0,0,2017090,2018-01-08 10:10:10
700,3,4,1,3,NULL,404,ENT2240,1,NULL,NULL,3,3,0,0,NULL,,0,0,2017090,2018-01-08 10:10:10
701,3,4,1,3,NULL,516,ENT2111,1,NULL,NULL,3,3,0,0,NULL,,0,0,2017090,2018-01-08 10:10:10
702,3,4,1,3,NULL,407,ENT2238,1,NULL,NULL,4,4,0,0,NULL,,0,0,2017090,2018-01-08 10:10:10
703,3,4,1,3,NULL,408,ENT2215,1,NULL,NULL,4,4,0,0,NULL,,0,0,2017090,2018-01-08 10:10:10
704,3,4,1,3,NULL,405,ENT2239,1,1115027,NULL,1,1,0,0,NULL,,0,0,2017090,2018-01-08 10:10:10
705,3,4,1,4,NULL,415,ACC2263,1,1217059,NULL,3,3,0,0,NULL,,0,0,2017090,2018-01-08 10:10:10
706,3,4,1,4,NULL,413,ACC2264,1,1115054,NULL,3,3,0,0,NULL,,0,0,2017090,2018-01-08 10:10:10
707,3,4,1,4,NULL,412,ACC2206,1,1217055,NULL,3,3,0,0,NULL,,0,0,2017090,2018-01-08 10:10:10
708,3,4,1,4,NULL,409,ACC2207,1,1215043,NULL,4,4,0,0,NULL,,0,0,2017090,2018-01-08 10:10:10
709,3,4,1,4,NULL,414,ACC2265,1,NULL,NULL,1,1,0,0,NULL,,0,0,2017090,2018-01-08 10:10:10
710,3,4,1,4,NULL,410,ACC2208,1,1217055,NULL,3,3,0,0,NULL,,0,0,2017090,2018-01-08 10:10:10
711,3,4,1,4,NULL,411,ACC2209,1,1217099,NULL,4,4,0,0,NULL,,0,0,2017090,2018-01-08 10:10:10
712,3,4,1,6,NULL,392,LAW2201,1,3015034,NULL,2,2,0,0,NULL,,0,0,2017090,2018-01-08 10:10:10
713,3,4,1,6,NULL,393,LAW2202,1,NULL,NULL,2,2,0,0,NULL,,0,0,2017090,2018-01-08 10:10:10
714,3,4,1,6,NULL,394,LAW2203,1,3017098,NULL,2,2,0,0,NULL,,0,0,2017090,2018-01-08 10:10:10
715,3,4,1,6,NULL,395,LAW2204,1,3016046,NULL,2,2,0,0,NULL,,0,0,2017090,2018-01-08 10:10:10
716,3,4,1,6,NULL,396,LAW2205,1,3017001,NULL,2,2,0,0,NULL,,0,0,2017090,2018-01-08 10:10:10
717,3,4,1,6,NULL,397,LAW2206,1,3017009,NULL,2,2,0,0,NULL,,0,0,2017090,2018-01-08 10:10:10
718,3,4,1,6,NULL,398,LAW2207,1,3015016,NULL,2,2,0,0,NULL,,0,0,2017090,2018-01-08 10:10:10
719,3,4,1,6,NULL,399,LAW2208,1,3016044,NULL,2,2,0,0,NULL,,0,0,2017090,2018-01-08 10:10:10
720,3,4,1,6,NULL,566,LAW3168,1,1214044,NULL,2,2,0,0,NULL,,0,0,2017090,2018-01-08 10:10:10
721,3,4,1,6,NULL,236,UNC0202,1,3016009,NULL,2,2,0,0,NULL,,0,0,2017090,2018-01-08 10:10:10
722,4,1,2,5,NULL,91,HOT0002,1,3115061,NULL,2,2,0,0,NULL,,0,0,2017090,2018-01-08 10:10:10
723,4,1,1,11,NULL,198,PDP1102,1,2416026,NULL,2,2,0,0,NULL,,0,0,2017090,2018-01-08 10:10:10
724,4,1,1,11,NULL,165,ENG1101,1,2416026,NULL,3,0,0,0,NULL,,0,0,2017090,2018-01-08 10:10:10
725,4,1,1,11,NULL,227,PDP1103,1,2417036,NULL,6,0,0,0,NULL,,0,0,2017090,2018-01-08 10:10:10
726,4,1,1,11,NULL,244,PDP1101,1,2415078,NULL,2,0,0,0,NULL,,0,0,2017090,2018-01-08 10:10:10
727,4,1,1,11,NULL,252,ENG1102,1,2416026,NULL,2,0,0,0,NULL,,0,0,2017090,2018-01-08 10:10:10
728,4,1,1,11,NULL,171,UNC0102,1,1014073,NULL,2,0,0,0,NULL,,0,0,2017090,2018-01-08 10:10:10
729,4,1,1,11,NULL,169,ENT1101,1,NULL,NULL,3,0,0,0,NULL,,0,0,2017090,2018-01-08 10:10:10
730,4,1,1,10,NULL,165,ENG1101,1,2416026,NULL,3,0,0,0,NULL,,0,0,2017090,2018-01-08 10:10:10
731,4,1,1,10,NULL,212,ENG1105,1,2616002,NULL,3,0,0,0,NULL,,0,0,2017090,2018-01-08 10:10:10
732,4,1,1,10,NULL,170,UGC0101,1,2416026,NULL,2,0,0,0,NULL,,0,0,2017090,2018-01-08 10:10:10
733,4,1,1,10,NULL,172,ENV1101,1,2617024,NULL,2,0,0,0,NULL,,0,0,2017090,2018-01-08 10:10:10
734,4,1,1,10,NULL,168,UNC0101,1,3016009,NULL,2,0,0,0,NULL,,0,0,2017090,2018-01-08 10:10:10
735,4,1,1,10,NULL,166,ENG1103,1,2315075,NULL,3,0,0,0,NULL,,0,0,2017090,2018-01-08 10:10:10
736,4,1,1,10,NULL,171,UNC0102,1,1014073,NULL,2,0,0,0,NULL,,0,0,2017090,2018-01-08 10:10:10
737,4,1,1,10,NULL,169,ENT1101,1,NULL,NULL,3,0,0,0,NULL,,0,0,2017090,2018-01-08 10:10:10
738,4,1,1,9,NULL,165,ENG1101,1,2416026,NULL,3,0,0,0,NULL,,0,0,2017090,2018-01-08 10:10:10
739,4,1,1,9,NULL,214,URP1104,1,2517042,NULL,2,0,0,0,NULL,,0,0,2017090,2018-01-08 10:10:10
740,4,1,1,9,NULL,170,UGC0101,1,2416026,NULL,2,0,0,0,NULL,,0,0,2017090,2018-01-08 10:10:10
741,4,1,1,9,NULL,245,URP1101,1,2516028,NULL,2,0,0,0,NULL,,0,0,2017090,2018-01-08 10:10:10
742,4,1,1,9,NULL,246,URP1102,1,2517042,NULL,2,0,0,0,NULL,,0,0,2017090,2018-01-08 10:10:10
743,4,1,1,9,NULL,168,UNC0101,1,3016009,NULL,2,0,0,0,NULL,,0,0,2017090,2018-01-08 10:10:10
744,4,1,1,9,NULL,169,ENT1101,1,NULL,NULL,3,0,0,0,NULL,,0,0,2017090,2018-01-08 10:10:10
745,4,1,1,9,NULL,280,URP1103,1,2516037,NULL,3,0,0,0,NULL,,0,0,2017090,2018-01-08 10:10:10
746,4,1,1,8,NULL,165,ENG1101,1,2416026,NULL,3,0,0,0,NULL,,0,0,2017090,2018-01-08 10:10:10
747,4,1,1,8,NULL,167,ENG1106,1,2616002,NULL,2,0,0,0,NULL,,0,0,2017090,2018-01-08 10:10:10
748,4,1,1,8,NULL,170,UGC0101,1,2416026,NULL,2,0,0,0,NULL,,0,0,2017090,2018-01-08 10:10:10
749,4,1,1,8,NULL,168,UNC0101,1,3016009,NULL,2,0,0,0,NULL,,0,0,2017090,2018-01-08 10:10:10
750,4,1,1,8,NULL,166,ENG1103,1,2315075,NULL,3,0,0,0,NULL,,0,0,2017090,2018-01-08 10:10:10
751,4,1,1,8,NULL,196,STE1101,1,2316017,NULL,4,0,0,0,NULL,,0,0,2017090,2018-01-08 10:10:10
752,4,1,1,8,NULL,169,ENT1101,1,1214044,NULL,3,0,0,0,NULL,,0,0,2017090,2018-01-08 10:10:10
753,4,1,1,6,NULL,181,LAW1102,1,3015064,NULL,4,0,0,0,NULL,,0,0,2017090,2018-01-08 10:10:10
754,4,1,1,6,NULL,182,LAW1103,1,3015016,NULL,3,0,0,0,NULL,,0,0,2017090,2018-01-08 10:10:10
755,4,1,1,6,NULL,183,LAW1104,1,3017001,NULL,3,0,0,0,NULL,,0,0,2017090,2018-01-08 10:10:10
756,4,1,1,6,NULL,180,LAW1101,1,3015016,NULL,3,0,0,0,NULL,,0,0,2017090,2018-01-08 10:10:10
757,4,1,1,6,NULL,169,ENT1101,1,NULL,NULL,3,0,0,0,NULL,,0,0,2017090,2018-01-08 10:10:10
758,4,1,1,6,NULL,168,UNC0101,1,3016009,NULL,2,0,0,0,NULL,,0,0,2017090,2018-01-08 10:10:10
759,4,1,1,6,NULL,171,UNC0102,1,1014073,NULL,2,0,0,0,NULL,,0,0,2017090,2018-01-08 10:10:10
760,4,1,1,4,NULL,170,UGC0101,1,1117048,NULL,4,0,0,0,NULL,,0,0,2017090,2018-01-08 10:10:10
761,4,1,1,4,NULL,242,ACC1101,1,1215043,NULL,4,0,0,0,NULL,,0,0,2017090,2018-01-08 10:10:10
762,4,1,1,4,NULL,257,ACC1155,1,1217059,NULL,4,0,0,0,NULL,,0,0,2017090,2018-01-08 10:10:10
763,4,1,1,4,NULL,329,UGC1102,1,1116036,NULL,4,0,0,0,NULL,,0,0,2017090,2018-01-08 10:10:10
764,4,1,1,4,NULL,169,ENT1101,1,1117048,NULL,3,0,0,0,NULL,,0,0,2017090,2018-01-08 10:10:10
765,4,1,1,3,NULL,329,UGC1102,1,1114048,NULL,4,0,0,0,NULL,,0,0,2017090,2018-01-08 10:10:10
766,4,1,1,3,NULL,170,UGC0101,1,1115027,NULL,4,0,0,0,NULL,,0,0,2017090,2018-01-08 10:10:10
767,4,1,1,3,NULL,242,ACC1101,1,1215043,NULL,4,0,0,0,NULL,,0,0,2017090,2018-01-08 10:10:10
768,4,1,1,3,NULL,328,ENT1120,1,1115027,NULL,4,0,0,0,NULL,,0,0,2017090,2018-01-08 10:10:10
769,4,1,1,3,NULL,169,ENT1101,1,1117048,NULL,3,0,0,0,NULL,,0,0,2017090,2018-01-08 10:10:10
770,4,1,1,2,NULL,165,ENG1101,1,2416026,NULL,3,0,0,0,NULL,,0,0,2017090,2018-01-08 10:10:10
771,4,1,1,2,NULL,167,ENG1106,1,2616002,NULL,2,0,0,0,NULL,,0,0,2017090,2018-01-08 10:10:10
772,4,1,1,2,NULL,170,UGC0101,1,2416026,NULL,2,0,0,0,NULL,,0,0,2017090,2018-01-08 10:10:10
773,4,1,1,2,NULL,178,CEM1102,1,2217002,NULL,2,0,0,0,NULL,,0,0,2017090,2018-01-08 10:10:10
774,4,1,1,2,NULL,177,CEM1101,1,1214044,NULL,2,0,0,0,NULL,,0,0,2017090,2018-01-08 10:10:10
775,4,1,1,2,NULL,179,CEM1112,1,2215010,NULL,2,0,0,0,NULL,,0,0,2017090,2018-01-08 10:10:10
776,4,1,1,2,NULL,166,ENG1103,1,2315075,NULL,3,0,0,0,NULL,,0,0,2017090,2018-01-08 10:10:10
777,4,1,1,2,NULL,169,ENT1101,1,1214044,NULL,3,0,0,0,NULL,,0,0,2017090,2018-01-08 10:10:10
778,4,1,1,5,NULL,93,HOT0004,1,3114016,NULL,2,0,2,0,NULL,,0,0,2017090,2018-01-08 10:10:10
779,4,1,1,1,NULL,175,ARC1131,1,NULL,NULL,3,0,0,0,NULL,,0,0,2017090,2018-01-08 10:10:10
780,4,1,1,5,NULL,266,HBP1105,1,3116051,NULL,2,0,0,0,NULL,,0,0,2017090,2018-01-08 10:10:10
781,4,1,1,1,NULL,173,ARC1111,1,2116012,NULL,6,0,0,0,NULL,,0,0,2017090,2018-01-08 10:10:10
782,4,1,1,1,NULL,176,ARC1141,1,2114040,NULL,3,0,0,0,NULL,,0,0,2017090,2018-01-08 10:10:10
783,4,1,1,1,NULL,170,UGC0101,1,2416026,NULL,2,0,0,0,NULL,,0,0,2017090,2018-01-08 10:10:10
784,4,1,1,1,NULL,174,ARC1121,1,2114045,NULL,3,0,0,0,NULL,,0,0,2017090,2018-01-08 10:10:10
785,4,1,1,1,NULL,169,ENT1101,1,NULL,NULL,3,0,0,0,NULL,,0,0,2017090,2018-01-08 10:10:10
786,4,1,1,5,NULL,95,HOT0006,1,3117060,NULL,1,0,0,0,NULL,,0,0,2017090,2018-01-08 10:10:10
787,4,1,1,5,NULL,94,HOT0005,1,3117060,NULL,1,0,0,0,NULL,,0,0,2017090,2018-01-08 10:10:10
788,4,1,1,5,NULL,63,WUN0011,1,1214044,NULL,3,0,0,0,NULL,,0,0,2017090,2018-01-08 10:10:10
789,4,1,1,5,NULL,96,HOT0007,1,3117021,NULL,1,0,0,0,NULL,,0,0,2017090,2018-01-08 10:10:10
790,4,1,1,5,NULL,64,WUN0012,1,1116036,NULL,4,0,0,0,NULL,,0,0,2017090,2018-01-08 10:10:10
791,4,1,1,5,NULL,92,HOT0003,1,3117039,NULL,2,0,0,0,NULL,,0,0,2017090,2018-01-08 10:10:10
792,4,2,1,3,NULL,333,ENT1201,1,1117048,NULL,4,4,0,0,NULL,,0,0,2017090,2018-01-08 10:10:10
793,4,2,1,3,NULL,334,UGC1202,1,1116036,NULL,4,4,0,0,NULL,,0,0,2017090,2018-01-08 10:10:10
794,4,2,1,3,NULL,336,ENT1220,1,1115027,NULL,4,4,0,0,NULL,,0,0,2017090,2018-01-08 10:10:10
795,4,2,1,3,NULL,337,ENT1233,1,1114048,NULL,2,2,0,0,NULL,,0,0,2017090,2018-01-08 10:10:10
796,4,2,1,3,NULL,340,ENT1234,1,1116066,NULL,2,2,0,0,NULL,,0,0,2017090,2018-01-08 10:10:10
797,4,2,1,3,NULL,342,ENT1235,1,1117048,NULL,4,4,0,0,NULL,,0,0,2017090,2018-01-08 10:10:10
798,4,2,1,4,NULL,333,ENT1201,1,NULL,NULL,4,4,0,0,NULL,,0,0,2017090,2018-01-08 10:10:10
799,4,2,1,4,NULL,334,UGC1202,1,NULL,NULL,4,4,0,0,NULL,,0,0,2017090,2018-01-08 10:10:10
800,4,2,1,4,NULL,335,ACC1256,1,1217059,NULL,4,4,0,0,NULL,,0,0,2017090,2018-01-08 10:10:10
801,4,2,1,4,NULL,338,ACC1257,1,NULL,NULL,2,2,0,0,NULL,,0,0,2017090,2018-01-08 10:10:10
802,4,2,1,4,NULL,339,ACC1258,1,NULL,NULL,2,2,0,0,NULL,,0,0,2017090,2018-01-08 10:10:10
803,4,2,1,4,NULL,341,ACC1259,1,1115054,NULL,4,4,0,0,NULL,,0,0,2017090,2018-01-08 10:10:10
804,4,2,1,4,NULL,400,ACC1202,1,1215043,NULL,1,1,0,0,NULL,,0,0,2017090,2018-01-08 10:10:10
805,4,2,1,6,NULL,386,LAW1202,1,3015034,NULL,2,2,0,0,NULL,,0,0,2017090,2018-01-08 10:10:10
806,4,2,1,6,NULL,390,LAW1206,1,3017001,NULL,3,3,0,0,NULL,,0,0,2017090,2018-01-08 10:10:10
807,4,2,1,6,NULL,391,LAW1207,1,3016044,NULL,2,2,0,0,NULL,,0,0,2017090,2018-01-08 10:10:10
808,4,2,1,6,NULL,385,LAW1201,1,3016044,NULL,2,2,0,0,NULL,,0,0,2017090,2018-01-08 10:10:10
809,4,2,1,6,NULL,389,LAW1205,1,3017098,NULL,3,3,0,0,NULL,,0,0,2017090,2018-01-08 10:10:10
810,4,2,1,6,NULL,388,LAW1204,1,3015047,NULL,2,2,0,0,NULL,,0,0,2017090,2018-01-08 10:10:10
811,4,2,1,6,NULL,387,LAW1203,1,3015047,NULL,2,2,0,0,NULL,,0,0,2017090,2018-01-08 10:10:10
812,4,2,1,6,NULL,333,ENT1201,1,1114080,NULL,4,4,0,0,NULL,,0,0,2017090,2018-01-08 10:10:10
813,4,2,1,11,NULL,333,ENT1201,1,1117048,NULL,4,4,0,0,NULL,,0,0,2017090,2018-01-08 10:10:10
814,1,8,1,2,NULL,533,CEM4211,1,2217096,NULL,2,2,0,0,NULL,,0,0,2017090,2018-01-08 10:10:10
815,1,8,1,2,NULL,534,CEM3416,1,2617100,NULL,2,2,0,0,NULL,,0,0,2017090,2018-01-08 10:10:10
816,1,8,1,2,NULL,535,CEM4212,1,2217057,NULL,2,2,0,0,NULL,,0,0,2017090,2018-01-08 10:10:10
817,1,8,1,2,NULL,536,CEM4482,1,2617100,NULL,4,4,0,0,NULL,,0,0,2017090,2018-01-08 10:10:10
818,1,8,1,5,NULL,553,HOT0054,1,1214044,NULL,8,0,0,0,NULL,,0,0,2017090,2018-01-08 10:10:10
819,1,8,1,5,NULL,554,HOT0055,1,1214044,NULL,6,0,0,0,NULL,,0,0,2017090,2018-01-08 10:10:10
820,1,8,1,1,NULL,564,ARC4218,1,2114033,NULL,8,8,0,0,NULL,,0,0,2017090,2018-01-08 10:10:10
821,1,8,1,1,NULL,565,ARC4263,1,2114002,NULL,3,0,0,3,NULL,,0,0,2017090,2018-01-08 10:10:10
822,1,1,1,4,NULL,3,UNI1001,1,NULL,NULL,3,0,0,0,NULL,,0,0,2017090,2018-01-08 10:10:10
823,1,2,1,5,NULL,110,PUN0004,1,NULL,NULL,4,4,4,0,NULL,,0,0,2017090,2018-01-08 10:10:10
824,2,6,1,2,NULL,383,CEM3221,1,1214044,NULL,3,3,0,0,NULL,,0,0,2017090,2018-01-08 10:10:10
825,2,6,1,2,NULL,381,CEM3201,1,NULL,NULL,2,2,0,0,NULL,,0,0,2017090,2018-01-08 10:10:10
826,2,6,1,2,NULL,384,CEM3222,1,2217096,NULL,3,3,0,0,NULL,,0,0,2017090,2018-01-08 10:10:10
827,2,6,1,2,NULL,427,CEM3411,1,2217057,NULL,2,2,0,0,NULL,,0,0,2017090,2018-01-08 10:10:10
828,2,6,1,2,NULL,382,CEM3211,1,2117026,NULL,2,2,0,0,NULL,,0,0,2017090,2018-01-08 10:10:10
829,2,6,1,2,NULL,213,UNC0201,1,1014073,NULL,2,2,0,0,NULL,,0,0,2017090,2018-01-08 10:10:10
830,2,6,1,2,NULL,236,UNC0202,1,NULL,NULL,2,2,0,0,NULL,,0,0,2017090,2018-01-08 10:10:10
831,2,6,1,5,NULL,438,HOT0041,1,NULL,NULL,2,2,0,0,NULL,,0,0,2017090,2018-01-08 10:10:10
832,2,6,1,5,NULL,442,HOT0045,1,NULL,NULL,2,2,0,0,NULL,,0,0,2017090,2018-01-08 10:10:10
833,2,6,1,5,NULL,439,HOT0042,1,NULL,NULL,4,4,0,0,NULL,,0,0,2017090,2018-01-08 10:10:10
834,2,6,1,5,NULL,236,UNC0202,1,NULL,NULL,2,2,0,0,NULL,,0,0,2017090,2018-01-08 10:10:10
835,2,6,1,5,NULL,440,HOT0043,1,NULL,NULL,2,2,0,0,NULL,,0,0,2017090,2018-01-08 10:10:10
836,2,6,1,5,NULL,436,HOT0039,1,NULL,NULL,2,2,0,0,NULL,,0,0,2017090,2018-01-08 10:10:10
837,2,6,1,5,NULL,437,HOT0040,1,NULL,NULL,2,2,0,0,NULL,,0,0,2017090,2018-01-08 10:10:10
838,2,6,1,5,NULL,443,HOT0046,1,NULL,NULL,2,2,0,0,NULL,,0,0,2017090,2018-01-08 10:10:10
839,2,6,1,5,NULL,441,HOT0044,1,NULL,NULL,2,2,0,0,NULL,,0,0,2017090,2018-01-08 10:10:10
840,2,6,1,5,NULL,444,HOT0047,1,NULL,NULL,2,2,0,0,NULL,,0,0,2017090,2018-01-08 10:10:10
841,2,6,1,5,NULL,445,HOT0048,1,NULL,NULL,2,2,0,0,NULL,,0,0,2017090,2018-01-08 10:10:10
842,2,6,1,5,NULL,532,UNC0201,1,NULL,NULL,2,2,0,0,NULL,,0,0,2017090,2018-01-08 10:10:10
843,2,6,1,5,NULL,550,HOT0049,1,NULL,NULL,2,2,0,0,NULL,,0,0,2017090,2018-01-08 10:10:10
844,2,6,1,5,NULL,551,HOT0050,1,NULL,NULL,2,2,0,0,NULL,,0,0,2017090,2018-01-08 10:10:10
845,2,6,1,5,NULL,552,HOT0051,1,NULL,NULL,2,2,0,0,NULL,,0,0,2017090,2018-01-08 10:10:10
846,2,6,1,6,NULL,555,LAW3201,1,NULL,NULL,2,2,0,0,NULL,,0,0,2017090,2018-01-08 10:10:10
847,2,6,1,6,NULL,556,LAW3202,1,NULL,NULL,2,2,0,0,NULL,,0,0,2017090,2018-01-08 10:10:10
848,2,6,1,6,NULL,557,LAW3203,1,NULL,NULL,2,2,0,0,NULL,,0,0,2017090,2018-01-08 10:10:10
849,2,6,1,6,NULL,558,LAW3204,1,NULL,NULL,2,2,0,0,NULL,,0,0,2017090,2018-01-08 10:10:10
850,2,6,1,6,NULL,559,LAW3205,1,NULL,NULL,2,2,0,0,NULL,,0,0,2017090,2018-01-08 10:10:10
851,2,6,1,6,NULL,560,LAW3206,1,NULL,NULL,2,2,0,0,NULL,,0,0,2017090,2018-01-08 10:10:10
852,2,6,1,6,NULL,561,LAW3207,1,NULL,NULL,2,2,0,0,NULL,,0,0,2017090,2018-01-08 10:10:10
853,2,6,1,6,NULL,562,LAW3208,1,NULL,NULL,2,2,0,0,NULL,,0,0,2017090,2018-01-08 10:10:10
854,2,6,1,1,NULL,353,ARC3216,1,2117058,NULL,8,0,8,0,NULL,,0,0,2017090,2018-01-08 10:10:10
855,2,6,1,1,NULL,354,ARC3252,1,2516028,NULL,3,3,0,0,NULL,,0,0,2017090,2018-01-08 10:10:10
856,2,6,1,1,NULL,241,ARC3481,0,2114033,NULL,3,3,0,0,NULL,,0,0,2017090,2018-01-08 10:10:10
857,2,6,1,1,NULL,425,URP3206,0,2516027,NULL,2,2,0,0,NULL,,0,0,2017090,2018-01-08 10:10:10
858,2,6,1,6,NULL,566,LAW3168,1,3017098,NULL,3,3,0,0,NULL,,0,0,2017090,2018-01-08 10:10:10
859,2,6,1,1,NULL,425,URP3206,0,2516027,NULL,2,2,0,0,NULL,,0,0,2017090,2018-01-08 10:10:10
860,2,2,1,5,NULL,110,PUN0004,1,NULL,NULL,4,4,0,0,NULL,,0,0,2017090,2018-01-08 10:10:10
861,3,4,1,11,NULL,521,PDP2183,1,2415069,NULL,5,5,0,0,NULL,,0,0,2017090,2018-01-08 10:10:10
862,3,4,1,11,NULL,523,PDP3202,1,2415069,NULL,3,3,0,0,NULL,,0,0,2017090,2018-01-08 10:10:10
863,3,4,1,11,NULL,522,PDP3102,1,2415078,NULL,3,3,0,0,NULL,,0,0,2017090,2018-01-08 10:10:10
864,3,4,1,11,NULL,213,UNC0201,1,NULL,NULL,2,2,0,0,NULL,,0,0,2017090,2018-01-08 10:10:10
865,3,4,1,11,NULL,524,PDP3203,1,2417037,NULL,3,3,0,0,NULL,,0,0,2017090,2018-01-08 10:10:10
866,3,4,1,11,NULL,525,PDP2205,1,2417037,NULL,3,3,0,0,NULL,,0,0,2017090,2018-01-08 10:10:10
867,3,4,1,8,NULL,526,STE2204,1,2317041,NULL,3,3,0,0,NULL,,0,0,2017090,2018-01-08 10:10:10
868,3,4,1,8,NULL,527,STE2206,1,2317112,NULL,3,3,0,0,NULL,,0,0,2017090,2018-01-08 10:10:10
869,3,4,1,8,NULL,528,STE2202,1,2317112,NULL,3,3,0,0,NULL,,0,0,2017090,2018-01-08 10:10:10
870,3,4,1,8,NULL,529,STE2201,1,NULL,NULL,3,3,0,0,NULL,,0,0,2017090,2018-01-08 10:10:10
871,3,4,1,8,NULL,530,STE2205,1,2316017,NULL,3,3,0,0,NULL,,0,0,2017090,2018-01-08 10:10:10
872,3,4,1,8,NULL,531,STE2203,1,NULL,NULL,2,2,0,0,NULL,,0,0,2017090,2018-01-08 10:10:10
873,3,4,1,8,NULL,213,UNC0201,1,1014073,NULL,2,2,0,0,NULL,,0,0,2017090,2018-01-08 10:10:10
874,3,4,1,2,NULL,378,CEM2222,1,2217015,NULL,3,3,0,0,NULL,,0,0,2017090,2018-01-08 10:10:10
875,3,4,1,2,NULL,379,CEM2223,1,2317112,NULL,3,3,0,0,NULL,,0,0,2017090,2018-01-08 10:10:10
876,3,4,1,2,NULL,375,CEM2212,1,2217096,NULL,3,3,0,0,NULL,,0,0,2017090,2018-01-08 10:10:10
877,3,4,1,2,NULL,377,CEM2221,1,2217015,NULL,3,3,0,0,NULL,,0,0,2017090,2018-01-08 10:10:10
878,3,4,1,2,NULL,374,CEM2211,1,2217057,NULL,2,2,0,0,NULL,,0,0,2017090,2018-01-08 10:10:10
879,3,4,1,2,NULL,376,CEM2213,1,NULL,NULL,3,3,0,0,NULL,,0,0,2017090,2018-01-08 10:10:10
880,3,4,1,2,NULL,380,CEM2224,1,2215017,NULL,3,3,0,0,NULL,,0,0,2017090,2018-01-08 10:10:10
881,3,4,1,10,NULL,542,ENV2204,1,2616002,NULL,3,3,0,0,NULL,,0,0,2017090,2018-01-08 10:10:10
882,3,4,1,10,NULL,543,ENV2208,1,NULL,NULL,2,2,0,0,NULL,,0,0,2017090,2018-01-08 10:10:10
883,3,4,1,10,NULL,544,ENV2207,1,2616007,NULL,2,2,0,0,NULL,,0,0,2017090,2018-01-08 10:10:10
884,3,4,1,10,NULL,545,ENV2203,1,2616007,NULL,3,3,0,0,NULL,,0,0,2017090,2018-01-08 10:10:10
885,3,4,1,10,NULL,546,ENV2202,1,2617085,NULL,3,3,0,0,NULL,,0,0,2017090,2018-01-08 10:10:10
886,3,4,1,10,NULL,547,ENV2201,1,2617083,NULL,3,3,0,0,NULL,,0,0,2017090,2018-01-08 10:10:10
887,3,4,1,10,NULL,548,ENV2205,1,NULL,NULL,2,2,0,0,NULL,,0,0,2017090,2018-01-08 10:10:10
888,3,4,1,10,NULL,549,ENV2206,1,NULL,NULL,2,2,0,0,NULL,,0,0,2017090,2018-01-08 10:10:10
889,3,4,1,5,NULL,422,HOT0023,1,NULL,NULL,3,3,0,0,NULL,,0,0,2017090,2018-01-08 10:10:10
890,3,4,1,5,NULL,111,PUN0003,1,NULL,NULL,4,4,0,0,NULL,,0,0,2017090,2018-01-08 10:10:10
891,3,4,1,5,NULL,417,PUN0016,1,NULL,NULL,3,3,0,0,NULL,,0,0,2017090,2018-01-08 10:10:10
892,3,4,1,5,NULL,423,HOT0022,1,NULL,NULL,2,2,0,0,NULL,,0,0,2017090,2018-01-08 10:10:10
893,3,4,1,5,NULL,418,PUN0018,1,NULL,NULL,3,3,0,0,NULL,,0,0,2017090,2018-01-08 10:10:10
894,3,4,1,5,NULL,421,HOT0021,1,NULL,NULL,2,2,0,0,NULL,,0,0,2017090,2018-01-08 10:10:10
895,3,4,1,5,NULL,420,HOT0019,1,NULL,NULL,2,2,0,0,NULL,,0,0,2017090,2018-01-08 10:10:10
896,3,4,1,5,NULL,419,HOT0020,1,NULL,NULL,2,2,0,0,NULL,,0,0,2017090,2018-01-08 10:10:10
897,3,4,1,1,NULL,347,ARC2214,1,2114041,NULL,6,0,6,0,NULL,,0,0,2017090,2018-01-08 10:10:10
898,3,4,2,1,NULL,532,UNC0201,1,1014073,NULL,2,2,0,0,NULL,,0,0,2017090,2018-01-08 10:10:10
899,3,4,2,1,NULL,236,UNC0202,1,NULL,NULL,2,2,0,0,NULL,,0,0,2017090,2018-01-08 10:10:10
900,3,4,1,1,NULL,401,ARC2481,1,2117010,NULL,3,3,0,0,NULL,,0,0,2017090,2018-01-08 10:10:10
901,3,4,1,1,NULL,350,ARC2473,1,2317041,NULL,3,3,0,0,NULL,,0,0,2017090,2018-01-08 10:10:10
902,3,4,1,1,NULL,349,ARC2472,1,2114002,NULL,3,3,0,0,NULL,,0,0,2017090,2018-01-08 10:10:10
903,3,4,1,1,NULL,348,ARC2244,1,2114040,NULL,3,2,1,0,NULL,,0,0,2017090,2018-01-08 10:10:10
904,3,4,1,2,NULL,378,CEM2222,1,2217015,NULL,3,3,0,0,NULL,,0,0,2017090,2018-01-08 10:10:10
905,4,2,1,11,NULL,360,PDP1203,1,2415078,NULL,2,2,0,0,NULL,,0,0,2017090,2018-01-08 10:10:10
906,4,2,1,11,NULL,362,PDP1205,1,2417036,NULL,5,5,0,0,NULL,,0,0,2017090,2018-01-08 10:10:10
907,4,2,1,11,NULL,363,PDP1206,1,2417036,NULL,2,2,0,0,NULL,,0,0,2017090,2018-01-08 10:10:10
908,4,2,1,11,NULL,361,PDP1204,1,2416026,NULL,2,2,0,0,NULL,,0,0,2017090,2018-01-08 10:10:10
909,4,2,1,11,NULL,236,UNC0202,1,NULL,NULL,2,2,0,0,NULL,,0,0,2017090,2018-01-08 10:10:10
910,4,2,1,11,NULL,359,PDP1201,1,NULL,NULL,3,3,0,0,NULL,,0,0,2017090,2018-01-08 10:10:10
911,4,2,1,8,NULL,333,ENT1201,1,1117048,NULL,4,4,0,0,NULL,,0,0,2017090,2018-01-08 10:10:10
912,4,2,1,8,NULL,366,STE1204,1,2317041,NULL,3,3,0,0,NULL,,0,0,2017090,2018-01-08 10:10:10
913,4,2,1,8,NULL,367,STE1203,1,2316017,NULL,3,3,0,0,NULL,,0,0,2017090,2018-01-08 10:10:10
914,4,2,1,8,NULL,236,UNC0202,1,NULL,NULL,2,2,0,0,NULL,,0,0,2017090,2018-01-08 10:10:10
915,4,2,1,8,NULL,364,STE1201,1,2317041,NULL,3,3,0,0,NULL,,0,0,2017090,2018-01-08 10:10:10
916,4,2,1,8,NULL,368,ENG1201,1,NULL,NULL,2,2,0,0,NULL,,0,0,2017090,2018-01-08 10:10:10
917,4,2,1,8,NULL,365,STE1202,1,2315075,NULL,3,3,0,0,NULL,,0,0,2017090,2018-01-08 10:10:10
918,4,2,1,2,NULL,333,ENT1201,1,1117048,NULL,4,4,0,0,NULL,,0,0,2017090,2018-01-08 10:10:10
919,4,2,1,2,NULL,370,CEM1221,1,2217002,NULL,3,3,0,0,NULL,,0,0,2017090,2018-01-08 10:10:10
920,4,2,1,2,NULL,373,CEM1203,1,2217002,NULL,3,3,0,0,NULL,,0,0,2017090,2018-01-08 10:10:10
921,4,2,1,2,NULL,369,CEM1211,1,2217057,NULL,2,2,0,0,NULL,,0,0,2017090,2018-01-08 10:10:10
922,4,2,1,2,NULL,371,CEM1201,1,NULL,NULL,3,3,0,0,NULL,,0,0,2017090,2018-01-08 10:10:10
923,4,2,1,2,NULL,372,CEM1202,1,NULL,NULL,3,3,0,0,NULL,,0,0,2017090,2018-01-08 10:10:10
924,4,2,1,9,NULL,537,URP1202,1,2516018,NULL,3,3,0,0,NULL,,0,0,2017090,2018-01-08 10:10:10
925,4,2,1,9,NULL,333,ENT1201,1,1117048,NULL,4,4,0,0,NULL,,0,0,2017090,2018-01-08 10:10:10
926,4,2,1,9,NULL,538,URP1204,1,2516028,NULL,2,2,0,0,NULL,,0,0,2017090,2018-01-08 10:10:10
927,4,2,1,9,NULL,539,URP1201,1,2516037,NULL,2,2,0,0,NULL,,0,0,2017090,2018-01-08 10:10:10
928,4,2,1,9,NULL,236,UNC0202,1,3016009,NULL,2,2,0,0,NULL,,0,0,2017090,2018-01-08 10:10:10
929,4,2,1,9,NULL,540,URP1205,1,2516028,NULL,3,3,0,0,NULL,,0,0,2017090,2018-01-08 10:10:10
930,4,2,1,9,NULL,541,URP1203,1,2517042,NULL,3,3,0,0,NULL,,0,0,2017090,2018-01-08 10:10:10
931,4,2,1,10,NULL,333,ENT1201,1,1117048,NULL,4,4,0,0,NULL,,0,0,2017090,2018-01-08 10:10:10
932,4,2,1,10,NULL,358,ENV1204,1,2617083,NULL,2,2,0,0,NULL,,0,0,2017090,2018-01-08 10:10:10
933,4,2,1,10,NULL,236,UNC0202,1,3016009,NULL,2,2,0,0,NULL,,0,0,2017090,2018-01-08 10:10:10
934,4,2,1,10,NULL,357,ENV1203,1,NULL,NULL,3,3,0,0,NULL,,0,0,2017090,2018-01-08 10:10:10
935,4,2,1,10,NULL,355,ENV1201,1,NULL,NULL,3,3,0,0,NULL,,0,0,2017090,2018-01-08 10:10:10
936,4,2,1,10,NULL,356,ENV1202,1,2616002,NULL,3,3,0,0,NULL,,0,0,2017090,2018-01-08 10:10:10
937,4,2,1,10,NULL,532,UNC0201,1,1014073,NULL,2,2,0,0,NULL,,0,0,2017090,2018-01-08 10:10:10
938,4,2,1,5,NULL,110,PUN0004,1,NULL,NULL,4,4,0,0,NULL,,0,0,2017090,2018-01-08 10:10:10
939,4,2,1,5,NULL,118,HOT0008,1,NULL,NULL,2,2,0,0,NULL,,0,0,2017090,2018-01-08 10:10:10
940,4,2,1,5,NULL,119,HOT0009,1,NULL,NULL,2,2,0,0,NULL,,0,0,2017090,2018-01-08 10:10:10
941,4,2,1,5,NULL,124,HOT0014,1,NULL,NULL,2,2,0,0,NULL,,0,0,2017090,2018-01-08 10:10:10
942,4,2,1,5,NULL,125,HOT0015,1,NULL,NULL,2,2,0,0,NULL,,0,0,2017090,2018-01-08 10:10:10
943,4,2,1,5,NULL,122,HOT0012,1,NULL,NULL,2,2,0,0,NULL,,0,0,2017090,2018-01-08 10:10:10
944,4,2,1,5,NULL,123,HOT0013,1,NULL,NULL,2,2,0,0,NULL,,0,0,2017090,2018-01-08 10:10:10
945,4,2,1,5,NULL,120,HOT0010,1,NULL,NULL,2,2,0,0,NULL,,0,0,2017090,2018-01-08 10:10:10
946,4,2,1,5,NULL,121,HOT0011,1,NULL,NULL,2,2,0,0,NULL,,0,0,2017090,2018-01-08 10:10:10
947,4,2,1,1,NULL,343,ARC1212,1,2114041,NULL,6,0,6,0,NULL,,0,0,2017090,2018-01-08 10:10:10
948,4,2,1,1,NULL,345,ARC1232,1,2114041,NULL,3,3,0,0,NULL,,0,0,2017090,2018-01-08 10:10:10
949,4,2,1,1,NULL,344,ARC1222,1,2114045,NULL,3,2,1,0,NULL,,0,0,2017090,2018-01-08 10:10:10
950,4,2,1,1,NULL,333,ENT1201,1,1114080,NULL,4,4,0,0,NULL,,0,0,2017090,2018-01-08 10:10:10
951,4,2,1,1,NULL,346,ARC1242,1,2114002,NULL,3,2,1,0,NULL,,0,0,2017090,2018-01-08 10:10:10
